12-Nov-2024 08:46:28.790 INFO [main] org.apache.catalina.startup.VersionLoggerListener.log Nombre de la versión del servidor: Apache Tomcat/9.0.93
12-Nov-2024 08:46:28.799 INFO [main] org.apache.catalina.startup.VersionLoggerListener.log Server built:                      Aug 2 2024 21:24:59 UTC
12-Nov-2024 08:46:28.800 INFO [main] org.apache.catalina.startup.VersionLoggerListener.log Número de versión de servidor:     9.0.93.0
12-Nov-2024 08:46:28.800 INFO [main] org.apache.catalina.startup.VersionLoggerListener.log OS Name:                           Windows 11
12-Nov-2024 08:46:28.800 INFO [main] org.apache.catalina.startup.VersionLoggerListener.log Versión de Systema Operativo:      10.0
12-Nov-2024 08:46:28.800 INFO [main] org.apache.catalina.startup.VersionLoggerListener.log Arquitectura:                      amd64
12-Nov-2024 08:46:28.801 INFO [main] org.apache.catalina.startup.VersionLoggerListener.log Java Home:                         C:\Program Files\Java\jdk-17
12-Nov-2024 08:46:28.801 INFO [main] org.apache.catalina.startup.VersionLoggerListener.log JVM Version:                       17.0.10+11-LTS-240
12-Nov-2024 08:46:28.801 INFO [main] org.apache.catalina.startup.VersionLoggerListener.log Vededor JVM:                       Oracle Corporation
12-Nov-2024 08:46:28.801 INFO [main] org.apache.catalina.startup.VersionLoggerListener.log CATALINA_BASE:                     C:\AS232S3_T03-be\T03_BodegaLaEsquinita_P
12-Nov-2024 08:46:28.801 INFO [main] org.apache.catalina.startup.VersionLoggerListener.log CATALINA_HOME:                     C:\ValleGrande\IntelliJ\apache-tomcat-9.0.93
12-Nov-2024 08:46:28.830 INFO [main] org.apache.catalina.startup.VersionLoggerListener.log Command line argument:             --add-opens=java.base/java.lang=ALL-UNNAMED
12-Nov-2024 08:46:28.830 INFO [main] org.apache.catalina.startup.VersionLoggerListener.log Command line argument:             --add-opens=java.base/java.io=ALL-UNNAMED
12-Nov-2024 08:46:28.831 INFO [main] org.apache.catalina.startup.VersionLoggerListener.log Command line argument:             --add-opens=java.base/java.util=ALL-UNNAMED
12-Nov-2024 08:46:28.831 INFO [main] org.apache.catalina.startup.VersionLoggerListener.log Command line argument:             --add-opens=java.base/java.util.concurrent=ALL-UNNAMED
12-Nov-2024 08:46:28.831 INFO [main] org.apache.catalina.startup.VersionLoggerListener.log Command line argument:             --add-opens=java.rmi/sun.rmi.transport=ALL-UNNAMED
12-Nov-2024 08:46:28.831 INFO [main] org.apache.catalina.startup.VersionLoggerListener.log Command line argument:             -Dcatalina.home=C:\ValleGrande\IntelliJ\apache-tomcat-9.0.93
12-Nov-2024 08:46:28.831 INFO [main] org.apache.catalina.startup.VersionLoggerListener.log Command line argument:             -Dcatalina.base=C:\AS232S3_T03-be\T03_BodegaLaEsquinita_P
12-Nov-2024 08:46:28.831 INFO [main] org.apache.catalina.startup.VersionLoggerListener.log Command line argument:             -Djava.io.tmpdir=C:\AS232S3_T03-be\T03_BodegaLaEsquinita_P\temp
12-Nov-2024 08:46:28.832 INFO [main] org.apache.catalina.startup.VersionLoggerListener.log Command line argument:             -Djava.util.logging.config.file=C:\AS232S3_T03-be\T03_BodegaLaEsquinita_P\conf\logging.properties
12-Nov-2024 08:46:28.832 INFO [main] org.apache.catalina.startup.VersionLoggerListener.log Command line argument:             -Djava.util.logging.manager=org.apache.juli.ClassLoaderLogManager
12-Nov-2024 08:46:28.833 INFO [main] org.apache.catalina.startup.VersionLoggerListener.log Command line argument:             -javaagent:C:\Program Files\JetBrains\IntelliJ IDEA 2024.2.1\lib\idea_rt.jar=53527:C:\Program Files\JetBrains\IntelliJ IDEA 2024.2.1\bin
12-Nov-2024 08:46:28.833 INFO [main] org.apache.catalina.startup.VersionLoggerListener.log Command line argument:             -Dfile.encoding=UTF-8
12-Nov-2024 08:46:28.928 INFO [main] org.apache.catalina.core.AprLifecycleListener.lifecycleEvent Cargada la biblioteca nativa APR de Apache Tomcat [1.3.1] con la versión APR [1.7.4].
12-Nov-2024 08:46:28.933 INFO [main] org.apache.catalina.core.AprLifecycleListener.lifecycleEvent Capacidades APR: IPv6 [true], enviar fichero [true], aceptar filtros [false], aleatorio [true], UDS [true].
12-Nov-2024 08:46:28.933 INFO [main] org.apache.catalina.core.AprLifecycleListener.lifecycleEvent APR/OpenSSL configuration: useAprConnector [false], useOpenSSL [true]
12-Nov-2024 08:46:28.959 INFO [main] org.apache.catalina.core.AprLifecycleListener.initializeSSL OpenSSL inicializado correctamente [OpenSSL 3.0.14 4 Jun 2024]
12-Nov-2024 08:46:29.504 INFO [main] org.apache.coyote.AbstractProtocol.init Inicializando el manejador de protocolo ["http-nio-8080"]

12-Nov-2024 08:46:29.542 INFO [main] org.apache.catalina.startup.Catalina.load Server initialization in [1306] milliseconds
12-Nov-2024 08:46:29.645 INFO [main] org.apache.catalina.core.StandardService.startInternal Arrancando servicio [Catalina]
12-Nov-2024 08:46:29.646 INFO [main] org.apache.catalina.core.StandardEngine.startInternal Starting Servlet engine: [Apache Tomcat/9.0.93]
12-Nov-2024 08:46:29.669 INFO [main] org.apache.catalina.startup.HostConfig.deployDescriptor Desplieque del descriptor de configuración [C:\AS232S3_T03-be\T03_BodegaLaEsquinita_P\conf\Catalina\localhost\T03_BodegaLaEsquinita_P.xml]
12-Nov-2024 08:46:34.978 INFO [main] org.apache.jasper.servlet.TldScanner.scanJars Al menos un JAR, que se ha explorado buscando TLDs, aún no contenía TLDs. Activar historial de depuración para este historiador para una completa lista de los JARs que fueron explorados y de los que nos se halló TLDs. Saltarse JARs no necesarios durante la exploración puede dar lugar a una mejora de tiempo significativa en el arranque y compilación de JSP .
12-Nov-2024 08:46:35.568 INFO [main] org.apache.catalina.startup.HostConfig.deployDescriptor Deployment of deployment descriptor [C:\AS232S3_T03-be\T03_BodegaLaEsquinita_P\conf\Catalina\localhost\T03_BodegaLaEsquinita_P.xml] has finished in [5.900] ms
12-Nov-2024 08:46:35.582 INFO [main] org.apache.coyote.AbstractProtocol.start Starting ProtocolHandler ["http-nio-8080"]
12-Nov-2024 08:46:35.783 INFO [main] org.apache.catalina.startup.Catalina.start Server startup in [6242] milliseconds
12-Nov-2024 08:51:21.635 INFO [Thread-1] org.apache.coyote.AbstractProtocol.pause Pausing ProtocolHandler ["http-nio-8080"]
12-Nov-2024 08:51:22.159 INFO [Thread-1] org.apache.catalina.core.StandardService.stopInternal Parando servicio [Catalina]
12-Nov-2024 08:51:22.929 WARNING [Thread-1] org.apache.catalina.loader.WebappClassLoaderBase.clearReferencesJdbc La aplicación web [T03_BodegaLaEsquinita_P] registró el conductor JDBC [com.microsoft.sqlserver.jdbc.SQLServerDriver] pero falló al anular el registro mientras la aplicación web estaba parada. Para prevenir un fallo de memoria, se ha anulado el registro del conductor JDBC por la fuerza.
12-Nov-2024 08:51:23.165 INFO [Thread-1] org.apache.coyote.AbstractProtocol.stop Stopping ProtocolHandler ["http-nio-8080"]
12-Nov-2024 08:51:23.227 INFO [Thread-1] org.apache.coyote.AbstractProtocol.destroy Destroying ProtocolHandler ["http-nio-8080"]
12-Nov-2024 08:51:33.489 INFO [main] org.apache.catalina.startup.VersionLoggerListener.log Nombre de la versión del servidor: Apache Tomcat/9.0.93
12-Nov-2024 08:51:33.498 INFO [main] org.apache.catalina.startup.VersionLoggerListener.log Server built:                      Aug 2 2024 21:24:59 UTC
12-Nov-2024 08:51:33.499 INFO [main] org.apache.catalina.startup.VersionLoggerListener.log Número de versión de servidor:     9.0.93.0
12-Nov-2024 08:51:33.499 INFO [main] org.apache.catalina.startup.VersionLoggerListener.log OS Name:                           Windows 11
12-Nov-2024 08:51:33.499 INFO [main] org.apache.catalina.startup.VersionLoggerListener.log Versión de Systema Operativo:      10.0
12-Nov-2024 08:51:33.499 INFO [main] org.apache.catalina.startup.VersionLoggerListener.log Arquitectura:                      amd64
12-Nov-2024 08:51:33.501 INFO [main] org.apache.catalina.startup.VersionLoggerListener.log Java Home:                         C:\Program Files\Java\jdk-17
12-Nov-2024 08:51:33.502 INFO [main] org.apache.catalina.startup.VersionLoggerListener.log JVM Version:                       17.0.10+11-LTS-240
12-Nov-2024 08:51:33.503 INFO [main] org.apache.catalina.startup.VersionLoggerListener.log Vededor JVM:                       Oracle Corporation
12-Nov-2024 08:51:33.503 INFO [main] org.apache.catalina.startup.VersionLoggerListener.log CATALINA_BASE:                     C:\AS232S3_T03-be\T03_BodegaLaEsquinita_P
12-Nov-2024 08:51:33.503 INFO [main] org.apache.catalina.startup.VersionLoggerListener.log CATALINA_HOME:                     C:\ValleGrande\IntelliJ\apache-tomcat-9.0.93
12-Nov-2024 08:51:33.534 INFO [main] org.apache.catalina.startup.VersionLoggerListener.log Command line argument:             --add-opens=java.base/java.lang=ALL-UNNAMED
12-Nov-2024 08:51:33.534 INFO [main] org.apache.catalina.startup.VersionLoggerListener.log Command line argument:             --add-opens=java.base/java.io=ALL-UNNAMED
12-Nov-2024 08:51:33.534 INFO [main] org.apache.catalina.startup.VersionLoggerListener.log Command line argument:             --add-opens=java.base/java.util=ALL-UNNAMED
12-Nov-2024 08:51:33.534 INFO [main] org.apache.catalina.startup.VersionLoggerListener.log Command line argument:             --add-opens=java.base/java.util.concurrent=ALL-UNNAMED
12-Nov-2024 08:51:33.534 INFO [main] org.apache.catalina.startup.VersionLoggerListener.log Command line argument:             --add-opens=java.rmi/sun.rmi.transport=ALL-UNNAMED
12-Nov-2024 08:51:33.535 INFO [main] org.apache.catalina.startup.VersionLoggerListener.log Command line argument:             -Dcatalina.home=C:\ValleGrande\IntelliJ\apache-tomcat-9.0.93
12-Nov-2024 08:51:33.535 INFO [main] org.apache.catalina.startup.VersionLoggerListener.log Command line argument:             -Dcatalina.base=C:\AS232S3_T03-be\T03_BodegaLaEsquinita_P
12-Nov-2024 08:51:33.535 INFO [main] org.apache.catalina.startup.VersionLoggerListener.log Command line argument:             -Djava.io.tmpdir=C:\AS232S3_T03-be\T03_BodegaLaEsquinita_P\temp
12-Nov-2024 08:51:33.535 INFO [main] org.apache.catalina.startup.VersionLoggerListener.log Command line argument:             -Djava.util.logging.config.file=C:\AS232S3_T03-be\T03_BodegaLaEsquinita_P\conf\logging.properties
12-Nov-2024 08:51:33.535 INFO [main] org.apache.catalina.startup.VersionLoggerListener.log Command line argument:             -Djava.util.logging.manager=org.apache.juli.ClassLoaderLogManager
12-Nov-2024 08:51:33.535 INFO [main] org.apache.catalina.startup.VersionLoggerListener.log Command line argument:             -javaagent:C:\Program Files\JetBrains\IntelliJ IDEA 2024.2.1\lib\idea_rt.jar=53727:C:\Program Files\JetBrains\IntelliJ IDEA 2024.2.1\bin
12-Nov-2024 08:51:33.535 INFO [main] org.apache.catalina.startup.VersionLoggerListener.log Command line argument:             -Dfile.encoding=UTF-8
12-Nov-2024 08:51:33.558 INFO [main] org.apache.catalina.core.AprLifecycleListener.lifecycleEvent Cargada la biblioteca nativa APR de Apache Tomcat [1.3.1] con la versión APR [1.7.4].
12-Nov-2024 08:51:33.558 INFO [main] org.apache.catalina.core.AprLifecycleListener.lifecycleEvent Capacidades APR: IPv6 [true], enviar fichero [true], aceptar filtros [false], aleatorio [true], UDS [true].
12-Nov-2024 08:51:33.559 INFO [main] org.apache.catalina.core.AprLifecycleListener.lifecycleEvent APR/OpenSSL configuration: useAprConnector [false], useOpenSSL [true]
12-Nov-2024 08:51:33.595 INFO [main] org.apache.catalina.core.AprLifecycleListener.initializeSSL OpenSSL inicializado correctamente [OpenSSL 3.0.14 4 Jun 2024]
12-Nov-2024 08:51:34.189 INFO [main] org.apache.coyote.AbstractProtocol.init Inicializando el manejador de protocolo ["http-nio-8080"]

12-Nov-2024 08:51:34.228 INFO [main] org.apache.catalina.startup.Catalina.load Server initialization in [1287] milliseconds
12-Nov-2024 08:51:34.329 INFO [main] org.apache.catalina.core.StandardService.startInternal Arrancando servicio [Catalina]
12-Nov-2024 08:51:34.329 INFO [main] org.apache.catalina.core.StandardEngine.startInternal Starting Servlet engine: [Apache Tomcat/9.0.93]
12-Nov-2024 08:51:34.351 INFO [main] org.apache.catalina.startup.HostConfig.deployDescriptor Desplieque del descriptor de configuración [C:\AS232S3_T03-be\T03_BodegaLaEsquinita_P\conf\Catalina\localhost\T03_BodegaLaEsquinita_P.xml]
12-Nov-2024 08:51:39.462 INFO [main] org.apache.jasper.servlet.TldScanner.scanJars Al menos un JAR, que se ha explorado buscando TLDs, aún no contenía TLDs. Activar historial de depuración para este historiador para una completa lista de los JARs que fueron explorados y de los que nos se halló TLDs. Saltarse JARs no necesarios durante la exploración puede dar lugar a una mejora de tiempo significativa en el arranque y compilación de JSP .
12-Nov-2024 08:51:39.806 INFO [main] org.apache.catalina.startup.HostConfig.deployDescriptor Deployment of deployment descriptor [C:\AS232S3_T03-be\T03_BodegaLaEsquinita_P\conf\Catalina\localhost\T03_BodegaLaEsquinita_P.xml] has finished in [5.455] ms
12-Nov-2024 08:51:39.815 INFO [main] org.apache.coyote.AbstractProtocol.start Starting ProtocolHandler ["http-nio-8080"]
12-Nov-2024 08:51:39.886 INFO [main] org.apache.catalina.startup.Catalina.start Server startup in [5657] milliseconds
12-Nov-2024 08:56:13.809 INFO [Thread-1] org.apache.coyote.AbstractProtocol.pause Pausing ProtocolHandler ["http-nio-8080"]
12-Nov-2024 08:56:14.479 INFO [Thread-1] org.apache.catalina.core.StandardService.stopInternal Parando servicio [Catalina]
12-Nov-2024 08:56:14.845 WARNING [Thread-1] org.apache.catalina.loader.WebappClassLoaderBase.clearReferencesJdbc La aplicación web [T03_BodegaLaEsquinita_P] registró el conductor JDBC [com.microsoft.sqlserver.jdbc.SQLServerDriver] pero falló al anular el registro mientras la aplicación web estaba parada. Para prevenir un fallo de memoria, se ha anulado el registro del conductor JDBC por la fuerza.
12-Nov-2024 08:56:14.939 INFO [Thread-1] org.apache.coyote.AbstractProtocol.stop Stopping ProtocolHandler ["http-nio-8080"]
12-Nov-2024 08:56:14.969 INFO [Thread-1] org.apache.coyote.AbstractProtocol.destroy Destroying ProtocolHandler ["http-nio-8080"]
12-Nov-2024 08:56:25.048 INFO [main] org.apache.catalina.startup.VersionLoggerListener.log Nombre de la versión del servidor: Apache Tomcat/9.0.93
12-Nov-2024 08:56:25.075 INFO [main] org.apache.catalina.startup.VersionLoggerListener.log Server built:                      Aug 2 2024 21:24:59 UTC
12-Nov-2024 08:56:25.079 INFO [main] org.apache.catalina.startup.VersionLoggerListener.log Número de versión de servidor:     9.0.93.0
12-Nov-2024 08:56:25.079 INFO [main] org.apache.catalina.startup.VersionLoggerListener.log OS Name:                           Windows 11
12-Nov-2024 08:56:25.079 INFO [main] org.apache.catalina.startup.VersionLoggerListener.log Versión de Systema Operativo:      10.0
12-Nov-2024 08:56:25.080 INFO [main] org.apache.catalina.startup.VersionLoggerListener.log Arquitectura:                      amd64
12-Nov-2024 08:56:25.080 INFO [main] org.apache.catalina.startup.VersionLoggerListener.log Java Home:                         C:\Program Files\Java\jdk-17
12-Nov-2024 08:56:25.080 INFO [main] org.apache.catalina.startup.VersionLoggerListener.log JVM Version:                       17.0.10+11-LTS-240
12-Nov-2024 08:56:25.081 INFO [main] org.apache.catalina.startup.VersionLoggerListener.log Vededor JVM:                       Oracle Corporation
12-Nov-2024 08:56:25.081 INFO [main] org.apache.catalina.startup.VersionLoggerListener.log CATALINA_BASE:                     C:\AS232S3_T03-be\T03_BodegaLaEsquinita_P
12-Nov-2024 08:56:25.081 INFO [main] org.apache.catalina.startup.VersionLoggerListener.log CATALINA_HOME:                     C:\ValleGrande\IntelliJ\apache-tomcat-9.0.93
12-Nov-2024 08:56:25.128 INFO [main] org.apache.catalina.startup.VersionLoggerListener.log Command line argument:             --add-opens=java.base/java.lang=ALL-UNNAMED
12-Nov-2024 08:56:25.128 INFO [main] org.apache.catalina.startup.VersionLoggerListener.log Command line argument:             --add-opens=java.base/java.io=ALL-UNNAMED
12-Nov-2024 08:56:25.129 INFO [main] org.apache.catalina.startup.VersionLoggerListener.log Command line argument:             --add-opens=java.base/java.util=ALL-UNNAMED
12-Nov-2024 08:56:25.129 INFO [main] org.apache.catalina.startup.VersionLoggerListener.log Command line argument:             --add-opens=java.base/java.util.concurrent=ALL-UNNAMED
12-Nov-2024 08:56:25.129 INFO [main] org.apache.catalina.startup.VersionLoggerListener.log Command line argument:             --add-opens=java.rmi/sun.rmi.transport=ALL-UNNAMED
12-Nov-2024 08:56:25.129 INFO [main] org.apache.catalina.startup.VersionLoggerListener.log Command line argument:             -Dcatalina.home=C:\ValleGrande\IntelliJ\apache-tomcat-9.0.93
12-Nov-2024 08:56:25.129 INFO [main] org.apache.catalina.startup.VersionLoggerListener.log Command line argument:             -Dcatalina.base=C:\AS232S3_T03-be\T03_BodegaLaEsquinita_P
12-Nov-2024 08:56:25.129 INFO [main] org.apache.catalina.startup.VersionLoggerListener.log Command line argument:             -Djava.io.tmpdir=C:\AS232S3_T03-be\T03_BodegaLaEsquinita_P\temp
12-Nov-2024 08:56:25.129 INFO [main] org.apache.catalina.startup.VersionLoggerListener.log Command line argument:             -Djava.util.logging.config.file=C:\AS232S3_T03-be\T03_BodegaLaEsquinita_P\conf\logging.properties
12-Nov-2024 08:56:25.129 INFO [main] org.apache.catalina.startup.VersionLoggerListener.log Command line argument:             -Djava.util.logging.manager=org.apache.juli.ClassLoaderLogManager
12-Nov-2024 08:56:25.129 INFO [main] org.apache.catalina.startup.VersionLoggerListener.log Command line argument:             -javaagent:C:\Program Files\JetBrains\IntelliJ IDEA 2024.2.1\lib\idea_rt.jar=53824:C:\Program Files\JetBrains\IntelliJ IDEA 2024.2.1\bin
12-Nov-2024 08:56:25.129 INFO [main] org.apache.catalina.startup.VersionLoggerListener.log Command line argument:             -Dfile.encoding=UTF-8
12-Nov-2024 08:56:25.148 INFO [main] org.apache.catalina.core.AprLifecycleListener.lifecycleEvent Cargada la biblioteca nativa APR de Apache Tomcat [1.3.1] con la versión APR [1.7.4].
12-Nov-2024 08:56:25.149 INFO [main] org.apache.catalina.core.AprLifecycleListener.lifecycleEvent Capacidades APR: IPv6 [true], enviar fichero [true], aceptar filtros [false], aleatorio [true], UDS [true].
12-Nov-2024 08:56:25.150 INFO [main] org.apache.catalina.core.AprLifecycleListener.lifecycleEvent APR/OpenSSL configuration: useAprConnector [false], useOpenSSL [true]
12-Nov-2024 08:56:25.189 INFO [main] org.apache.catalina.core.AprLifecycleListener.initializeSSL OpenSSL inicializado correctamente [OpenSSL 3.0.14 4 Jun 2024]
12-Nov-2024 08:56:25.826 INFO [main] org.apache.coyote.AbstractProtocol.init Inicializando el manejador de protocolo ["http-nio-8080"]

12-Nov-2024 08:56:25.881 INFO [main] org.apache.catalina.startup.Catalina.load Server initialization in [1460] milliseconds
12-Nov-2024 08:56:25.997 INFO [main] org.apache.catalina.core.StandardService.startInternal Arrancando servicio [Catalina]
12-Nov-2024 08:56:25.997 INFO [main] org.apache.catalina.core.StandardEngine.startInternal Starting Servlet engine: [Apache Tomcat/9.0.93]
12-Nov-2024 08:56:26.021 INFO [main] org.apache.catalina.startup.HostConfig.deployDescriptor Desplieque del descriptor de configuración [C:\AS232S3_T03-be\T03_BodegaLaEsquinita_P\conf\Catalina\localhost\T03_BodegaLaEsquinita_P.xml]
12-Nov-2024 08:56:31.583 INFO [main] org.apache.jasper.servlet.TldScanner.scanJars Al menos un JAR, que se ha explorado buscando TLDs, aún no contenía TLDs. Activar historial de depuración para este historiador para una completa lista de los JARs que fueron explorados y de los que nos se halló TLDs. Saltarse JARs no necesarios durante la exploración puede dar lugar a una mejora de tiempo significativa en el arranque y compilación de JSP .
12-Nov-2024 08:56:31.985 INFO [main] org.apache.catalina.startup.HostConfig.deployDescriptor Deployment of deployment descriptor [C:\AS232S3_T03-be\T03_BodegaLaEsquinita_P\conf\Catalina\localhost\T03_BodegaLaEsquinita_P.xml] has finished in [5.964] ms
12-Nov-2024 08:56:31.993 INFO [main] org.apache.coyote.AbstractProtocol.start Starting ProtocolHandler ["http-nio-8080"]
12-Nov-2024 08:56:32.065 INFO [main] org.apache.catalina.startup.Catalina.start Server startup in [6183] milliseconds
12-Nov-2024 09:08:39.439 INFO [Thread-1] org.apache.coyote.AbstractProtocol.pause Pausing ProtocolHandler ["http-nio-8080"]
12-Nov-2024 09:08:39.851 INFO [Thread-1] org.apache.catalina.core.StandardService.stopInternal Parando servicio [Catalina]
12-Nov-2024 09:08:40.229 WARNING [Thread-1] org.apache.catalina.loader.WebappClassLoaderBase.clearReferencesJdbc La aplicación web [T03_BodegaLaEsquinita_P] registró el conductor JDBC [com.microsoft.sqlserver.jdbc.SQLServerDriver] pero falló al anular el registro mientras la aplicación web estaba parada. Para prevenir un fallo de memoria, se ha anulado el registro del conductor JDBC por la fuerza.
12-Nov-2024 09:08:40.327 INFO [Thread-1] org.apache.coyote.AbstractProtocol.stop Stopping ProtocolHandler ["http-nio-8080"]
12-Nov-2024 09:08:40.357 INFO [Thread-1] org.apache.coyote.AbstractProtocol.destroy Destroying ProtocolHandler ["http-nio-8080"]
12-Nov-2024 09:08:48.338 INFO [main] org.apache.catalina.startup.VersionLoggerListener.log Nombre de la versión del servidor: Apache Tomcat/9.0.93
12-Nov-2024 09:08:48.347 INFO [main] org.apache.catalina.startup.VersionLoggerListener.log Server built:                      Aug 2 2024 21:24:59 UTC
12-Nov-2024 09:08:48.347 INFO [main] org.apache.catalina.startup.VersionLoggerListener.log Número de versión de servidor:     9.0.93.0
12-Nov-2024 09:08:48.347 INFO [main] org.apache.catalina.startup.VersionLoggerListener.log OS Name:                           Windows 11
12-Nov-2024 09:08:48.348 INFO [main] org.apache.catalina.startup.VersionLoggerListener.log Versión de Systema Operativo:      10.0
12-Nov-2024 09:08:48.348 INFO [main] org.apache.catalina.startup.VersionLoggerListener.log Arquitectura:                      amd64
12-Nov-2024 09:08:48.348 INFO [main] org.apache.catalina.startup.VersionLoggerListener.log Java Home:                         C:\Program Files\Java\jdk-17
12-Nov-2024 09:08:48.349 INFO [main] org.apache.catalina.startup.VersionLoggerListener.log JVM Version:                       17.0.10+11-LTS-240
12-Nov-2024 09:08:48.349 INFO [main] org.apache.catalina.startup.VersionLoggerListener.log Vededor JVM:                       Oracle Corporation
12-Nov-2024 09:08:48.349 INFO [main] org.apache.catalina.startup.VersionLoggerListener.log CATALINA_BASE:                     C:\AS232S3_T03-be\T03_BodegaLaEsquinita_P
12-Nov-2024 09:08:48.349 INFO [main] org.apache.catalina.startup.VersionLoggerListener.log CATALINA_HOME:                     C:\ValleGrande\IntelliJ\apache-tomcat-9.0.93
12-Nov-2024 09:08:48.364 INFO [main] org.apache.catalina.startup.VersionLoggerListener.log Command line argument:             --add-opens=java.base/java.lang=ALL-UNNAMED
12-Nov-2024 09:08:48.364 INFO [main] org.apache.catalina.startup.VersionLoggerListener.log Command line argument:             --add-opens=java.base/java.io=ALL-UNNAMED
12-Nov-2024 09:08:48.364 INFO [main] org.apache.catalina.startup.VersionLoggerListener.log Command line argument:             --add-opens=java.base/java.util=ALL-UNNAMED
12-Nov-2024 09:08:48.365 INFO [main] org.apache.catalina.startup.VersionLoggerListener.log Command line argument:             --add-opens=java.base/java.util.concurrent=ALL-UNNAMED
12-Nov-2024 09:08:48.365 INFO [main] org.apache.catalina.startup.VersionLoggerListener.log Command line argument:             --add-opens=java.rmi/sun.rmi.transport=ALL-UNNAMED
12-Nov-2024 09:08:48.365 INFO [main] org.apache.catalina.startup.VersionLoggerListener.log Command line argument:             -Dcatalina.home=C:\ValleGrande\IntelliJ\apache-tomcat-9.0.93
12-Nov-2024 09:08:48.365 INFO [main] org.apache.catalina.startup.VersionLoggerListener.log Command line argument:             -Dcatalina.base=C:\AS232S3_T03-be\T03_BodegaLaEsquinita_P
12-Nov-2024 09:08:48.365 INFO [main] org.apache.catalina.startup.VersionLoggerListener.log Command line argument:             -Djava.io.tmpdir=C:\AS232S3_T03-be\T03_BodegaLaEsquinita_P\temp
12-Nov-2024 09:08:48.365 INFO [main] org.apache.catalina.startup.VersionLoggerListener.log Command line argument:             -Djava.util.logging.config.file=C:\AS232S3_T03-be\T03_BodegaLaEsquinita_P\conf\logging.properties
12-Nov-2024 09:08:48.366 INFO [main] org.apache.catalina.startup.VersionLoggerListener.log Command line argument:             -Djava.util.logging.manager=org.apache.juli.ClassLoaderLogManager
12-Nov-2024 09:08:48.366 INFO [main] org.apache.catalina.startup.VersionLoggerListener.log Command line argument:             -javaagent:C:\Program Files\JetBrains\IntelliJ IDEA 2024.2.1\lib\idea_rt.jar=63743:C:\Program Files\JetBrains\IntelliJ IDEA 2024.2.1\bin
12-Nov-2024 09:08:48.366 INFO [main] org.apache.catalina.startup.VersionLoggerListener.log Command line argument:             -Dfile.encoding=UTF-8
12-Nov-2024 09:08:48.379 INFO [main] org.apache.catalina.core.AprLifecycleListener.lifecycleEvent Cargada la biblioteca nativa APR de Apache Tomcat [1.3.1] con la versión APR [1.7.4].
12-Nov-2024 09:08:48.379 INFO [main] org.apache.catalina.core.AprLifecycleListener.lifecycleEvent Capacidades APR: IPv6 [true], enviar fichero [true], aceptar filtros [false], aleatorio [true], UDS [true].
12-Nov-2024 09:08:48.379 INFO [main] org.apache.catalina.core.AprLifecycleListener.lifecycleEvent APR/OpenSSL configuration: useAprConnector [false], useOpenSSL [true]
12-Nov-2024 09:08:48.410 INFO [main] org.apache.catalina.core.AprLifecycleListener.initializeSSL OpenSSL inicializado correctamente [OpenSSL 3.0.14 4 Jun 2024]
12-Nov-2024 09:08:48.949 INFO [main] org.apache.coyote.AbstractProtocol.init Inicializando el manejador de protocolo ["http-nio-8080"]

12-Nov-2024 09:08:48.994 INFO [main] org.apache.catalina.startup.Catalina.load Server initialization in [1197] milliseconds
12-Nov-2024 09:08:49.123 INFO [main] org.apache.catalina.core.StandardService.startInternal Arrancando servicio [Catalina]
12-Nov-2024 09:08:49.124 INFO [main] org.apache.catalina.core.StandardEngine.startInternal Starting Servlet engine: [Apache Tomcat/9.0.93]
12-Nov-2024 09:08:49.151 INFO [main] org.apache.catalina.startup.HostConfig.deployDescriptor Desplieque del descriptor de configuración [C:\AS232S3_T03-be\T03_BodegaLaEsquinita_P\conf\Catalina\localhost\T03_BodegaLaEsquinita_P.xml]
12-Nov-2024 09:08:56.393 INFO [main] org.apache.jasper.servlet.TldScanner.scanJars Al menos un JAR, que se ha explorado buscando TLDs, aún no contenía TLDs. Activar historial de depuración para este historiador para una completa lista de los JARs que fueron explorados y de los que nos se halló TLDs. Saltarse JARs no necesarios durante la exploración puede dar lugar a una mejora de tiempo significativa en el arranque y compilación de JSP .
12-Nov-2024 09:08:57.051 INFO [main] org.apache.catalina.startup.HostConfig.deployDescriptor Deployment of deployment descriptor [C:\AS232S3_T03-be\T03_BodegaLaEsquinita_P\conf\Catalina\localhost\T03_BodegaLaEsquinita_P.xml] has finished in [7.899] ms
12-Nov-2024 09:08:57.065 INFO [main] org.apache.coyote.AbstractProtocol.start Starting ProtocolHandler ["http-nio-8080"]
12-Nov-2024 09:08:57.207 INFO [main] org.apache.catalina.startup.Catalina.start Server startup in [8212] milliseconds
12-Nov-2024 09:15:02.445 INFO [Thread-1] org.apache.coyote.AbstractProtocol.pause Pausing ProtocolHandler ["http-nio-8080"]
12-Nov-2024 09:15:02.911 INFO [Thread-1] org.apache.catalina.core.StandardService.stopInternal Parando servicio [Catalina]
12-Nov-2024 09:15:03.168 WARNING [Thread-1] org.apache.catalina.loader.WebappClassLoaderBase.clearReferencesJdbc La aplicación web [T03_BodegaLaEsquinita_P] registró el conductor JDBC [com.microsoft.sqlserver.jdbc.SQLServerDriver] pero falló al anular el registro mientras la aplicación web estaba parada. Para prevenir un fallo de memoria, se ha anulado el registro del conductor JDBC por la fuerza.
12-Nov-2024 09:15:03.252 INFO [Thread-1] org.apache.coyote.AbstractProtocol.stop Stopping ProtocolHandler ["http-nio-8080"]
12-Nov-2024 09:15:03.283 INFO [Thread-1] org.apache.coyote.AbstractProtocol.destroy Destroying ProtocolHandler ["http-nio-8080"]
12-Nov-2024 09:15:26.697 INFO [main] org.apache.catalina.startup.VersionLoggerListener.log Nombre de la versión del servidor: Apache Tomcat/9.0.93
12-Nov-2024 09:15:26.710 INFO [main] org.apache.catalina.startup.VersionLoggerListener.log Server built:                      Aug 2 2024 21:24:59 UTC
12-Nov-2024 09:15:26.711 INFO [main] org.apache.catalina.startup.VersionLoggerListener.log Número de versión de servidor:     9.0.93.0
12-Nov-2024 09:15:26.711 INFO [main] org.apache.catalina.startup.VersionLoggerListener.log OS Name:                           Windows 11
12-Nov-2024 09:15:26.712 INFO [main] org.apache.catalina.startup.VersionLoggerListener.log Versión de Systema Operativo:      10.0
12-Nov-2024 09:15:26.712 INFO [main] org.apache.catalina.startup.VersionLoggerListener.log Arquitectura:                      amd64
12-Nov-2024 09:15:26.712 INFO [main] org.apache.catalina.startup.VersionLoggerListener.log Java Home:                         C:\Program Files\Java\jdk-17
12-Nov-2024 09:15:26.712 INFO [main] org.apache.catalina.startup.VersionLoggerListener.log JVM Version:                       17.0.10+11-LTS-240
12-Nov-2024 09:15:26.712 INFO [main] org.apache.catalina.startup.VersionLoggerListener.log Vededor JVM:                       Oracle Corporation
12-Nov-2024 09:15:26.712 INFO [main] org.apache.catalina.startup.VersionLoggerListener.log CATALINA_BASE:                     C:\AS232S3_T03-be\T03_BodegaLaEsquinita_P
12-Nov-2024 09:15:26.713 INFO [main] org.apache.catalina.startup.VersionLoggerListener.log CATALINA_HOME:                     C:\ValleGrande\IntelliJ\apache-tomcat-9.0.93
12-Nov-2024 09:15:26.740 INFO [main] org.apache.catalina.startup.VersionLoggerListener.log Command line argument:             --add-opens=java.base/java.lang=ALL-UNNAMED
12-Nov-2024 09:15:26.742 INFO [main] org.apache.catalina.startup.VersionLoggerListener.log Command line argument:             --add-opens=java.base/java.io=ALL-UNNAMED
12-Nov-2024 09:15:26.742 INFO [main] org.apache.catalina.startup.VersionLoggerListener.log Command line argument:             --add-opens=java.base/java.util=ALL-UNNAMED
12-Nov-2024 09:15:26.742 INFO [main] org.apache.catalina.startup.VersionLoggerListener.log Command line argument:             --add-opens=java.base/java.util.concurrent=ALL-UNNAMED
12-Nov-2024 09:15:26.742 INFO [main] org.apache.catalina.startup.VersionLoggerListener.log Command line argument:             --add-opens=java.rmi/sun.rmi.transport=ALL-UNNAMED
12-Nov-2024 09:15:26.742 INFO [main] org.apache.catalina.startup.VersionLoggerListener.log Command line argument:             -Dcatalina.home=C:\ValleGrande\IntelliJ\apache-tomcat-9.0.93
12-Nov-2024 09:15:26.742 INFO [main] org.apache.catalina.startup.VersionLoggerListener.log Command line argument:             -Dcatalina.base=C:\AS232S3_T03-be\T03_BodegaLaEsquinita_P
12-Nov-2024 09:15:26.743 INFO [main] org.apache.catalina.startup.VersionLoggerListener.log Command line argument:             -Djava.io.tmpdir=C:\AS232S3_T03-be\T03_BodegaLaEsquinita_P\temp
12-Nov-2024 09:15:26.743 INFO [main] org.apache.catalina.startup.VersionLoggerListener.log Command line argument:             -Djava.util.logging.config.file=C:\AS232S3_T03-be\T03_BodegaLaEsquinita_P\conf\logging.properties
12-Nov-2024 09:15:26.743 INFO [main] org.apache.catalina.startup.VersionLoggerListener.log Command line argument:             -Djava.util.logging.manager=org.apache.juli.ClassLoaderLogManager
12-Nov-2024 09:15:26.743 INFO [main] org.apache.catalina.startup.VersionLoggerListener.log Command line argument:             -javaagent:C:\Program Files\JetBrains\IntelliJ IDEA 2024.2.1\lib\idea_rt.jar=64014:C:\Program Files\JetBrains\IntelliJ IDEA 2024.2.1\bin
12-Nov-2024 09:15:26.743 INFO [main] org.apache.catalina.startup.VersionLoggerListener.log Command line argument:             -Dfile.encoding=UTF-8
12-Nov-2024 09:15:27.189 INFO [main] org.apache.catalina.core.AprLifecycleListener.lifecycleEvent Cargada la biblioteca nativa APR de Apache Tomcat [1.3.1] con la versión APR [1.7.4].
12-Nov-2024 09:15:27.190 INFO [main] org.apache.catalina.core.AprLifecycleListener.lifecycleEvent Capacidades APR: IPv6 [true], enviar fichero [true], aceptar filtros [false], aleatorio [true], UDS [true].
12-Nov-2024 09:15:27.190 INFO [main] org.apache.catalina.core.AprLifecycleListener.lifecycleEvent APR/OpenSSL configuration: useAprConnector [false], useOpenSSL [true]
12-Nov-2024 09:15:27.226 INFO [main] org.apache.catalina.core.AprLifecycleListener.initializeSSL OpenSSL inicializado correctamente [OpenSSL 3.0.14 4 Jun 2024]
12-Nov-2024 09:15:27.795 INFO [main] org.apache.coyote.AbstractProtocol.init Inicializando el manejador de protocolo ["http-nio-8080"]

12-Nov-2024 09:15:27.834 INFO [main] org.apache.catalina.startup.Catalina.load Server initialization in [1710] milliseconds
12-Nov-2024 09:15:27.939 INFO [main] org.apache.catalina.core.StandardService.startInternal Arrancando servicio [Catalina]
12-Nov-2024 09:15:27.940 INFO [main] org.apache.catalina.core.StandardEngine.startInternal Starting Servlet engine: [Apache Tomcat/9.0.93]
12-Nov-2024 09:15:27.959 INFO [main] org.apache.catalina.startup.HostConfig.deployDescriptor Desplieque del descriptor de configuración [C:\AS232S3_T03-be\T03_BodegaLaEsquinita_P\conf\Catalina\localhost\T03_BodegaLaEsquinita_P.xml]
12-Nov-2024 09:15:32.870 INFO [main] org.apache.jasper.servlet.TldScanner.scanJars Al menos un JAR, que se ha explorado buscando TLDs, aún no contenía TLDs. Activar historial de depuración para este historiador para una completa lista de los JARs que fueron explorados y de los que nos se halló TLDs. Saltarse JARs no necesarios durante la exploración puede dar lugar a una mejora de tiempo significativa en el arranque y compilación de JSP .
12-Nov-2024 09:15:33.232 INFO [main] org.apache.catalina.startup.HostConfig.deployDescriptor Deployment of deployment descriptor [C:\AS232S3_T03-be\T03_BodegaLaEsquinita_P\conf\Catalina\localhost\T03_BodegaLaEsquinita_P.xml] has finished in [5.272] ms
12-Nov-2024 09:15:33.242 INFO [main] org.apache.coyote.AbstractProtocol.start Starting ProtocolHandler ["http-nio-8080"]
12-Nov-2024 09:15:33.306 INFO [main] org.apache.catalina.startup.Catalina.start Server startup in [5471] milliseconds
12-Nov-2024 09:28:23.571 INFO [Thread-1] org.apache.coyote.AbstractProtocol.pause Pausing ProtocolHandler ["http-nio-8080"]
12-Nov-2024 09:28:24.295 INFO [Thread-1] org.apache.catalina.core.StandardService.stopInternal Parando servicio [Catalina]
12-Nov-2024 09:28:25.199 WARNING [Thread-1] org.apache.catalina.loader.WebappClassLoaderBase.clearReferencesJdbc La aplicación web [T03_BodegaLaEsquinita_P] registró el conductor JDBC [com.microsoft.sqlserver.jdbc.SQLServerDriver] pero falló al anular el registro mientras la aplicación web estaba parada. Para prevenir un fallo de memoria, se ha anulado el registro del conductor JDBC por la fuerza.
12-Nov-2024 09:28:25.450 INFO [Thread-1] org.apache.coyote.AbstractProtocol.stop Stopping ProtocolHandler ["http-nio-8080"]
12-Nov-2024 09:28:25.521 INFO [Thread-1] org.apache.coyote.AbstractProtocol.destroy Destroying ProtocolHandler ["http-nio-8080"]
12-Nov-2024 09:28:37.632 INFO [main] org.apache.catalina.startup.VersionLoggerListener.log Nombre de la versión del servidor: Apache Tomcat/9.0.93
12-Nov-2024 09:28:37.639 INFO [main] org.apache.catalina.startup.VersionLoggerListener.log Server built:                      Aug 2 2024 21:24:59 UTC
12-Nov-2024 09:28:37.640 INFO [main] org.apache.catalina.startup.VersionLoggerListener.log Número de versión de servidor:     9.0.93.0
12-Nov-2024 09:28:37.640 INFO [main] org.apache.catalina.startup.VersionLoggerListener.log OS Name:                           Windows 11
12-Nov-2024 09:28:37.640 INFO [main] org.apache.catalina.startup.VersionLoggerListener.log Versión de Systema Operativo:      10.0
12-Nov-2024 09:28:37.641 INFO [main] org.apache.catalina.startup.VersionLoggerListener.log Arquitectura:                      amd64
12-Nov-2024 09:28:37.641 INFO [main] org.apache.catalina.startup.VersionLoggerListener.log Java Home:                         C:\Program Files\Java\jdk-17
12-Nov-2024 09:28:37.641 INFO [main] org.apache.catalina.startup.VersionLoggerListener.log JVM Version:                       17.0.10+11-LTS-240
12-Nov-2024 09:28:37.641 INFO [main] org.apache.catalina.startup.VersionLoggerListener.log Vededor JVM:                       Oracle Corporation
12-Nov-2024 09:28:37.641 INFO [main] org.apache.catalina.startup.VersionLoggerListener.log CATALINA_BASE:                     C:\AS232S3_T03-be\T03_BodegaLaEsquinita_P
12-Nov-2024 09:28:37.641 INFO [main] org.apache.catalina.startup.VersionLoggerListener.log CATALINA_HOME:                     C:\ValleGrande\IntelliJ\apache-tomcat-9.0.93
12-Nov-2024 09:28:37.657 INFO [main] org.apache.catalina.startup.VersionLoggerListener.log Command line argument:             --add-opens=java.base/java.lang=ALL-UNNAMED
12-Nov-2024 09:28:37.657 INFO [main] org.apache.catalina.startup.VersionLoggerListener.log Command line argument:             --add-opens=java.base/java.io=ALL-UNNAMED
12-Nov-2024 09:28:37.658 INFO [main] org.apache.catalina.startup.VersionLoggerListener.log Command line argument:             --add-opens=java.base/java.util=ALL-UNNAMED
12-Nov-2024 09:28:37.658 INFO [main] org.apache.catalina.startup.VersionLoggerListener.log Command line argument:             --add-opens=java.base/java.util.concurrent=ALL-UNNAMED
12-Nov-2024 09:28:37.658 INFO [main] org.apache.catalina.startup.VersionLoggerListener.log Command line argument:             --add-opens=java.rmi/sun.rmi.transport=ALL-UNNAMED
12-Nov-2024 09:28:37.658 INFO [main] org.apache.catalina.startup.VersionLoggerListener.log Command line argument:             -Dcatalina.home=C:\ValleGrande\IntelliJ\apache-tomcat-9.0.93
12-Nov-2024 09:28:37.658 INFO [main] org.apache.catalina.startup.VersionLoggerListener.log Command line argument:             -Dcatalina.base=C:\AS232S3_T03-be\T03_BodegaLaEsquinita_P
12-Nov-2024 09:28:37.658 INFO [main] org.apache.catalina.startup.VersionLoggerListener.log Command line argument:             -Djava.io.tmpdir=C:\AS232S3_T03-be\T03_BodegaLaEsquinita_P\temp
12-Nov-2024 09:28:37.659 INFO [main] org.apache.catalina.startup.VersionLoggerListener.log Command line argument:             -Djava.util.logging.config.file=C:\AS232S3_T03-be\T03_BodegaLaEsquinita_P\conf\logging.properties
12-Nov-2024 09:28:37.659 INFO [main] org.apache.catalina.startup.VersionLoggerListener.log Command line argument:             -Djava.util.logging.manager=org.apache.juli.ClassLoaderLogManager
12-Nov-2024 09:28:37.659 INFO [main] org.apache.catalina.startup.VersionLoggerListener.log Command line argument:             -javaagent:C:\Program Files\JetBrains\IntelliJ IDEA 2024.2.1\lib\idea_rt.jar=64343:C:\Program Files\JetBrains\IntelliJ IDEA 2024.2.1\bin
12-Nov-2024 09:28:37.659 INFO [main] org.apache.catalina.startup.VersionLoggerListener.log Command line argument:             -Dfile.encoding=UTF-8
12-Nov-2024 09:28:37.674 INFO [main] org.apache.catalina.core.AprLifecycleListener.lifecycleEvent Cargada la biblioteca nativa APR de Apache Tomcat [1.3.1] con la versión APR [1.7.4].
12-Nov-2024 09:28:37.675 INFO [main] org.apache.catalina.core.AprLifecycleListener.lifecycleEvent Capacidades APR: IPv6 [true], enviar fichero [true], aceptar filtros [false], aleatorio [true], UDS [true].
12-Nov-2024 09:28:37.675 INFO [main] org.apache.catalina.core.AprLifecycleListener.lifecycleEvent APR/OpenSSL configuration: useAprConnector [false], useOpenSSL [true]
12-Nov-2024 09:28:37.723 INFO [main] org.apache.catalina.core.AprLifecycleListener.initializeSSL OpenSSL inicializado correctamente [OpenSSL 3.0.14 4 Jun 2024]
12-Nov-2024 09:28:38.254 INFO [main] org.apache.coyote.AbstractProtocol.init Inicializando el manejador de protocolo ["http-nio-8080"]

12-Nov-2024 09:28:38.296 INFO [main] org.apache.catalina.startup.Catalina.load Server initialization in [1173] milliseconds
12-Nov-2024 09:28:38.393 INFO [main] org.apache.catalina.core.StandardService.startInternal Arrancando servicio [Catalina]
12-Nov-2024 09:28:38.393 INFO [main] org.apache.catalina.core.StandardEngine.startInternal Starting Servlet engine: [Apache Tomcat/9.0.93]
12-Nov-2024 09:28:38.412 INFO [main] org.apache.catalina.startup.HostConfig.deployDescriptor Desplieque del descriptor de configuración [C:\AS232S3_T03-be\T03_BodegaLaEsquinita_P\conf\Catalina\localhost\T03_BodegaLaEsquinita_P.xml]
12-Nov-2024 09:28:42.553 INFO [main] org.apache.jasper.servlet.TldScanner.scanJars Al menos un JAR, que se ha explorado buscando TLDs, aún no contenía TLDs. Activar historial de depuración para este historiador para una completa lista de los JARs que fueron explorados y de los que nos se halló TLDs. Saltarse JARs no necesarios durante la exploración puede dar lugar a una mejora de tiempo significativa en el arranque y compilación de JSP .
12-Nov-2024 09:28:42.933 INFO [main] org.apache.catalina.startup.HostConfig.deployDescriptor Deployment of deployment descriptor [C:\AS232S3_T03-be\T03_BodegaLaEsquinita_P\conf\Catalina\localhost\T03_BodegaLaEsquinita_P.xml] has finished in [4.520] ms
12-Nov-2024 09:28:42.939 INFO [main] org.apache.coyote.AbstractProtocol.start Starting ProtocolHandler ["http-nio-8080"]
12-Nov-2024 09:28:43.024 INFO [main] org.apache.catalina.startup.Catalina.start Server startup in [4726] milliseconds
12-Nov-2024 09:43:59.512 INFO [Thread-1] org.apache.coyote.AbstractProtocol.pause Pausing ProtocolHandler ["http-nio-8080"]
12-Nov-2024 09:43:59.818 INFO [Thread-1] org.apache.catalina.core.StandardService.stopInternal Parando servicio [Catalina]
12-Nov-2024 09:44:00.121 WARNING [Thread-1] org.apache.catalina.loader.WebappClassLoaderBase.clearReferencesJdbc La aplicación web [T03_BodegaLaEsquinita_P] registró el conductor JDBC [com.microsoft.sqlserver.jdbc.SQLServerDriver] pero falló al anular el registro mientras la aplicación web estaba parada. Para prevenir un fallo de memoria, se ha anulado el registro del conductor JDBC por la fuerza.
12-Nov-2024 09:44:00.192 INFO [Thread-1] org.apache.coyote.AbstractProtocol.stop Stopping ProtocolHandler ["http-nio-8080"]
12-Nov-2024 09:44:00.226 INFO [Thread-1] org.apache.coyote.AbstractProtocol.destroy Destroying ProtocolHandler ["http-nio-8080"]
12-Nov-2024 09:44:09.439 INFO [main] org.apache.catalina.startup.VersionLoggerListener.log Nombre de la versión del servidor: Apache Tomcat/9.0.93
12-Nov-2024 09:44:09.447 INFO [main] org.apache.catalina.startup.VersionLoggerListener.log Server built:                      Aug 2 2024 21:24:59 UTC
12-Nov-2024 09:44:09.447 INFO [main] org.apache.catalina.startup.VersionLoggerListener.log Número de versión de servidor:     9.0.93.0
12-Nov-2024 09:44:09.447 INFO [main] org.apache.catalina.startup.VersionLoggerListener.log OS Name:                           Windows 11
12-Nov-2024 09:44:09.448 INFO [main] org.apache.catalina.startup.VersionLoggerListener.log Versión de Systema Operativo:      10.0
12-Nov-2024 09:44:09.448 INFO [main] org.apache.catalina.startup.VersionLoggerListener.log Arquitectura:                      amd64
12-Nov-2024 09:44:09.448 INFO [main] org.apache.catalina.startup.VersionLoggerListener.log Java Home:                         C:\Program Files\Java\jdk-17
12-Nov-2024 09:44:09.448 INFO [main] org.apache.catalina.startup.VersionLoggerListener.log JVM Version:                       17.0.10+11-LTS-240
12-Nov-2024 09:44:09.448 INFO [main] org.apache.catalina.startup.VersionLoggerListener.log Vededor JVM:                       Oracle Corporation
12-Nov-2024 09:44:09.450 INFO [main] org.apache.catalina.startup.VersionLoggerListener.log CATALINA_BASE:                     C:\AS232S3_T03-be\T03_BodegaLaEsquinita_P
12-Nov-2024 09:44:09.450 INFO [main] org.apache.catalina.startup.VersionLoggerListener.log CATALINA_HOME:                     C:\ValleGrande\IntelliJ\apache-tomcat-9.0.93
12-Nov-2024 09:44:09.467 INFO [main] org.apache.catalina.startup.VersionLoggerListener.log Command line argument:             --add-opens=java.base/java.lang=ALL-UNNAMED
12-Nov-2024 09:44:09.468 INFO [main] org.apache.catalina.startup.VersionLoggerListener.log Command line argument:             --add-opens=java.base/java.io=ALL-UNNAMED
12-Nov-2024 09:44:09.468 INFO [main] org.apache.catalina.startup.VersionLoggerListener.log Command line argument:             --add-opens=java.base/java.util=ALL-UNNAMED
12-Nov-2024 09:44:09.468 INFO [main] org.apache.catalina.startup.VersionLoggerListener.log Command line argument:             --add-opens=java.base/java.util.concurrent=ALL-UNNAMED
12-Nov-2024 09:44:09.468 INFO [main] org.apache.catalina.startup.VersionLoggerListener.log Command line argument:             --add-opens=java.rmi/sun.rmi.transport=ALL-UNNAMED
12-Nov-2024 09:44:09.468 INFO [main] org.apache.catalina.startup.VersionLoggerListener.log Command line argument:             -Dcatalina.home=C:\ValleGrande\IntelliJ\apache-tomcat-9.0.93
12-Nov-2024 09:44:09.469 INFO [main] org.apache.catalina.startup.VersionLoggerListener.log Command line argument:             -Dcatalina.base=C:\AS232S3_T03-be\T03_BodegaLaEsquinita_P
12-Nov-2024 09:44:09.469 INFO [main] org.apache.catalina.startup.VersionLoggerListener.log Command line argument:             -Djava.io.tmpdir=C:\AS232S3_T03-be\T03_BodegaLaEsquinita_P\temp
12-Nov-2024 09:44:09.469 INFO [main] org.apache.catalina.startup.VersionLoggerListener.log Command line argument:             -Djava.util.logging.config.file=C:\AS232S3_T03-be\T03_BodegaLaEsquinita_P\conf\logging.properties
12-Nov-2024 09:44:09.469 INFO [main] org.apache.catalina.startup.VersionLoggerListener.log Command line argument:             -Djava.util.logging.manager=org.apache.juli.ClassLoaderLogManager
12-Nov-2024 09:44:09.469 INFO [main] org.apache.catalina.startup.VersionLoggerListener.log Command line argument:             -javaagent:C:\Program Files\JetBrains\IntelliJ IDEA 2024.2.1\lib\idea_rt.jar=64673:C:\Program Files\JetBrains\IntelliJ IDEA 2024.2.1\bin
12-Nov-2024 09:44:09.469 INFO [main] org.apache.catalina.startup.VersionLoggerListener.log Command line argument:             -Dfile.encoding=UTF-8
12-Nov-2024 09:44:09.481 INFO [main] org.apache.catalina.core.AprLifecycleListener.lifecycleEvent Cargada la biblioteca nativa APR de Apache Tomcat [1.3.1] con la versión APR [1.7.4].
12-Nov-2024 09:44:09.481 INFO [main] org.apache.catalina.core.AprLifecycleListener.lifecycleEvent Capacidades APR: IPv6 [true], enviar fichero [true], aceptar filtros [false], aleatorio [true], UDS [true].
12-Nov-2024 09:44:09.481 INFO [main] org.apache.catalina.core.AprLifecycleListener.lifecycleEvent APR/OpenSSL configuration: useAprConnector [false], useOpenSSL [true]
12-Nov-2024 09:44:09.517 INFO [main] org.apache.catalina.core.AprLifecycleListener.initializeSSL OpenSSL inicializado correctamente [OpenSSL 3.0.14 4 Jun 2024]
12-Nov-2024 09:44:10.059 INFO [main] org.apache.coyote.AbstractProtocol.init Inicializando el manejador de protocolo ["http-nio-8080"]

12-Nov-2024 09:44:10.098 INFO [main] org.apache.catalina.startup.Catalina.load Server initialization in [1223] milliseconds
12-Nov-2024 09:44:10.192 INFO [main] org.apache.catalina.core.StandardService.startInternal Arrancando servicio [Catalina]
12-Nov-2024 09:44:10.192 INFO [main] org.apache.catalina.core.StandardEngine.startInternal Starting Servlet engine: [Apache Tomcat/9.0.93]
12-Nov-2024 09:44:10.209 INFO [main] org.apache.catalina.startup.HostConfig.deployDescriptor Desplieque del descriptor de configuración [C:\AS232S3_T03-be\T03_BodegaLaEsquinita_P\conf\Catalina\localhost\T03_BodegaLaEsquinita_P.xml]
12-Nov-2024 09:44:15.324 INFO [main] org.apache.jasper.servlet.TldScanner.scanJars Al menos un JAR, que se ha explorado buscando TLDs, aún no contenía TLDs. Activar historial de depuración para este historiador para una completa lista de los JARs que fueron explorados y de los que nos se halló TLDs. Saltarse JARs no necesarios durante la exploración puede dar lugar a una mejora de tiempo significativa en el arranque y compilación de JSP .
12-Nov-2024 09:44:15.660 INFO [main] org.apache.catalina.startup.HostConfig.deployDescriptor Deployment of deployment descriptor [C:\AS232S3_T03-be\T03_BodegaLaEsquinita_P\conf\Catalina\localhost\T03_BodegaLaEsquinita_P.xml] has finished in [5.452] ms
12-Nov-2024 09:44:15.666 INFO [main] org.apache.coyote.AbstractProtocol.start Starting ProtocolHandler ["http-nio-8080"]
12-Nov-2024 09:44:15.729 INFO [main] org.apache.catalina.startup.Catalina.start Server startup in [5630] milliseconds
12-Nov-2024 10:07:58.647 INFO [Thread-1] org.apache.coyote.AbstractProtocol.pause Pausing ProtocolHandler ["http-nio-8080"]
12-Nov-2024 10:07:59.035 INFO [Thread-1] org.apache.catalina.core.StandardService.stopInternal Parando servicio [Catalina]
12-Nov-2024 10:07:59.601 WARNING [Thread-1] org.apache.catalina.loader.WebappClassLoaderBase.clearReferencesJdbc La aplicación web [T03_BodegaLaEsquinita_P] registró el conductor JDBC [com.microsoft.sqlserver.jdbc.SQLServerDriver] pero falló al anular el registro mientras la aplicación web estaba parada. Para prevenir un fallo de memoria, se ha anulado el registro del conductor JDBC por la fuerza.
12-Nov-2024 10:08:00.031 INFO [Thread-1] org.apache.coyote.AbstractProtocol.stop Stopping ProtocolHandler ["http-nio-8080"]
12-Nov-2024 10:08:00.117 INFO [Thread-1] org.apache.coyote.AbstractProtocol.destroy Destroying ProtocolHandler ["http-nio-8080"]
12-Nov-2024 10:08:10.381 INFO [main] org.apache.catalina.startup.VersionLoggerListener.log Nombre de la versión del servidor: Apache Tomcat/9.0.93
12-Nov-2024 10:08:10.389 INFO [main] org.apache.catalina.startup.VersionLoggerListener.log Server built:                      Aug 2 2024 21:24:59 UTC
12-Nov-2024 10:08:10.389 INFO [main] org.apache.catalina.startup.VersionLoggerListener.log Número de versión de servidor:     9.0.93.0
12-Nov-2024 10:08:10.390 INFO [main] org.apache.catalina.startup.VersionLoggerListener.log OS Name:                           Windows 11
12-Nov-2024 10:08:10.390 INFO [main] org.apache.catalina.startup.VersionLoggerListener.log Versión de Systema Operativo:      10.0
12-Nov-2024 10:08:10.390 INFO [main] org.apache.catalina.startup.VersionLoggerListener.log Arquitectura:                      amd64
12-Nov-2024 10:08:10.390 INFO [main] org.apache.catalina.startup.VersionLoggerListener.log Java Home:                         C:\Program Files\Java\jdk-17
12-Nov-2024 10:08:10.391 INFO [main] org.apache.catalina.startup.VersionLoggerListener.log JVM Version:                       17.0.10+11-LTS-240
12-Nov-2024 10:08:10.391 INFO [main] org.apache.catalina.startup.VersionLoggerListener.log Vededor JVM:                       Oracle Corporation
12-Nov-2024 10:08:10.391 INFO [main] org.apache.catalina.startup.VersionLoggerListener.log CATALINA_BASE:                     C:\AS232S3_T03-be\T03_BodegaLaEsquinita_P
12-Nov-2024 10:08:10.391 INFO [main] org.apache.catalina.startup.VersionLoggerListener.log CATALINA_HOME:                     C:\ValleGrande\IntelliJ\apache-tomcat-9.0.93
12-Nov-2024 10:08:10.410 INFO [main] org.apache.catalina.startup.VersionLoggerListener.log Command line argument:             --add-opens=java.base/java.lang=ALL-UNNAMED
12-Nov-2024 10:08:10.410 INFO [main] org.apache.catalina.startup.VersionLoggerListener.log Command line argument:             --add-opens=java.base/java.io=ALL-UNNAMED
12-Nov-2024 10:08:10.410 INFO [main] org.apache.catalina.startup.VersionLoggerListener.log Command line argument:             --add-opens=java.base/java.util=ALL-UNNAMED
12-Nov-2024 10:08:10.410 INFO [main] org.apache.catalina.startup.VersionLoggerListener.log Command line argument:             --add-opens=java.base/java.util.concurrent=ALL-UNNAMED
12-Nov-2024 10:08:10.410 INFO [main] org.apache.catalina.startup.VersionLoggerListener.log Command line argument:             --add-opens=java.rmi/sun.rmi.transport=ALL-UNNAMED
12-Nov-2024 10:08:10.411 INFO [main] org.apache.catalina.startup.VersionLoggerListener.log Command line argument:             -Dcatalina.home=C:\ValleGrande\IntelliJ\apache-tomcat-9.0.93
12-Nov-2024 10:08:10.411 INFO [main] org.apache.catalina.startup.VersionLoggerListener.log Command line argument:             -Dcatalina.base=C:\AS232S3_T03-be\T03_BodegaLaEsquinita_P
12-Nov-2024 10:08:10.411 INFO [main] org.apache.catalina.startup.VersionLoggerListener.log Command line argument:             -Djava.io.tmpdir=C:\AS232S3_T03-be\T03_BodegaLaEsquinita_P\temp
12-Nov-2024 10:08:10.411 INFO [main] org.apache.catalina.startup.VersionLoggerListener.log Command line argument:             -Djava.util.logging.config.file=C:\AS232S3_T03-be\T03_BodegaLaEsquinita_P\conf\logging.properties
12-Nov-2024 10:08:10.411 INFO [main] org.apache.catalina.startup.VersionLoggerListener.log Command line argument:             -Djava.util.logging.manager=org.apache.juli.ClassLoaderLogManager
12-Nov-2024 10:08:10.412 INFO [main] org.apache.catalina.startup.VersionLoggerListener.log Command line argument:             -javaagent:C:\Program Files\JetBrains\IntelliJ IDEA 2024.2.1\lib\idea_rt.jar=65189:C:\Program Files\JetBrains\IntelliJ IDEA 2024.2.1\bin
12-Nov-2024 10:08:10.412 INFO [main] org.apache.catalina.startup.VersionLoggerListener.log Command line argument:             -Dfile.encoding=UTF-8
12-Nov-2024 10:08:10.423 INFO [main] org.apache.catalina.core.AprLifecycleListener.lifecycleEvent Cargada la biblioteca nativa APR de Apache Tomcat [1.3.1] con la versión APR [1.7.4].
12-Nov-2024 10:08:10.425 INFO [main] org.apache.catalina.core.AprLifecycleListener.lifecycleEvent Capacidades APR: IPv6 [true], enviar fichero [true], aceptar filtros [false], aleatorio [true], UDS [true].
12-Nov-2024 10:08:10.425 INFO [main] org.apache.catalina.core.AprLifecycleListener.lifecycleEvent APR/OpenSSL configuration: useAprConnector [false], useOpenSSL [true]
12-Nov-2024 10:08:10.457 INFO [main] org.apache.catalina.core.AprLifecycleListener.initializeSSL OpenSSL inicializado correctamente [OpenSSL 3.0.14 4 Jun 2024]
12-Nov-2024 10:08:10.930 INFO [main] org.apache.coyote.AbstractProtocol.init Inicializando el manejador de protocolo ["http-nio-8080"]

12-Nov-2024 10:08:10.965 INFO [main] org.apache.catalina.startup.Catalina.load Server initialization in [1067] milliseconds
12-Nov-2024 10:08:11.042 INFO [main] org.apache.catalina.core.StandardService.startInternal Arrancando servicio [Catalina]
12-Nov-2024 10:08:11.043 INFO [main] org.apache.catalina.core.StandardEngine.startInternal Starting Servlet engine: [Apache Tomcat/9.0.93]
12-Nov-2024 10:08:11.062 INFO [main] org.apache.catalina.startup.HostConfig.deployDescriptor Desplieque del descriptor de configuración [C:\AS232S3_T03-be\T03_BodegaLaEsquinita_P\conf\Catalina\localhost\T03_BodegaLaEsquinita_P.xml]
12-Nov-2024 10:08:15.064 INFO [main] org.apache.jasper.servlet.TldScanner.scanJars Al menos un JAR, que se ha explorado buscando TLDs, aún no contenía TLDs. Activar historial de depuración para este historiador para una completa lista de los JARs que fueron explorados y de los que nos se halló TLDs. Saltarse JARs no necesarios durante la exploración puede dar lugar a una mejora de tiempo significativa en el arranque y compilación de JSP .
12-Nov-2024 10:08:15.476 INFO [main] org.apache.catalina.startup.HostConfig.deployDescriptor Deployment of deployment descriptor [C:\AS232S3_T03-be\T03_BodegaLaEsquinita_P\conf\Catalina\localhost\T03_BodegaLaEsquinita_P.xml] has finished in [4.411] ms
12-Nov-2024 10:08:15.487 INFO [main] org.apache.coyote.AbstractProtocol.start Starting ProtocolHandler ["http-nio-8080"]
12-Nov-2024 10:08:15.568 INFO [main] org.apache.catalina.startup.Catalina.start Server startup in [4602] milliseconds
12-Nov-2024 10:16:24.905 INFO [Thread-1] org.apache.coyote.AbstractProtocol.pause Pausing ProtocolHandler ["http-nio-8080"]
12-Nov-2024 10:16:26.909 INFO [Thread-1] org.apache.catalina.core.StandardService.stopInternal Parando servicio [Catalina]
12-Nov-2024 10:16:31.313 WARNING [Thread-1] org.apache.catalina.loader.WebappClassLoaderBase.clearReferencesJdbc La aplicación web [T03_BodegaLaEsquinita_P] registró el conductor JDBC [com.microsoft.sqlserver.jdbc.SQLServerDriver] pero falló al anular el registro mientras la aplicación web estaba parada. Para prevenir un fallo de memoria, se ha anulado el registro del conductor JDBC por la fuerza.
12-Nov-2024 10:16:34.099 INFO [Thread-1] org.apache.coyote.AbstractProtocol.stop Stopping ProtocolHandler ["http-nio-8080"]
12-Nov-2024 10:16:34.710 WARNING [Thread-1] org.apache.tomcat.util.net.Acceptor.stopMillis The acceptor thread [http-nio-8080-Acceptor] did not stop cleanly
12-Nov-2024 10:16:35.531 INFO [Thread-1] org.apache.coyote.AbstractProtocol.destroy Destroying ProtocolHandler ["http-nio-8080"]
12-Nov-2024 10:17:00.696 INFO [main] org.apache.catalina.startup.VersionLoggerListener.log Nombre de la versión del servidor: Apache Tomcat/9.0.93
12-Nov-2024 10:17:00.720 INFO [main] org.apache.catalina.startup.VersionLoggerListener.log Server built:                      Aug 2 2024 21:24:59 UTC
12-Nov-2024 10:17:00.721 INFO [main] org.apache.catalina.startup.VersionLoggerListener.log Número de versión de servidor:     9.0.93.0
12-Nov-2024 10:17:00.721 INFO [main] org.apache.catalina.startup.VersionLoggerListener.log OS Name:                           Windows 11
12-Nov-2024 10:17:00.722 INFO [main] org.apache.catalina.startup.VersionLoggerListener.log Versión de Systema Operativo:      10.0
12-Nov-2024 10:17:00.722 INFO [main] org.apache.catalina.startup.VersionLoggerListener.log Arquitectura:                      amd64
12-Nov-2024 10:17:00.722 INFO [main] org.apache.catalina.startup.VersionLoggerListener.log Java Home:                         C:\Program Files\Java\jdk-17
12-Nov-2024 10:17:00.722 INFO [main] org.apache.catalina.startup.VersionLoggerListener.log JVM Version:                       17.0.10+11-LTS-240
12-Nov-2024 10:17:00.722 INFO [main] org.apache.catalina.startup.VersionLoggerListener.log Vededor JVM:                       Oracle Corporation
12-Nov-2024 10:17:00.722 INFO [main] org.apache.catalina.startup.VersionLoggerListener.log CATALINA_BASE:                     C:\AS232S3_T03-be\T03_BodegaLaEsquinita_P
12-Nov-2024 10:17:00.722 INFO [main] org.apache.catalina.startup.VersionLoggerListener.log CATALINA_HOME:                     C:\ValleGrande\IntelliJ\apache-tomcat-9.0.93
12-Nov-2024 10:17:00.760 INFO [main] org.apache.catalina.startup.VersionLoggerListener.log Command line argument:             --add-opens=java.base/java.lang=ALL-UNNAMED
12-Nov-2024 10:17:00.760 INFO [main] org.apache.catalina.startup.VersionLoggerListener.log Command line argument:             --add-opens=java.base/java.io=ALL-UNNAMED
12-Nov-2024 10:17:00.760 INFO [main] org.apache.catalina.startup.VersionLoggerListener.log Command line argument:             --add-opens=java.base/java.util=ALL-UNNAMED
12-Nov-2024 10:17:00.760 INFO [main] org.apache.catalina.startup.VersionLoggerListener.log Command line argument:             --add-opens=java.base/java.util.concurrent=ALL-UNNAMED
12-Nov-2024 10:17:00.761 INFO [main] org.apache.catalina.startup.VersionLoggerListener.log Command line argument:             --add-opens=java.rmi/sun.rmi.transport=ALL-UNNAMED
12-Nov-2024 10:17:00.761 INFO [main] org.apache.catalina.startup.VersionLoggerListener.log Command line argument:             -Dcatalina.home=C:\ValleGrande\IntelliJ\apache-tomcat-9.0.93
12-Nov-2024 10:17:00.761 INFO [main] org.apache.catalina.startup.VersionLoggerListener.log Command line argument:             -Dcatalina.base=C:\AS232S3_T03-be\T03_BodegaLaEsquinita_P
12-Nov-2024 10:17:00.761 INFO [main] org.apache.catalina.startup.VersionLoggerListener.log Command line argument:             -Djava.io.tmpdir=C:\AS232S3_T03-be\T03_BodegaLaEsquinita_P\temp
12-Nov-2024 10:17:00.761 INFO [main] org.apache.catalina.startup.VersionLoggerListener.log Command line argument:             -Djava.util.logging.config.file=C:\AS232S3_T03-be\T03_BodegaLaEsquinita_P\conf\logging.properties
12-Nov-2024 10:17:00.761 INFO [main] org.apache.catalina.startup.VersionLoggerListener.log Command line argument:             -Djava.util.logging.manager=org.apache.juli.ClassLoaderLogManager
12-Nov-2024 10:17:00.761 INFO [main] org.apache.catalina.startup.VersionLoggerListener.log Command line argument:             -javaagent:C:\Program Files\JetBrains\IntelliJ IDEA 2024.2.1\lib\idea_rt.jar=65441:C:\Program Files\JetBrains\IntelliJ IDEA 2024.2.1\bin
12-Nov-2024 10:17:00.761 INFO [main] org.apache.catalina.startup.VersionLoggerListener.log Command line argument:             -Dfile.encoding=UTF-8
12-Nov-2024 10:17:00.986 INFO [main] org.apache.catalina.core.AprLifecycleListener.lifecycleEvent Cargada la biblioteca nativa APR de Apache Tomcat [1.3.1] con la versión APR [1.7.4].
12-Nov-2024 10:17:00.987 INFO [main] org.apache.catalina.core.AprLifecycleListener.lifecycleEvent Capacidades APR: IPv6 [true], enviar fichero [true], aceptar filtros [false], aleatorio [true], UDS [true].
12-Nov-2024 10:17:00.987 INFO [main] org.apache.catalina.core.AprLifecycleListener.lifecycleEvent APR/OpenSSL configuration: useAprConnector [false], useOpenSSL [true]
12-Nov-2024 10:17:01.027 INFO [main] org.apache.catalina.core.AprLifecycleListener.initializeSSL OpenSSL inicializado correctamente [OpenSSL 3.0.14 4 Jun 2024]
12-Nov-2024 10:17:01.678 INFO [main] org.apache.coyote.AbstractProtocol.init Inicializando el manejador de protocolo ["http-nio-8080"]

12-Nov-2024 10:17:01.725 INFO [main] org.apache.catalina.startup.Catalina.load Server initialization in [1591] milliseconds
12-Nov-2024 10:17:01.844 INFO [main] org.apache.catalina.core.StandardService.startInternal Arrancando servicio [Catalina]
12-Nov-2024 10:17:01.844 INFO [main] org.apache.catalina.core.StandardEngine.startInternal Starting Servlet engine: [Apache Tomcat/9.0.93]
12-Nov-2024 10:17:01.868 INFO [main] org.apache.catalina.startup.HostConfig.deployDescriptor Desplieque del descriptor de configuración [C:\AS232S3_T03-be\T03_BodegaLaEsquinita_P\conf\Catalina\localhost\T03_BodegaLaEsquinita_P.xml]
12-Nov-2024 10:17:10.205 INFO [main] org.apache.jasper.servlet.TldScanner.scanJars Al menos un JAR, que se ha explorado buscando TLDs, aún no contenía TLDs. Activar historial de depuración para este historiador para una completa lista de los JARs que fueron explorados y de los que nos se halló TLDs. Saltarse JARs no necesarios durante la exploración puede dar lugar a una mejora de tiempo significativa en el arranque y compilación de JSP .
12-Nov-2024 10:17:11.223 WARNING [main] org.apache.catalina.util.SessionIdGeneratorBase.createSecureRandom Creation of SecureRandom instance for session ID generation using [SHA1PRNG] took [271] milliseconds.
12-Nov-2024 10:17:11.367 INFO [main] org.apache.catalina.startup.HostConfig.deployDescriptor Deployment of deployment descriptor [C:\AS232S3_T03-be\T03_BodegaLaEsquinita_P\conf\Catalina\localhost\T03_BodegaLaEsquinita_P.xml] has finished in [9.498] ms
12-Nov-2024 10:17:11.391 INFO [main] org.apache.coyote.AbstractProtocol.start Starting ProtocolHandler ["http-nio-8080"]
12-Nov-2024 10:17:11.544 INFO [main] org.apache.catalina.startup.Catalina.start Server startup in [9818] milliseconds
12-Nov-2024 10:24:14.054 INFO [Thread-1] org.apache.coyote.AbstractProtocol.pause Pausing ProtocolHandler ["http-nio-8080"]
12-Nov-2024 10:24:14.409 INFO [Thread-1] org.apache.catalina.core.StandardService.stopInternal Parando servicio [Catalina]
12-Nov-2024 10:24:14.815 WARNING [Thread-1] org.apache.catalina.loader.WebappClassLoaderBase.clearReferencesJdbc La aplicación web [T03_BodegaLaEsquinita_P] registró el conductor JDBC [com.microsoft.sqlserver.jdbc.SQLServerDriver] pero falló al anular el registro mientras la aplicación web estaba parada. Para prevenir un fallo de memoria, se ha anulado el registro del conductor JDBC por la fuerza.
12-Nov-2024 10:24:15.099 INFO [Thread-1] org.apache.coyote.AbstractProtocol.stop Stopping ProtocolHandler ["http-nio-8080"]
12-Nov-2024 10:24:15.166 INFO [Thread-1] org.apache.coyote.AbstractProtocol.destroy Destroying ProtocolHandler ["http-nio-8080"]
12-Nov-2024 10:24:29.554 INFO [main] org.apache.catalina.startup.VersionLoggerListener.log Nombre de la versión del servidor: Apache Tomcat/9.0.93
12-Nov-2024 10:24:29.565 INFO [main] org.apache.catalina.startup.VersionLoggerListener.log Server built:                      Aug 2 2024 21:24:59 UTC
12-Nov-2024 10:24:29.566 INFO [main] org.apache.catalina.startup.VersionLoggerListener.log Número de versión de servidor:     9.0.93.0
12-Nov-2024 10:24:29.566 INFO [main] org.apache.catalina.startup.VersionLoggerListener.log OS Name:                           Windows 11
12-Nov-2024 10:24:29.566 INFO [main] org.apache.catalina.startup.VersionLoggerListener.log Versión de Systema Operativo:      10.0
12-Nov-2024 10:24:29.566 INFO [main] org.apache.catalina.startup.VersionLoggerListener.log Arquitectura:                      amd64
12-Nov-2024 10:24:29.566 INFO [main] org.apache.catalina.startup.VersionLoggerListener.log Java Home:                         C:\Program Files\Java\jdk-17
12-Nov-2024 10:24:29.567 INFO [main] org.apache.catalina.startup.VersionLoggerListener.log JVM Version:                       17.0.10+11-LTS-240
12-Nov-2024 10:24:29.567 INFO [main] org.apache.catalina.startup.VersionLoggerListener.log Vededor JVM:                       Oracle Corporation
12-Nov-2024 10:24:29.567 INFO [main] org.apache.catalina.startup.VersionLoggerListener.log CATALINA_BASE:                     C:\AS232S3_T03-be\T03_BodegaLaEsquinita_P
12-Nov-2024 10:24:29.567 INFO [main] org.apache.catalina.startup.VersionLoggerListener.log CATALINA_HOME:                     C:\ValleGrande\IntelliJ\apache-tomcat-9.0.93
12-Nov-2024 10:24:29.592 INFO [main] org.apache.catalina.startup.VersionLoggerListener.log Command line argument:             --add-opens=java.base/java.lang=ALL-UNNAMED
12-Nov-2024 10:24:29.593 INFO [main] org.apache.catalina.startup.VersionLoggerListener.log Command line argument:             --add-opens=java.base/java.io=ALL-UNNAMED
12-Nov-2024 10:24:29.593 INFO [main] org.apache.catalina.startup.VersionLoggerListener.log Command line argument:             --add-opens=java.base/java.util=ALL-UNNAMED
12-Nov-2024 10:24:29.593 INFO [main] org.apache.catalina.startup.VersionLoggerListener.log Command line argument:             --add-opens=java.base/java.util.concurrent=ALL-UNNAMED
12-Nov-2024 10:24:29.593 INFO [main] org.apache.catalina.startup.VersionLoggerListener.log Command line argument:             --add-opens=java.rmi/sun.rmi.transport=ALL-UNNAMED
12-Nov-2024 10:24:29.593 INFO [main] org.apache.catalina.startup.VersionLoggerListener.log Command line argument:             -Dcatalina.home=C:\ValleGrande\IntelliJ\apache-tomcat-9.0.93
12-Nov-2024 10:24:29.594 INFO [main] org.apache.catalina.startup.VersionLoggerListener.log Command line argument:             -Dcatalina.base=C:\AS232S3_T03-be\T03_BodegaLaEsquinita_P
12-Nov-2024 10:24:29.594 INFO [main] org.apache.catalina.startup.VersionLoggerListener.log Command line argument:             -Djava.io.tmpdir=C:\AS232S3_T03-be\T03_BodegaLaEsquinita_P\temp
12-Nov-2024 10:24:29.595 INFO [main] org.apache.catalina.startup.VersionLoggerListener.log Command line argument:             -Djava.util.logging.config.file=C:\AS232S3_T03-be\T03_BodegaLaEsquinita_P\conf\logging.properties
12-Nov-2024 10:24:29.595 INFO [main] org.apache.catalina.startup.VersionLoggerListener.log Command line argument:             -Djava.util.logging.manager=org.apache.juli.ClassLoaderLogManager
12-Nov-2024 10:24:29.595 INFO [main] org.apache.catalina.startup.VersionLoggerListener.log Command line argument:             -javaagent:C:\Program Files\JetBrains\IntelliJ IDEA 2024.2.1\lib\idea_rt.jar=63395:C:\Program Files\JetBrains\IntelliJ IDEA 2024.2.1\bin
12-Nov-2024 10:24:29.595 INFO [main] org.apache.catalina.startup.VersionLoggerListener.log Command line argument:             -Dfile.encoding=UTF-8
12-Nov-2024 10:24:29.611 INFO [main] org.apache.catalina.core.AprLifecycleListener.lifecycleEvent Cargada la biblioteca nativa APR de Apache Tomcat [1.3.1] con la versión APR [1.7.4].
12-Nov-2024 10:24:29.612 INFO [main] org.apache.catalina.core.AprLifecycleListener.lifecycleEvent Capacidades APR: IPv6 [true], enviar fichero [true], aceptar filtros [false], aleatorio [true], UDS [true].
12-Nov-2024 10:24:29.612 INFO [main] org.apache.catalina.core.AprLifecycleListener.lifecycleEvent APR/OpenSSL configuration: useAprConnector [false], useOpenSSL [true]
12-Nov-2024 10:24:29.650 INFO [main] org.apache.catalina.core.AprLifecycleListener.initializeSSL OpenSSL inicializado correctamente [OpenSSL 3.0.14 4 Jun 2024]
12-Nov-2024 10:24:30.331 INFO [main] org.apache.coyote.AbstractProtocol.init Inicializando el manejador de protocolo ["http-nio-8080"]

12-Nov-2024 10:24:30.377 INFO [main] org.apache.catalina.startup.Catalina.load Server initialization in [1340] milliseconds
12-Nov-2024 10:24:30.486 INFO [main] org.apache.catalina.core.StandardService.startInternal Arrancando servicio [Catalina]
12-Nov-2024 10:24:30.487 INFO [main] org.apache.catalina.core.StandardEngine.startInternal Starting Servlet engine: [Apache Tomcat/9.0.93]
12-Nov-2024 10:24:30.520 INFO [main] org.apache.catalina.startup.HostConfig.deployDescriptor Desplieque del descriptor de configuración [C:\AS232S3_T03-be\T03_BodegaLaEsquinita_P\conf\Catalina\localhost\T03_BodegaLaEsquinita_P.xml]
12-Nov-2024 10:24:35.322 INFO [main] org.apache.jasper.servlet.TldScanner.scanJars Al menos un JAR, que se ha explorado buscando TLDs, aún no contenía TLDs. Activar historial de depuración para este historiador para una completa lista de los JARs que fueron explorados y de los que nos se halló TLDs. Saltarse JARs no necesarios durante la exploración puede dar lugar a una mejora de tiempo significativa en el arranque y compilación de JSP .
12-Nov-2024 10:24:35.634 INFO [main] org.apache.catalina.startup.HostConfig.deployDescriptor Deployment of deployment descriptor [C:\AS232S3_T03-be\T03_BodegaLaEsquinita_P\conf\Catalina\localhost\T03_BodegaLaEsquinita_P.xml] has finished in [5.113] ms
12-Nov-2024 10:24:35.641 INFO [main] org.apache.coyote.AbstractProtocol.start Starting ProtocolHandler ["http-nio-8080"]
12-Nov-2024 10:24:35.706 INFO [main] org.apache.catalina.startup.Catalina.start Server startup in [5327] milliseconds
12-Nov-2024 10:26:10.891 INFO [Thread-1] org.apache.coyote.AbstractProtocol.pause Pausing ProtocolHandler ["http-nio-8080"]
12-Nov-2024 10:26:11.185 INFO [Thread-1] org.apache.catalina.core.StandardService.stopInternal Parando servicio [Catalina]
12-Nov-2024 10:26:11.473 WARNING [Thread-1] org.apache.catalina.loader.WebappClassLoaderBase.clearReferencesJdbc La aplicación web [T03_BodegaLaEsquinita_P] registró el conductor JDBC [com.microsoft.sqlserver.jdbc.SQLServerDriver] pero falló al anular el registro mientras la aplicación web estaba parada. Para prevenir un fallo de memoria, se ha anulado el registro del conductor JDBC por la fuerza.
12-Nov-2024 10:26:11.557 INFO [Thread-1] org.apache.coyote.AbstractProtocol.stop Stopping ProtocolHandler ["http-nio-8080"]
12-Nov-2024 10:26:11.594 INFO [Thread-1] org.apache.coyote.AbstractProtocol.destroy Destroying ProtocolHandler ["http-nio-8080"]
12-Nov-2024 10:26:24.590 INFO [main] org.apache.catalina.startup.VersionLoggerListener.log Nombre de la versión del servidor: Apache Tomcat/9.0.93
12-Nov-2024 10:26:24.598 INFO [main] org.apache.catalina.startup.VersionLoggerListener.log Server built:                      Aug 2 2024 21:24:59 UTC
12-Nov-2024 10:26:24.599 INFO [main] org.apache.catalina.startup.VersionLoggerListener.log Número de versión de servidor:     9.0.93.0
12-Nov-2024 10:26:24.599 INFO [main] org.apache.catalina.startup.VersionLoggerListener.log OS Name:                           Windows 11
12-Nov-2024 10:26:24.599 INFO [main] org.apache.catalina.startup.VersionLoggerListener.log Versión de Systema Operativo:      10.0
12-Nov-2024 10:26:24.600 INFO [main] org.apache.catalina.startup.VersionLoggerListener.log Arquitectura:                      amd64
12-Nov-2024 10:26:24.600 INFO [main] org.apache.catalina.startup.VersionLoggerListener.log Java Home:                         C:\Program Files\Java\jdk-17
12-Nov-2024 10:26:24.600 INFO [main] org.apache.catalina.startup.VersionLoggerListener.log JVM Version:                       17.0.10+11-LTS-240
12-Nov-2024 10:26:24.600 INFO [main] org.apache.catalina.startup.VersionLoggerListener.log Vededor JVM:                       Oracle Corporation
12-Nov-2024 10:26:24.601 INFO [main] org.apache.catalina.startup.VersionLoggerListener.log CATALINA_BASE:                     C:\AS232S3_T03-be\T03_BodegaLaEsquinita_P
12-Nov-2024 10:26:24.601 INFO [main] org.apache.catalina.startup.VersionLoggerListener.log CATALINA_HOME:                     C:\ValleGrande\IntelliJ\apache-tomcat-9.0.93
12-Nov-2024 10:26:24.628 INFO [main] org.apache.catalina.startup.VersionLoggerListener.log Command line argument:             --add-opens=java.base/java.lang=ALL-UNNAMED
12-Nov-2024 10:26:24.628 INFO [main] org.apache.catalina.startup.VersionLoggerListener.log Command line argument:             --add-opens=java.base/java.io=ALL-UNNAMED
12-Nov-2024 10:26:24.629 INFO [main] org.apache.catalina.startup.VersionLoggerListener.log Command line argument:             --add-opens=java.base/java.util=ALL-UNNAMED
12-Nov-2024 10:26:24.629 INFO [main] org.apache.catalina.startup.VersionLoggerListener.log Command line argument:             --add-opens=java.base/java.util.concurrent=ALL-UNNAMED
12-Nov-2024 10:26:24.629 INFO [main] org.apache.catalina.startup.VersionLoggerListener.log Command line argument:             --add-opens=java.rmi/sun.rmi.transport=ALL-UNNAMED
12-Nov-2024 10:26:24.629 INFO [main] org.apache.catalina.startup.VersionLoggerListener.log Command line argument:             -Dcatalina.home=C:\ValleGrande\IntelliJ\apache-tomcat-9.0.93
12-Nov-2024 10:26:24.629 INFO [main] org.apache.catalina.startup.VersionLoggerListener.log Command line argument:             -Dcatalina.base=C:\AS232S3_T03-be\T03_BodegaLaEsquinita_P
12-Nov-2024 10:26:24.629 INFO [main] org.apache.catalina.startup.VersionLoggerListener.log Command line argument:             -Djava.io.tmpdir=C:\AS232S3_T03-be\T03_BodegaLaEsquinita_P\temp
12-Nov-2024 10:26:24.630 INFO [main] org.apache.catalina.startup.VersionLoggerListener.log Command line argument:             -Djava.util.logging.config.file=C:\AS232S3_T03-be\T03_BodegaLaEsquinita_P\conf\logging.properties
12-Nov-2024 10:26:24.630 INFO [main] org.apache.catalina.startup.VersionLoggerListener.log Command line argument:             -Djava.util.logging.manager=org.apache.juli.ClassLoaderLogManager
12-Nov-2024 10:26:24.630 INFO [main] org.apache.catalina.startup.VersionLoggerListener.log Command line argument:             -javaagent:C:\Program Files\JetBrains\IntelliJ IDEA 2024.2.1\lib\idea_rt.jar=59836:C:\Program Files\JetBrains\IntelliJ IDEA 2024.2.1\bin
12-Nov-2024 10:26:24.630 INFO [main] org.apache.catalina.startup.VersionLoggerListener.log Command line argument:             -Dfile.encoding=UTF-8
12-Nov-2024 10:26:24.644 INFO [main] org.apache.catalina.core.AprLifecycleListener.lifecycleEvent Cargada la biblioteca nativa APR de Apache Tomcat [1.3.1] con la versión APR [1.7.4].
12-Nov-2024 10:26:24.645 INFO [main] org.apache.catalina.core.AprLifecycleListener.lifecycleEvent Capacidades APR: IPv6 [true], enviar fichero [true], aceptar filtros [false], aleatorio [true], UDS [true].
12-Nov-2024 10:26:24.645 INFO [main] org.apache.catalina.core.AprLifecycleListener.lifecycleEvent APR/OpenSSL configuration: useAprConnector [false], useOpenSSL [true]
12-Nov-2024 10:26:24.683 INFO [main] org.apache.catalina.core.AprLifecycleListener.initializeSSL OpenSSL inicializado correctamente [OpenSSL 3.0.14 4 Jun 2024]
12-Nov-2024 10:26:25.343 INFO [main] org.apache.coyote.AbstractProtocol.init Inicializando el manejador de protocolo ["http-nio-8080"]

12-Nov-2024 10:26:25.384 INFO [main] org.apache.catalina.startup.Catalina.load Server initialization in [1432] milliseconds
12-Nov-2024 10:26:25.503 INFO [main] org.apache.catalina.core.StandardService.startInternal Arrancando servicio [Catalina]
12-Nov-2024 10:26:25.503 INFO [main] org.apache.catalina.core.StandardEngine.startInternal Starting Servlet engine: [Apache Tomcat/9.0.93]
12-Nov-2024 10:26:25.525 INFO [main] org.apache.catalina.startup.HostConfig.deployDescriptor Desplieque del descriptor de configuración [C:\AS232S3_T03-be\T03_BodegaLaEsquinita_P\conf\Catalina\localhost\T03_BodegaLaEsquinita_P.xml]
12-Nov-2024 10:26:30.695 INFO [main] org.apache.jasper.servlet.TldScanner.scanJars Al menos un JAR, que se ha explorado buscando TLDs, aún no contenía TLDs. Activar historial de depuración para este historiador para una completa lista de los JARs que fueron explorados y de los que nos se halló TLDs. Saltarse JARs no necesarios durante la exploración puede dar lugar a una mejora de tiempo significativa en el arranque y compilación de JSP .
12-Nov-2024 10:26:31.152 INFO [main] org.apache.catalina.startup.HostConfig.deployDescriptor Deployment of deployment descriptor [C:\AS232S3_T03-be\T03_BodegaLaEsquinita_P\conf\Catalina\localhost\T03_BodegaLaEsquinita_P.xml] has finished in [5.626] ms
12-Nov-2024 10:26:31.162 INFO [main] org.apache.coyote.AbstractProtocol.start Starting ProtocolHandler ["http-nio-8080"]
12-Nov-2024 10:26:31.262 INFO [main] org.apache.catalina.startup.Catalina.start Server startup in [5877] milliseconds
12-Nov-2024 10:57:23.408 INFO [Thread-1] org.apache.coyote.AbstractProtocol.pause Pausing ProtocolHandler ["http-nio-8080"]
12-Nov-2024 10:57:24.129 INFO [Thread-1] org.apache.catalina.core.StandardService.stopInternal Parando servicio [Catalina]
12-Nov-2024 10:57:24.651 WARNING [Thread-1] org.apache.catalina.loader.WebappClassLoaderBase.clearReferencesJdbc La aplicación web [T03_BodegaLaEsquinita_P] registró el conductor JDBC [com.microsoft.sqlserver.jdbc.SQLServerDriver] pero falló al anular el registro mientras la aplicación web estaba parada. Para prevenir un fallo de memoria, se ha anulado el registro del conductor JDBC por la fuerza.
12-Nov-2024 10:57:24.851 INFO [Thread-1] org.apache.coyote.AbstractProtocol.stop Stopping ProtocolHandler ["http-nio-8080"]
12-Nov-2024 10:57:24.903 INFO [Thread-1] org.apache.coyote.AbstractProtocol.destroy Destroying ProtocolHandler ["http-nio-8080"]
12-Nov-2024 10:57:37.508 INFO [main] org.apache.catalina.startup.VersionLoggerListener.log Nombre de la versión del servidor: Apache Tomcat/9.0.93
12-Nov-2024 10:57:37.517 INFO [main] org.apache.catalina.startup.VersionLoggerListener.log Server built:                      Aug 2 2024 21:24:59 UTC
12-Nov-2024 10:57:37.517 INFO [main] org.apache.catalina.startup.VersionLoggerListener.log Número de versión de servidor:     9.0.93.0
12-Nov-2024 10:57:37.517 INFO [main] org.apache.catalina.startup.VersionLoggerListener.log OS Name:                           Windows 11
12-Nov-2024 10:57:37.519 INFO [main] org.apache.catalina.startup.VersionLoggerListener.log Versión de Systema Operativo:      10.0
12-Nov-2024 10:57:37.519 INFO [main] org.apache.catalina.startup.VersionLoggerListener.log Arquitectura:                      amd64
12-Nov-2024 10:57:37.519 INFO [main] org.apache.catalina.startup.VersionLoggerListener.log Java Home:                         C:\Program Files\Java\jdk-17
12-Nov-2024 10:57:37.519 INFO [main] org.apache.catalina.startup.VersionLoggerListener.log JVM Version:                       17.0.10+11-LTS-240
12-Nov-2024 10:57:37.520 INFO [main] org.apache.catalina.startup.VersionLoggerListener.log Vededor JVM:                       Oracle Corporation
12-Nov-2024 10:57:37.520 INFO [main] org.apache.catalina.startup.VersionLoggerListener.log CATALINA_BASE:                     C:\AS232S3_T03-be\T03_BodegaLaEsquinita_P
12-Nov-2024 10:57:37.520 INFO [main] org.apache.catalina.startup.VersionLoggerListener.log CATALINA_HOME:                     C:\ValleGrande\IntelliJ\apache-tomcat-9.0.93
12-Nov-2024 10:57:37.538 INFO [main] org.apache.catalina.startup.VersionLoggerListener.log Command line argument:             --add-opens=java.base/java.lang=ALL-UNNAMED
12-Nov-2024 10:57:37.539 INFO [main] org.apache.catalina.startup.VersionLoggerListener.log Command line argument:             --add-opens=java.base/java.io=ALL-UNNAMED
12-Nov-2024 10:57:37.539 INFO [main] org.apache.catalina.startup.VersionLoggerListener.log Command line argument:             --add-opens=java.base/java.util=ALL-UNNAMED
12-Nov-2024 10:57:37.539 INFO [main] org.apache.catalina.startup.VersionLoggerListener.log Command line argument:             --add-opens=java.base/java.util.concurrent=ALL-UNNAMED
12-Nov-2024 10:57:37.539 INFO [main] org.apache.catalina.startup.VersionLoggerListener.log Command line argument:             --add-opens=java.rmi/sun.rmi.transport=ALL-UNNAMED
12-Nov-2024 10:57:37.539 INFO [main] org.apache.catalina.startup.VersionLoggerListener.log Command line argument:             -Dcatalina.home=C:\ValleGrande\IntelliJ\apache-tomcat-9.0.93
12-Nov-2024 10:57:37.539 INFO [main] org.apache.catalina.startup.VersionLoggerListener.log Command line argument:             -Dcatalina.base=C:\AS232S3_T03-be\T03_BodegaLaEsquinita_P
12-Nov-2024 10:57:37.539 INFO [main] org.apache.catalina.startup.VersionLoggerListener.log Command line argument:             -Djava.io.tmpdir=C:\AS232S3_T03-be\T03_BodegaLaEsquinita_P\temp
12-Nov-2024 10:57:37.540 INFO [main] org.apache.catalina.startup.VersionLoggerListener.log Command line argument:             -Djava.util.logging.config.file=C:\AS232S3_T03-be\T03_BodegaLaEsquinita_P\conf\logging.properties
12-Nov-2024 10:57:37.540 INFO [main] org.apache.catalina.startup.VersionLoggerListener.log Command line argument:             -Djava.util.logging.manager=org.apache.juli.ClassLoaderLogManager
12-Nov-2024 10:57:37.540 INFO [main] org.apache.catalina.startup.VersionLoggerListener.log Command line argument:             -javaagent:C:\Program Files\JetBrains\IntelliJ IDEA 2024.2.1\lib\idea_rt.jar=60539:C:\Program Files\JetBrains\IntelliJ IDEA 2024.2.1\bin
12-Nov-2024 10:57:37.540 INFO [main] org.apache.catalina.startup.VersionLoggerListener.log Command line argument:             -Dfile.encoding=UTF-8
12-Nov-2024 10:57:37.553 INFO [main] org.apache.catalina.core.AprLifecycleListener.lifecycleEvent Cargada la biblioteca nativa APR de Apache Tomcat [1.3.1] con la versión APR [1.7.4].
12-Nov-2024 10:57:37.553 INFO [main] org.apache.catalina.core.AprLifecycleListener.lifecycleEvent Capacidades APR: IPv6 [true], enviar fichero [true], aceptar filtros [false], aleatorio [true], UDS [true].
12-Nov-2024 10:57:37.553 INFO [main] org.apache.catalina.core.AprLifecycleListener.lifecycleEvent APR/OpenSSL configuration: useAprConnector [false], useOpenSSL [true]
12-Nov-2024 10:57:37.588 INFO [main] org.apache.catalina.core.AprLifecycleListener.initializeSSL OpenSSL inicializado correctamente [OpenSSL 3.0.14 4 Jun 2024]
12-Nov-2024 10:57:38.194 INFO [main] org.apache.coyote.AbstractProtocol.init Inicializando el manejador de protocolo ["http-nio-8080"]

12-Nov-2024 10:57:38.241 INFO [main] org.apache.catalina.startup.Catalina.load Server initialization in [1267] milliseconds
12-Nov-2024 10:57:38.349 INFO [main] org.apache.catalina.core.StandardService.startInternal Arrancando servicio [Catalina]
12-Nov-2024 10:57:38.350 INFO [main] org.apache.catalina.core.StandardEngine.startInternal Starting Servlet engine: [Apache Tomcat/9.0.93]
12-Nov-2024 10:57:38.369 INFO [main] org.apache.catalina.startup.HostConfig.deployDescriptor Desplieque del descriptor de configuración [C:\AS232S3_T03-be\T03_BodegaLaEsquinita_P\conf\Catalina\localhost\T03_BodegaLaEsquinita_P.xml]
12-Nov-2024 10:57:44.966 INFO [main] org.apache.jasper.servlet.TldScanner.scanJars Al menos un JAR, que se ha explorado buscando TLDs, aún no contenía TLDs. Activar historial de depuración para este historiador para una completa lista de los JARs que fueron explorados y de los que nos se halló TLDs. Saltarse JARs no necesarios durante la exploración puede dar lugar a una mejora de tiempo significativa en el arranque y compilación de JSP .
12-Nov-2024 10:57:45.719 WARNING [main] org.apache.catalina.util.SessionIdGeneratorBase.createSecureRandom Creation of SecureRandom instance for session ID generation using [SHA1PRNG] took [103] milliseconds.
12-Nov-2024 10:57:45.880 INFO [main] org.apache.catalina.startup.HostConfig.deployDescriptor Deployment of deployment descriptor [C:\AS232S3_T03-be\T03_BodegaLaEsquinita_P\conf\Catalina\localhost\T03_BodegaLaEsquinita_P.xml] has finished in [7.511] ms
12-Nov-2024 10:57:45.896 INFO [main] org.apache.coyote.AbstractProtocol.start Starting ProtocolHandler ["http-nio-8080"]
12-Nov-2024 10:57:46.047 INFO [main] org.apache.catalina.startup.Catalina.start Server startup in [7805] milliseconds
12-Nov-2024 11:07:12.667 INFO [Thread-1] org.apache.coyote.AbstractProtocol.pause Pausing ProtocolHandler ["http-nio-8080"]
12-Nov-2024 11:07:13.258 INFO [Thread-1] org.apache.catalina.core.StandardService.stopInternal Parando servicio [Catalina]
12-Nov-2024 11:07:13.954 WARNING [Thread-1] org.apache.catalina.loader.WebappClassLoaderBase.clearReferencesJdbc La aplicación web [T03_BodegaLaEsquinita_P] registró el conductor JDBC [com.microsoft.sqlserver.jdbc.SQLServerDriver] pero falló al anular el registro mientras la aplicación web estaba parada. Para prevenir un fallo de memoria, se ha anulado el registro del conductor JDBC por la fuerza.
12-Nov-2024 11:07:14.152 INFO [Thread-1] org.apache.coyote.AbstractProtocol.stop Stopping ProtocolHandler ["http-nio-8080"]
12-Nov-2024 11:07:14.196 INFO [Thread-1] org.apache.coyote.AbstractProtocol.destroy Destroying ProtocolHandler ["http-nio-8080"]
12-Nov-2024 11:07:26.320 INFO [main] org.apache.catalina.startup.VersionLoggerListener.log Nombre de la versión del servidor: Apache Tomcat/9.0.93
12-Nov-2024 11:07:26.331 INFO [main] org.apache.catalina.startup.VersionLoggerListener.log Server built:                      Aug 2 2024 21:24:59 UTC
12-Nov-2024 11:07:26.332 INFO [main] org.apache.catalina.startup.VersionLoggerListener.log Número de versión de servidor:     9.0.93.0
12-Nov-2024 11:07:26.332 INFO [main] org.apache.catalina.startup.VersionLoggerListener.log OS Name:                           Windows 11
12-Nov-2024 11:07:26.333 INFO [main] org.apache.catalina.startup.VersionLoggerListener.log Versión de Systema Operativo:      10.0
12-Nov-2024 11:07:26.333 INFO [main] org.apache.catalina.startup.VersionLoggerListener.log Arquitectura:                      amd64
12-Nov-2024 11:07:26.334 INFO [main] org.apache.catalina.startup.VersionLoggerListener.log Java Home:                         C:\Program Files\Java\jdk-17
12-Nov-2024 11:07:26.334 INFO [main] org.apache.catalina.startup.VersionLoggerListener.log JVM Version:                       17.0.10+11-LTS-240
12-Nov-2024 11:07:26.334 INFO [main] org.apache.catalina.startup.VersionLoggerListener.log Vededor JVM:                       Oracle Corporation
12-Nov-2024 11:07:26.335 INFO [main] org.apache.catalina.startup.VersionLoggerListener.log CATALINA_BASE:                     C:\AS232S3_T03-be\T03_BodegaLaEsquinita_P
12-Nov-2024 11:07:26.336 INFO [main] org.apache.catalina.startup.VersionLoggerListener.log CATALINA_HOME:                     C:\ValleGrande\IntelliJ\apache-tomcat-9.0.93
12-Nov-2024 11:07:26.358 INFO [main] org.apache.catalina.startup.VersionLoggerListener.log Command line argument:             --add-opens=java.base/java.lang=ALL-UNNAMED
12-Nov-2024 11:07:26.359 INFO [main] org.apache.catalina.startup.VersionLoggerListener.log Command line argument:             --add-opens=java.base/java.io=ALL-UNNAMED
12-Nov-2024 11:07:26.359 INFO [main] org.apache.catalina.startup.VersionLoggerListener.log Command line argument:             --add-opens=java.base/java.util=ALL-UNNAMED
12-Nov-2024 11:07:26.359 INFO [main] org.apache.catalina.startup.VersionLoggerListener.log Command line argument:             --add-opens=java.base/java.util.concurrent=ALL-UNNAMED
12-Nov-2024 11:07:26.359 INFO [main] org.apache.catalina.startup.VersionLoggerListener.log Command line argument:             --add-opens=java.rmi/sun.rmi.transport=ALL-UNNAMED
12-Nov-2024 11:07:26.359 INFO [main] org.apache.catalina.startup.VersionLoggerListener.log Command line argument:             -Dcatalina.home=C:\ValleGrande\IntelliJ\apache-tomcat-9.0.93
12-Nov-2024 11:07:26.360 INFO [main] org.apache.catalina.startup.VersionLoggerListener.log Command line argument:             -Dcatalina.base=C:\AS232S3_T03-be\T03_BodegaLaEsquinita_P
12-Nov-2024 11:07:26.360 INFO [main] org.apache.catalina.startup.VersionLoggerListener.log Command line argument:             -Djava.io.tmpdir=C:\AS232S3_T03-be\T03_BodegaLaEsquinita_P\temp
12-Nov-2024 11:07:26.360 INFO [main] org.apache.catalina.startup.VersionLoggerListener.log Command line argument:             -Djava.util.logging.config.file=C:\AS232S3_T03-be\T03_BodegaLaEsquinita_P\conf\logging.properties
12-Nov-2024 11:07:26.360 INFO [main] org.apache.catalina.startup.VersionLoggerListener.log Command line argument:             -Djava.util.logging.manager=org.apache.juli.ClassLoaderLogManager
12-Nov-2024 11:07:26.361 INFO [main] org.apache.catalina.startup.VersionLoggerListener.log Command line argument:             -javaagent:C:\Program Files\JetBrains\IntelliJ IDEA 2024.2.1\lib\idea_rt.jar=60711:C:\Program Files\JetBrains\IntelliJ IDEA 2024.2.1\bin
12-Nov-2024 11:07:26.361 INFO [main] org.apache.catalina.startup.VersionLoggerListener.log Command line argument:             -Dfile.encoding=UTF-8
12-Nov-2024 11:07:26.374 INFO [main] org.apache.catalina.core.AprLifecycleListener.lifecycleEvent Cargada la biblioteca nativa APR de Apache Tomcat [1.3.1] con la versión APR [1.7.4].
12-Nov-2024 11:07:26.374 INFO [main] org.apache.catalina.core.AprLifecycleListener.lifecycleEvent Capacidades APR: IPv6 [true], enviar fichero [true], aceptar filtros [false], aleatorio [true], UDS [true].
12-Nov-2024 11:07:26.375 INFO [main] org.apache.catalina.core.AprLifecycleListener.lifecycleEvent APR/OpenSSL configuration: useAprConnector [false], useOpenSSL [true]
12-Nov-2024 11:07:26.411 INFO [main] org.apache.catalina.core.AprLifecycleListener.initializeSSL OpenSSL inicializado correctamente [OpenSSL 3.0.14 4 Jun 2024]
12-Nov-2024 11:07:26.896 INFO [main] org.apache.coyote.AbstractProtocol.init Inicializando el manejador de protocolo ["http-nio-8080"]

12-Nov-2024 11:07:26.927 INFO [main] org.apache.catalina.startup.Catalina.load Server initialization in [1036] milliseconds
12-Nov-2024 11:07:27.010 INFO [main] org.apache.catalina.core.StandardService.startInternal Arrancando servicio [Catalina]
12-Nov-2024 11:07:27.010 INFO [main] org.apache.catalina.core.StandardEngine.startInternal Starting Servlet engine: [Apache Tomcat/9.0.93]
12-Nov-2024 11:07:27.027 INFO [main] org.apache.catalina.startup.HostConfig.deployDescriptor Desplieque del descriptor de configuración [C:\AS232S3_T03-be\T03_BodegaLaEsquinita_P\conf\Catalina\localhost\T03_BodegaLaEsquinita_P.xml]
12-Nov-2024 11:07:31.031 INFO [main] org.apache.jasper.servlet.TldScanner.scanJars Al menos un JAR, que se ha explorado buscando TLDs, aún no contenía TLDs. Activar historial de depuración para este historiador para una completa lista de los JARs que fueron explorados y de los que nos se halló TLDs. Saltarse JARs no necesarios durante la exploración puede dar lugar a una mejora de tiempo significativa en el arranque y compilación de JSP .
12-Nov-2024 11:07:31.398 INFO [main] org.apache.catalina.startup.HostConfig.deployDescriptor Deployment of deployment descriptor [C:\AS232S3_T03-be\T03_BodegaLaEsquinita_P\conf\Catalina\localhost\T03_BodegaLaEsquinita_P.xml] has finished in [4.370] ms
12-Nov-2024 11:07:31.407 INFO [main] org.apache.coyote.AbstractProtocol.start Starting ProtocolHandler ["http-nio-8080"]
12-Nov-2024 11:07:31.490 INFO [main] org.apache.catalina.startup.Catalina.start Server startup in [4562] milliseconds
12-Nov-2024 11:14:21.287 INFO [Thread-1] org.apache.coyote.AbstractProtocol.pause Pausing ProtocolHandler ["http-nio-8080"]
12-Nov-2024 11:14:22.268 INFO [Thread-1] org.apache.catalina.core.StandardService.stopInternal Parando servicio [Catalina]
12-Nov-2024 11:14:22.916 WARNING [Thread-1] org.apache.catalina.loader.WebappClassLoaderBase.clearReferencesJdbc La aplicación web [T03_BodegaLaEsquinita_P] registró el conductor JDBC [com.microsoft.sqlserver.jdbc.SQLServerDriver] pero falló al anular el registro mientras la aplicación web estaba parada. Para prevenir un fallo de memoria, se ha anulado el registro del conductor JDBC por la fuerza.
12-Nov-2024 11:14:23.074 INFO [Thread-1] org.apache.coyote.AbstractProtocol.stop Stopping ProtocolHandler ["http-nio-8080"]
12-Nov-2024 11:14:23.117 INFO [Thread-1] org.apache.coyote.AbstractProtocol.destroy Destroying ProtocolHandler ["http-nio-8080"]
12-Nov-2024 11:14:38.124 INFO [main] org.apache.catalina.startup.VersionLoggerListener.log Nombre de la versión del servidor: Apache Tomcat/9.0.93
12-Nov-2024 11:14:38.134 INFO [main] org.apache.catalina.startup.VersionLoggerListener.log Server built:                      Aug 2 2024 21:24:59 UTC
12-Nov-2024 11:14:38.135 INFO [main] org.apache.catalina.startup.VersionLoggerListener.log Número de versión de servidor:     9.0.93.0
12-Nov-2024 11:14:38.135 INFO [main] org.apache.catalina.startup.VersionLoggerListener.log OS Name:                           Windows 11
12-Nov-2024 11:14:38.135 INFO [main] org.apache.catalina.startup.VersionLoggerListener.log Versión de Systema Operativo:      10.0
12-Nov-2024 11:14:38.135 INFO [main] org.apache.catalina.startup.VersionLoggerListener.log Arquitectura:                      amd64
12-Nov-2024 11:14:38.135 INFO [main] org.apache.catalina.startup.VersionLoggerListener.log Java Home:                         C:\Program Files\Java\jdk-17
12-Nov-2024 11:14:38.136 INFO [main] org.apache.catalina.startup.VersionLoggerListener.log JVM Version:                       17.0.10+11-LTS-240
12-Nov-2024 11:14:38.136 INFO [main] org.apache.catalina.startup.VersionLoggerListener.log Vededor JVM:                       Oracle Corporation
12-Nov-2024 11:14:38.136 INFO [main] org.apache.catalina.startup.VersionLoggerListener.log CATALINA_BASE:                     C:\AS232S3_T03-be\T03_BodegaLaEsquinita_P
12-Nov-2024 11:14:38.136 INFO [main] org.apache.catalina.startup.VersionLoggerListener.log CATALINA_HOME:                     C:\ValleGrande\IntelliJ\apache-tomcat-9.0.93
12-Nov-2024 11:14:38.160 INFO [main] org.apache.catalina.startup.VersionLoggerListener.log Command line argument:             --add-opens=java.base/java.lang=ALL-UNNAMED
12-Nov-2024 11:14:38.160 INFO [main] org.apache.catalina.startup.VersionLoggerListener.log Command line argument:             --add-opens=java.base/java.io=ALL-UNNAMED
12-Nov-2024 11:14:38.161 INFO [main] org.apache.catalina.startup.VersionLoggerListener.log Command line argument:             --add-opens=java.base/java.util=ALL-UNNAMED
12-Nov-2024 11:14:38.161 INFO [main] org.apache.catalina.startup.VersionLoggerListener.log Command line argument:             --add-opens=java.base/java.util.concurrent=ALL-UNNAMED
12-Nov-2024 11:14:38.161 INFO [main] org.apache.catalina.startup.VersionLoggerListener.log Command line argument:             --add-opens=java.rmi/sun.rmi.transport=ALL-UNNAMED
12-Nov-2024 11:14:38.161 INFO [main] org.apache.catalina.startup.VersionLoggerListener.log Command line argument:             -Dcatalina.home=C:\ValleGrande\IntelliJ\apache-tomcat-9.0.93
12-Nov-2024 11:14:38.162 INFO [main] org.apache.catalina.startup.VersionLoggerListener.log Command line argument:             -Dcatalina.base=C:\AS232S3_T03-be\T03_BodegaLaEsquinita_P
12-Nov-2024 11:14:38.162 INFO [main] org.apache.catalina.startup.VersionLoggerListener.log Command line argument:             -Djava.io.tmpdir=C:\AS232S3_T03-be\T03_BodegaLaEsquinita_P\temp
12-Nov-2024 11:14:38.162 INFO [main] org.apache.catalina.startup.VersionLoggerListener.log Command line argument:             -Djava.util.logging.config.file=C:\AS232S3_T03-be\T03_BodegaLaEsquinita_P\conf\logging.properties
12-Nov-2024 11:14:38.162 INFO [main] org.apache.catalina.startup.VersionLoggerListener.log Command line argument:             -Djava.util.logging.manager=org.apache.juli.ClassLoaderLogManager
12-Nov-2024 11:14:38.164 INFO [main] org.apache.catalina.startup.VersionLoggerListener.log Command line argument:             -javaagent:C:\Program Files\JetBrains\IntelliJ IDEA 2024.2.1\lib\idea_rt.jar=57921:C:\Program Files\JetBrains\IntelliJ IDEA 2024.2.1\bin
12-Nov-2024 11:14:38.164 INFO [main] org.apache.catalina.startup.VersionLoggerListener.log Command line argument:             -Dfile.encoding=UTF-8
12-Nov-2024 11:14:38.181 INFO [main] org.apache.catalina.core.AprLifecycleListener.lifecycleEvent Cargada la biblioteca nativa APR de Apache Tomcat [1.3.1] con la versión APR [1.7.4].
12-Nov-2024 11:14:38.181 INFO [main] org.apache.catalina.core.AprLifecycleListener.lifecycleEvent Capacidades APR: IPv6 [true], enviar fichero [true], aceptar filtros [false], aleatorio [true], UDS [true].
12-Nov-2024 11:14:38.181 INFO [main] org.apache.catalina.core.AprLifecycleListener.lifecycleEvent APR/OpenSSL configuration: useAprConnector [false], useOpenSSL [true]
12-Nov-2024 11:14:38.229 INFO [main] org.apache.catalina.core.AprLifecycleListener.initializeSSL OpenSSL inicializado correctamente [OpenSSL 3.0.14 4 Jun 2024]
12-Nov-2024 11:14:38.982 INFO [main] org.apache.coyote.AbstractProtocol.init Inicializando el manejador de protocolo ["http-nio-8080"]

12-Nov-2024 11:14:39.032 INFO [main] org.apache.catalina.startup.Catalina.load Server initialization in [1509] milliseconds
12-Nov-2024 11:14:39.135 INFO [main] org.apache.catalina.core.StandardService.startInternal Arrancando servicio [Catalina]
12-Nov-2024 11:14:39.135 INFO [main] org.apache.catalina.core.StandardEngine.startInternal Starting Servlet engine: [Apache Tomcat/9.0.93]
12-Nov-2024 11:14:39.159 INFO [main] org.apache.catalina.startup.HostConfig.deployDescriptor Desplieque del descriptor de configuración [C:\AS232S3_T03-be\T03_BodegaLaEsquinita_P\conf\Catalina\localhost\T03_BodegaLaEsquinita_P.xml]
12-Nov-2024 11:14:44.420 INFO [main] org.apache.jasper.servlet.TldScanner.scanJars Al menos un JAR, que se ha explorado buscando TLDs, aún no contenía TLDs. Activar historial de depuración para este historiador para una completa lista de los JARs que fueron explorados y de los que nos se halló TLDs. Saltarse JARs no necesarios durante la exploración puede dar lugar a una mejora de tiempo significativa en el arranque y compilación de JSP .
12-Nov-2024 11:14:44.834 INFO [main] org.apache.catalina.startup.HostConfig.deployDescriptor Deployment of deployment descriptor [C:\AS232S3_T03-be\T03_BodegaLaEsquinita_P\conf\Catalina\localhost\T03_BodegaLaEsquinita_P.xml] has finished in [5.675] ms
12-Nov-2024 11:14:44.840 INFO [main] org.apache.coyote.AbstractProtocol.start Starting ProtocolHandler ["http-nio-8080"]
12-Nov-2024 11:14:44.906 INFO [main] org.apache.catalina.startup.Catalina.start Server startup in [5873] milliseconds
12-Nov-2024 11:21:25.704 INFO [Thread-1] org.apache.coyote.AbstractProtocol.pause Pausing ProtocolHandler ["http-nio-8080"]
12-Nov-2024 11:21:26.140 INFO [Thread-1] org.apache.catalina.core.StandardService.stopInternal Parando servicio [Catalina]
12-Nov-2024 11:21:26.599 WARNING [Thread-1] org.apache.catalina.loader.WebappClassLoaderBase.clearReferencesJdbc La aplicación web [T03_BodegaLaEsquinita_P] registró el conductor JDBC [com.microsoft.sqlserver.jdbc.SQLServerDriver] pero falló al anular el registro mientras la aplicación web estaba parada. Para prevenir un fallo de memoria, se ha anulado el registro del conductor JDBC por la fuerza.
12-Nov-2024 11:21:26.716 INFO [Thread-1] org.apache.coyote.AbstractProtocol.stop Stopping ProtocolHandler ["http-nio-8080"]
12-Nov-2024 11:21:26.745 INFO [Thread-1] org.apache.coyote.AbstractProtocol.destroy Destroying ProtocolHandler ["http-nio-8080"]
12-Nov-2024 11:21:42.018 INFO [main] org.apache.catalina.startup.VersionLoggerListener.log Nombre de la versión del servidor: Apache Tomcat/9.0.93
12-Nov-2024 11:21:42.028 INFO [main] org.apache.catalina.startup.VersionLoggerListener.log Server built:                      Aug 2 2024 21:24:59 UTC
12-Nov-2024 11:21:42.028 INFO [main] org.apache.catalina.startup.VersionLoggerListener.log Número de versión de servidor:     9.0.93.0
12-Nov-2024 11:21:42.028 INFO [main] org.apache.catalina.startup.VersionLoggerListener.log OS Name:                           Windows 11
12-Nov-2024 11:21:42.028 INFO [main] org.apache.catalina.startup.VersionLoggerListener.log Versión de Systema Operativo:      10.0
12-Nov-2024 11:21:42.029 INFO [main] org.apache.catalina.startup.VersionLoggerListener.log Arquitectura:                      amd64
12-Nov-2024 11:21:42.029 INFO [main] org.apache.catalina.startup.VersionLoggerListener.log Java Home:                         C:\Program Files\Java\jdk-17
12-Nov-2024 11:21:42.029 INFO [main] org.apache.catalina.startup.VersionLoggerListener.log JVM Version:                       17.0.10+11-LTS-240
12-Nov-2024 11:21:42.029 INFO [main] org.apache.catalina.startup.VersionLoggerListener.log Vededor JVM:                       Oracle Corporation
12-Nov-2024 11:21:42.029 INFO [main] org.apache.catalina.startup.VersionLoggerListener.log CATALINA_BASE:                     C:\AS232S3_T03-be\T03_BodegaLaEsquinita_P
12-Nov-2024 11:21:42.029 INFO [main] org.apache.catalina.startup.VersionLoggerListener.log CATALINA_HOME:                     C:\ValleGrande\IntelliJ\apache-tomcat-9.0.93
12-Nov-2024 11:21:42.052 INFO [main] org.apache.catalina.startup.VersionLoggerListener.log Command line argument:             --add-opens=java.base/java.lang=ALL-UNNAMED
12-Nov-2024 11:21:42.052 INFO [main] org.apache.catalina.startup.VersionLoggerListener.log Command line argument:             --add-opens=java.base/java.io=ALL-UNNAMED
12-Nov-2024 11:21:42.052 INFO [main] org.apache.catalina.startup.VersionLoggerListener.log Command line argument:             --add-opens=java.base/java.util=ALL-UNNAMED
12-Nov-2024 11:21:42.053 INFO [main] org.apache.catalina.startup.VersionLoggerListener.log Command line argument:             --add-opens=java.base/java.util.concurrent=ALL-UNNAMED
12-Nov-2024 11:21:42.053 INFO [main] org.apache.catalina.startup.VersionLoggerListener.log Command line argument:             --add-opens=java.rmi/sun.rmi.transport=ALL-UNNAMED
12-Nov-2024 11:21:42.053 INFO [main] org.apache.catalina.startup.VersionLoggerListener.log Command line argument:             -Dcatalina.home=C:\ValleGrande\IntelliJ\apache-tomcat-9.0.93
12-Nov-2024 11:21:42.053 INFO [main] org.apache.catalina.startup.VersionLoggerListener.log Command line argument:             -Dcatalina.base=C:\AS232S3_T03-be\T03_BodegaLaEsquinita_P
12-Nov-2024 11:21:42.054 INFO [main] org.apache.catalina.startup.VersionLoggerListener.log Command line argument:             -Djava.io.tmpdir=C:\AS232S3_T03-be\T03_BodegaLaEsquinita_P\temp
12-Nov-2024 11:21:42.054 INFO [main] org.apache.catalina.startup.VersionLoggerListener.log Command line argument:             -Djava.util.logging.config.file=C:\AS232S3_T03-be\T03_BodegaLaEsquinita_P\conf\logging.properties
12-Nov-2024 11:21:42.054 INFO [main] org.apache.catalina.startup.VersionLoggerListener.log Command line argument:             -Djava.util.logging.manager=org.apache.juli.ClassLoaderLogManager
12-Nov-2024 11:21:42.054 INFO [main] org.apache.catalina.startup.VersionLoggerListener.log Command line argument:             -javaagent:C:\Program Files\JetBrains\IntelliJ IDEA 2024.2.1\lib\idea_rt.jar=58024:C:\Program Files\JetBrains\IntelliJ IDEA 2024.2.1\bin
12-Nov-2024 11:21:42.055 INFO [main] org.apache.catalina.startup.VersionLoggerListener.log Command line argument:             -Dfile.encoding=UTF-8
12-Nov-2024 11:21:42.069 INFO [main] org.apache.catalina.core.AprLifecycleListener.lifecycleEvent Cargada la biblioteca nativa APR de Apache Tomcat [1.3.1] con la versión APR [1.7.4].
12-Nov-2024 11:21:42.069 INFO [main] org.apache.catalina.core.AprLifecycleListener.lifecycleEvent Capacidades APR: IPv6 [true], enviar fichero [true], aceptar filtros [false], aleatorio [true], UDS [true].
12-Nov-2024 11:21:42.069 INFO [main] org.apache.catalina.core.AprLifecycleListener.lifecycleEvent APR/OpenSSL configuration: useAprConnector [false], useOpenSSL [true]
12-Nov-2024 11:21:42.119 INFO [main] org.apache.catalina.core.AprLifecycleListener.initializeSSL OpenSSL inicializado correctamente [OpenSSL 3.0.14 4 Jun 2024]
12-Nov-2024 11:21:42.692 INFO [main] org.apache.coyote.AbstractProtocol.init Inicializando el manejador de protocolo ["http-nio-8080"]

12-Nov-2024 11:21:42.743 INFO [main] org.apache.catalina.startup.Catalina.load Server initialization in [1334] milliseconds
12-Nov-2024 11:21:42.877 INFO [main] org.apache.catalina.core.StandardService.startInternal Arrancando servicio [Catalina]
12-Nov-2024 11:21:42.877 INFO [main] org.apache.catalina.core.StandardEngine.startInternal Starting Servlet engine: [Apache Tomcat/9.0.93]
12-Nov-2024 11:21:42.905 INFO [main] org.apache.catalina.startup.HostConfig.deployDescriptor Desplieque del descriptor de configuración [C:\AS232S3_T03-be\T03_BodegaLaEsquinita_P\conf\Catalina\localhost\T03_BodegaLaEsquinita_P.xml]
12-Nov-2024 11:21:48.771 INFO [main] org.apache.jasper.servlet.TldScanner.scanJars Al menos un JAR, que se ha explorado buscando TLDs, aún no contenía TLDs. Activar historial de depuración para este historiador para una completa lista de los JARs que fueron explorados y de los que nos se halló TLDs. Saltarse JARs no necesarios durante la exploración puede dar lugar a una mejora de tiempo significativa en el arranque y compilación de JSP .
12-Nov-2024 11:21:49.089 INFO [main] org.apache.catalina.startup.HostConfig.deployDescriptor Deployment of deployment descriptor [C:\AS232S3_T03-be\T03_BodegaLaEsquinita_P\conf\Catalina\localhost\T03_BodegaLaEsquinita_P.xml] has finished in [6.184] ms
12-Nov-2024 11:21:49.095 INFO [main] org.apache.coyote.AbstractProtocol.start Starting ProtocolHandler ["http-nio-8080"]
12-Nov-2024 11:21:49.175 INFO [main] org.apache.catalina.startup.Catalina.start Server startup in [6432] milliseconds
12-Nov-2024 11:24:47.827 INFO [Thread-1] org.apache.coyote.AbstractProtocol.pause Pausing ProtocolHandler ["http-nio-8080"]
12-Nov-2024 11:24:48.228 INFO [Thread-1] org.apache.catalina.core.StandardService.stopInternal Parando servicio [Catalina]
12-Nov-2024 11:24:48.585 WARNING [Thread-1] org.apache.catalina.loader.WebappClassLoaderBase.clearReferencesJdbc La aplicación web [T03_BodegaLaEsquinita_P] registró el conductor JDBC [com.microsoft.sqlserver.jdbc.SQLServerDriver] pero falló al anular el registro mientras la aplicación web estaba parada. Para prevenir un fallo de memoria, se ha anulado el registro del conductor JDBC por la fuerza.
12-Nov-2024 11:24:48.723 INFO [Thread-1] org.apache.coyote.AbstractProtocol.stop Stopping ProtocolHandler ["http-nio-8080"]
12-Nov-2024 11:24:48.760 INFO [Thread-1] org.apache.coyote.AbstractProtocol.destroy Destroying ProtocolHandler ["http-nio-8080"]
12-Nov-2024 11:28:52.530 INFO [main] org.apache.catalina.startup.VersionLoggerListener.log Nombre de la versión del servidor: Apache Tomcat/9.0.93
12-Nov-2024 11:28:52.540 INFO [main] org.apache.catalina.startup.VersionLoggerListener.log Server built:                      Aug 2 2024 21:24:59 UTC
12-Nov-2024 11:28:52.541 INFO [main] org.apache.catalina.startup.VersionLoggerListener.log Número de versión de servidor:     9.0.93.0
12-Nov-2024 11:28:52.541 INFO [main] org.apache.catalina.startup.VersionLoggerListener.log OS Name:                           Windows 11
12-Nov-2024 11:28:52.542 INFO [main] org.apache.catalina.startup.VersionLoggerListener.log Versión de Systema Operativo:      10.0
12-Nov-2024 11:28:52.542 INFO [main] org.apache.catalina.startup.VersionLoggerListener.log Arquitectura:                      amd64
12-Nov-2024 11:28:52.542 INFO [main] org.apache.catalina.startup.VersionLoggerListener.log Java Home:                         C:\Program Files\Java\jdk-17
12-Nov-2024 11:28:52.542 INFO [main] org.apache.catalina.startup.VersionLoggerListener.log JVM Version:                       17.0.10+11-LTS-240
12-Nov-2024 11:28:52.542 INFO [main] org.apache.catalina.startup.VersionLoggerListener.log Vededor JVM:                       Oracle Corporation
12-Nov-2024 11:28:52.542 INFO [main] org.apache.catalina.startup.VersionLoggerListener.log CATALINA_BASE:                     C:\AS232S3_T03-be\T03_BodegaLaEsquinita_P
12-Nov-2024 11:28:52.543 INFO [main] org.apache.catalina.startup.VersionLoggerListener.log CATALINA_HOME:                     C:\ValleGrande\IntelliJ\apache-tomcat-9.0.93
12-Nov-2024 11:28:52.576 INFO [main] org.apache.catalina.startup.VersionLoggerListener.log Command line argument:             --add-opens=java.base/java.lang=ALL-UNNAMED
12-Nov-2024 11:28:52.576 INFO [main] org.apache.catalina.startup.VersionLoggerListener.log Command line argument:             --add-opens=java.base/java.io=ALL-UNNAMED
12-Nov-2024 11:28:52.576 INFO [main] org.apache.catalina.startup.VersionLoggerListener.log Command line argument:             --add-opens=java.base/java.util=ALL-UNNAMED
12-Nov-2024 11:28:52.576 INFO [main] org.apache.catalina.startup.VersionLoggerListener.log Command line argument:             --add-opens=java.base/java.util.concurrent=ALL-UNNAMED
12-Nov-2024 11:28:52.577 INFO [main] org.apache.catalina.startup.VersionLoggerListener.log Command line argument:             --add-opens=java.rmi/sun.rmi.transport=ALL-UNNAMED
12-Nov-2024 11:28:52.577 INFO [main] org.apache.catalina.startup.VersionLoggerListener.log Command line argument:             -Dcatalina.home=C:\ValleGrande\IntelliJ\apache-tomcat-9.0.93
12-Nov-2024 11:28:52.577 INFO [main] org.apache.catalina.startup.VersionLoggerListener.log Command line argument:             -Dcatalina.base=C:\AS232S3_T03-be\T03_BodegaLaEsquinita_P
12-Nov-2024 11:28:52.577 INFO [main] org.apache.catalina.startup.VersionLoggerListener.log Command line argument:             -Djava.io.tmpdir=C:\AS232S3_T03-be\T03_BodegaLaEsquinita_P\temp
12-Nov-2024 11:28:52.577 INFO [main] org.apache.catalina.startup.VersionLoggerListener.log Command line argument:             -Djava.util.logging.config.file=C:\AS232S3_T03-be\T03_BodegaLaEsquinita_P\conf\logging.properties
12-Nov-2024 11:28:52.577 INFO [main] org.apache.catalina.startup.VersionLoggerListener.log Command line argument:             -Djava.util.logging.manager=org.apache.juli.ClassLoaderLogManager
12-Nov-2024 11:28:52.577 INFO [main] org.apache.catalina.startup.VersionLoggerListener.log Command line argument:             -javaagent:C:\Program Files\JetBrains\IntelliJ IDEA 2024.2.1\lib\idea_rt.jar=58142:C:\Program Files\JetBrains\IntelliJ IDEA 2024.2.1\bin
12-Nov-2024 11:28:52.577 INFO [main] org.apache.catalina.startup.VersionLoggerListener.log Command line argument:             -Dfile.encoding=UTF-8
12-Nov-2024 11:28:54.867 INFO [main] org.apache.catalina.core.AprLifecycleListener.lifecycleEvent Cargada la biblioteca nativa APR de Apache Tomcat [1.3.1] con la versión APR [1.7.4].
12-Nov-2024 11:28:54.869 INFO [main] org.apache.catalina.core.AprLifecycleListener.lifecycleEvent Capacidades APR: IPv6 [true], enviar fichero [true], aceptar filtros [false], aleatorio [true], UDS [true].
12-Nov-2024 11:28:54.869 INFO [main] org.apache.catalina.core.AprLifecycleListener.lifecycleEvent APR/OpenSSL configuration: useAprConnector [false], useOpenSSL [true]
12-Nov-2024 11:28:54.905 INFO [main] org.apache.catalina.core.AprLifecycleListener.initializeSSL OpenSSL inicializado correctamente [OpenSSL 3.0.14 4 Jun 2024]
12-Nov-2024 11:28:55.446 INFO [main] org.apache.coyote.AbstractProtocol.init Inicializando el manejador de protocolo ["http-nio-8080"]

12-Nov-2024 11:28:55.483 INFO [main] org.apache.catalina.startup.Catalina.load Server initialization in [3656] milliseconds
12-Nov-2024 11:28:55.568 INFO [main] org.apache.catalina.core.StandardService.startInternal Arrancando servicio [Catalina]
12-Nov-2024 11:28:55.568 INFO [main] org.apache.catalina.core.StandardEngine.startInternal Starting Servlet engine: [Apache Tomcat/9.0.93]
12-Nov-2024 11:28:55.591 INFO [main] org.apache.catalina.startup.HostConfig.deployDescriptor Desplieque del descriptor de configuración [C:\AS232S3_T03-be\T03_BodegaLaEsquinita_P\conf\Catalina\localhost\T03_BodegaLaEsquinita_P.xml]
12-Nov-2024 11:29:04.227 INFO [main] org.apache.jasper.servlet.TldScanner.scanJars Al menos un JAR, que se ha explorado buscando TLDs, aún no contenía TLDs. Activar historial de depuración para este historiador para una completa lista de los JARs que fueron explorados y de los que nos se halló TLDs. Saltarse JARs no necesarios durante la exploración puede dar lugar a una mejora de tiempo significativa en el arranque y compilación de JSP .
12-Nov-2024 11:29:04.954 WARNING [main] org.apache.catalina.util.SessionIdGeneratorBase.createSecureRandom Creation of SecureRandom instance for session ID generation using [SHA1PRNG] took [175] milliseconds.
12-Nov-2024 11:29:05.177 INFO [main] org.apache.catalina.startup.HostConfig.deployDescriptor Deployment of deployment descriptor [C:\AS232S3_T03-be\T03_BodegaLaEsquinita_P\conf\Catalina\localhost\T03_BodegaLaEsquinita_P.xml] has finished in [9.582] ms
12-Nov-2024 11:29:05.221 INFO [main] org.apache.coyote.AbstractProtocol.start Starting ProtocolHandler ["http-nio-8080"]
12-Nov-2024 11:29:05.492 INFO [main] org.apache.catalina.startup.Catalina.start Server startup in [10008] milliseconds
12-Nov-2024 11:31:24.639 INFO [Thread-1] org.apache.coyote.AbstractProtocol.pause Pausing ProtocolHandler ["http-nio-8080"]
12-Nov-2024 11:31:25.197 INFO [Thread-1] org.apache.catalina.core.StandardService.stopInternal Parando servicio [Catalina]
12-Nov-2024 11:31:26.297 WARNING [Thread-1] org.apache.catalina.loader.WebappClassLoaderBase.clearReferencesJdbc La aplicación web [T03_BodegaLaEsquinita_P] registró el conductor JDBC [com.microsoft.sqlserver.jdbc.SQLServerDriver] pero falló al anular el registro mientras la aplicación web estaba parada. Para prevenir un fallo de memoria, se ha anulado el registro del conductor JDBC por la fuerza.
12-Nov-2024 11:31:26.704 INFO [Thread-1] org.apache.coyote.AbstractProtocol.stop Stopping ProtocolHandler ["http-nio-8080"]
12-Nov-2024 11:31:27.143 INFO [Thread-1] org.apache.coyote.AbstractProtocol.destroy Destroying ProtocolHandler ["http-nio-8080"]
