07-Nov-2024 10:23:49.148 INFO [main] org.apache.catalina.startup.VersionLoggerListener.log Nombre de la versión del servidor: Apache Tomcat/9.0.93
07-Nov-2024 10:23:49.158 INFO [main] org.apache.catalina.startup.VersionLoggerListener.log Server built:                      Aug 2 2024 21:24:59 UTC
07-Nov-2024 10:23:49.158 INFO [main] org.apache.catalina.startup.VersionLoggerListener.log Número de versión de servidor:     9.0.93.0
07-Nov-2024 10:23:49.158 INFO [main] org.apache.catalina.startup.VersionLoggerListener.log OS Name:                           Windows 11
07-Nov-2024 10:23:49.158 INFO [main] org.apache.catalina.startup.VersionLoggerListener.log Versión de Systema Operativo:      10.0
07-Nov-2024 10:23:49.158 INFO [main] org.apache.catalina.startup.VersionLoggerListener.log Arquitectura:                      amd64
07-Nov-2024 10:23:49.158 INFO [main] org.apache.catalina.startup.VersionLoggerListener.log Java Home:                         C:\Program Files\Java\jdk-17
07-Nov-2024 10:23:49.158 INFO [main] org.apache.catalina.startup.VersionLoggerListener.log JVM Version:                       17.0.10+11-LTS-240
07-Nov-2024 10:23:49.158 INFO [main] org.apache.catalina.startup.VersionLoggerListener.log Vededor JVM:                       Oracle Corporation
07-Nov-2024 10:23:49.158 INFO [main] org.apache.catalina.startup.VersionLoggerListener.log CATALINA_BASE:                     C:\AS232S3_T03-be\T03_BodegaLaEsquinita_P
07-Nov-2024 10:23:49.158 INFO [main] org.apache.catalina.startup.VersionLoggerListener.log CATALINA_HOME:                     C:\ValleGrande\IntelliJ\apache-tomcat-9.0.93
07-Nov-2024 10:23:49.176 INFO [main] org.apache.catalina.startup.VersionLoggerListener.log Command line argument:             --add-opens=java.base/java.lang=ALL-UNNAMED
07-Nov-2024 10:23:49.177 INFO [main] org.apache.catalina.startup.VersionLoggerListener.log Command line argument:             --add-opens=java.base/java.io=ALL-UNNAMED
07-Nov-2024 10:23:49.177 INFO [main] org.apache.catalina.startup.VersionLoggerListener.log Command line argument:             --add-opens=java.base/java.util=ALL-UNNAMED
07-Nov-2024 10:23:49.177 INFO [main] org.apache.catalina.startup.VersionLoggerListener.log Command line argument:             --add-opens=java.base/java.util.concurrent=ALL-UNNAMED
07-Nov-2024 10:23:49.177 INFO [main] org.apache.catalina.startup.VersionLoggerListener.log Command line argument:             --add-opens=java.rmi/sun.rmi.transport=ALL-UNNAMED
07-Nov-2024 10:23:49.177 INFO [main] org.apache.catalina.startup.VersionLoggerListener.log Command line argument:             -Dcatalina.home=C:\ValleGrande\IntelliJ\apache-tomcat-9.0.93
07-Nov-2024 10:23:49.177 INFO [main] org.apache.catalina.startup.VersionLoggerListener.log Command line argument:             -Dcatalina.base=C:\AS232S3_T03-be\T03_BodegaLaEsquinita_P
07-Nov-2024 10:23:49.177 INFO [main] org.apache.catalina.startup.VersionLoggerListener.log Command line argument:             -Djava.io.tmpdir=C:\AS232S3_T03-be\T03_BodegaLaEsquinita_P\temp
07-Nov-2024 10:23:49.177 INFO [main] org.apache.catalina.startup.VersionLoggerListener.log Command line argument:             -Djava.util.logging.config.file=C:\AS232S3_T03-be\T03_BodegaLaEsquinita_P\conf\logging.properties
07-Nov-2024 10:23:49.177 INFO [main] org.apache.catalina.startup.VersionLoggerListener.log Command line argument:             -Djava.util.logging.manager=org.apache.juli.ClassLoaderLogManager
07-Nov-2024 10:23:49.177 INFO [main] org.apache.catalina.startup.VersionLoggerListener.log Command line argument:             -javaagent:C:\Program Files\JetBrains\IntelliJ IDEA 2024.2.1\lib\idea_rt.jar=59687:C:\Program Files\JetBrains\IntelliJ IDEA 2024.2.1\bin
07-Nov-2024 10:23:49.177 INFO [main] org.apache.catalina.startup.VersionLoggerListener.log Command line argument:             -Dfile.encoding=UTF-8
07-Nov-2024 10:23:49.298 INFO [main] org.apache.catalina.core.AprLifecycleListener.lifecycleEvent Cargada la biblioteca nativa APR de Apache Tomcat [1.3.1] con la versión APR [1.7.4].
07-Nov-2024 10:23:49.299 INFO [main] org.apache.catalina.core.AprLifecycleListener.lifecycleEvent Capacidades APR: IPv6 [true], enviar fichero [true], aceptar filtros [false], aleatorio [true], UDS [true].
07-Nov-2024 10:23:49.299 INFO [main] org.apache.catalina.core.AprLifecycleListener.lifecycleEvent APR/OpenSSL configuration: useAprConnector [false], useOpenSSL [true]
07-Nov-2024 10:23:49.322 INFO [main] org.apache.catalina.core.AprLifecycleListener.initializeSSL OpenSSL inicializado correctamente [OpenSSL 3.0.14 4 Jun 2024]
07-Nov-2024 10:23:49.942 INFO [main] org.apache.coyote.AbstractProtocol.init Inicializando el manejador de protocolo ["http-nio-8080"]

07-Nov-2024 10:23:49.970 INFO [main] org.apache.catalina.startup.Catalina.load Server initialization in [1270] milliseconds
07-Nov-2024 10:23:50.058 INFO [main] org.apache.catalina.core.StandardService.startInternal Arrancando servicio [Catalina]
07-Nov-2024 10:23:50.059 INFO [main] org.apache.catalina.core.StandardEngine.startInternal Starting Servlet engine: [Apache Tomcat/9.0.93]
07-Nov-2024 10:23:50.079 INFO [main] org.apache.catalina.startup.HostConfig.deployDescriptor Desplieque del descriptor de configuración [C:\AS232S3_T03-be\T03_BodegaLaEsquinita_P\conf\Catalina\localhost\T03_BodegaLaEsquinita_P.xml]
07-Nov-2024 10:24:00.800 INFO [main] org.apache.jasper.servlet.TldScanner.scanJars Al menos un JAR, que se ha explorado buscando TLDs, aún no contenía TLDs. Activar historial de depuración para este historiador para una completa lista de los JARs que fueron explorados y de los que nos se halló TLDs. Saltarse JARs no necesarios durante la exploración puede dar lugar a una mejora de tiempo significativa en el arranque y compilación de JSP .
07-Nov-2024 10:24:01.393 INFO [main] org.apache.catalina.startup.HostConfig.deployDescriptor Deployment of deployment descriptor [C:\AS232S3_T03-be\T03_BodegaLaEsquinita_P\conf\Catalina\localhost\T03_BodegaLaEsquinita_P.xml] has finished in [11.313] ms
07-Nov-2024 10:24:01.401 INFO [main] org.apache.coyote.AbstractProtocol.start Starting ProtocolHandler ["http-nio-8080"]
07-Nov-2024 10:24:01.486 INFO [main] org.apache.catalina.startup.Catalina.start Server startup in [11515] milliseconds
07-Nov-2024 12:00:15.785 INFO [main] org.apache.catalina.startup.VersionLoggerListener.log Nombre de la versión del servidor: Apache Tomcat/9.0.93
07-Nov-2024 12:00:15.804 INFO [main] org.apache.catalina.startup.VersionLoggerListener.log Server built:                      Aug 2 2024 21:24:59 UTC
07-Nov-2024 12:00:15.809 INFO [main] org.apache.catalina.startup.VersionLoggerListener.log Número de versión de servidor:     9.0.93.0
07-Nov-2024 12:00:15.809 INFO [main] org.apache.catalina.startup.VersionLoggerListener.log OS Name:                           Windows 11
07-Nov-2024 12:00:15.809 INFO [main] org.apache.catalina.startup.VersionLoggerListener.log Versión de Systema Operativo:      10.0
07-Nov-2024 12:00:15.811 INFO [main] org.apache.catalina.startup.VersionLoggerListener.log Arquitectura:                      amd64
07-Nov-2024 12:00:15.812 INFO [main] org.apache.catalina.startup.VersionLoggerListener.log Java Home:                         C:\Program Files\Java\jdk-17
07-Nov-2024 12:00:15.812 INFO [main] org.apache.catalina.startup.VersionLoggerListener.log JVM Version:                       17.0.10+11-LTS-240
07-Nov-2024 12:00:15.812 INFO [main] org.apache.catalina.startup.VersionLoggerListener.log Vededor JVM:                       Oracle Corporation
07-Nov-2024 12:00:15.812 INFO [main] org.apache.catalina.startup.VersionLoggerListener.log CATALINA_BASE:                     C:\AS232S3_T03-be\T03_BodegaLaEsquinita_P
07-Nov-2024 12:00:15.813 INFO [main] org.apache.catalina.startup.VersionLoggerListener.log CATALINA_HOME:                     C:\ValleGrande\IntelliJ\apache-tomcat-9.0.93
07-Nov-2024 12:00:15.850 INFO [main] org.apache.catalina.startup.VersionLoggerListener.log Command line argument:             --add-opens=java.base/java.lang=ALL-UNNAMED
07-Nov-2024 12:00:15.850 INFO [main] org.apache.catalina.startup.VersionLoggerListener.log Command line argument:             --add-opens=java.base/java.io=ALL-UNNAMED
07-Nov-2024 12:00:15.851 INFO [main] org.apache.catalina.startup.VersionLoggerListener.log Command line argument:             --add-opens=java.base/java.util=ALL-UNNAMED
07-Nov-2024 12:00:15.851 INFO [main] org.apache.catalina.startup.VersionLoggerListener.log Command line argument:             --add-opens=java.base/java.util.concurrent=ALL-UNNAMED
07-Nov-2024 12:00:15.851 INFO [main] org.apache.catalina.startup.VersionLoggerListener.log Command line argument:             --add-opens=java.rmi/sun.rmi.transport=ALL-UNNAMED
07-Nov-2024 12:00:15.851 INFO [main] org.apache.catalina.startup.VersionLoggerListener.log Command line argument:             -Dcatalina.home=C:\ValleGrande\IntelliJ\apache-tomcat-9.0.93
07-Nov-2024 12:00:15.853 INFO [main] org.apache.catalina.startup.VersionLoggerListener.log Command line argument:             -Dcatalina.base=C:\AS232S3_T03-be\T03_BodegaLaEsquinita_P
07-Nov-2024 12:00:15.853 INFO [main] org.apache.catalina.startup.VersionLoggerListener.log Command line argument:             -Djava.io.tmpdir=C:\AS232S3_T03-be\T03_BodegaLaEsquinita_P\temp
07-Nov-2024 12:00:15.853 INFO [main] org.apache.catalina.startup.VersionLoggerListener.log Command line argument:             -Djava.util.logging.config.file=C:\AS232S3_T03-be\T03_BodegaLaEsquinita_P\conf\logging.properties
07-Nov-2024 12:00:15.853 INFO [main] org.apache.catalina.startup.VersionLoggerListener.log Command line argument:             -Djava.util.logging.manager=org.apache.juli.ClassLoaderLogManager
07-Nov-2024 12:00:15.853 INFO [main] org.apache.catalina.startup.VersionLoggerListener.log Command line argument:             -javaagent:C:\Program Files\JetBrains\IntelliJ IDEA 2024.2.1\lib\idea_rt.jar=56026:C:\Program Files\JetBrains\IntelliJ IDEA 2024.2.1\bin
07-Nov-2024 12:00:15.854 INFO [main] org.apache.catalina.startup.VersionLoggerListener.log Command line argument:             -Dfile.encoding=UTF-8
07-Nov-2024 12:00:17.111 INFO [main] org.apache.catalina.core.AprLifecycleListener.lifecycleEvent Cargada la biblioteca nativa APR de Apache Tomcat [1.3.1] con la versión APR [1.7.4].
07-Nov-2024 12:00:17.112 INFO [main] org.apache.catalina.core.AprLifecycleListener.lifecycleEvent Capacidades APR: IPv6 [true], enviar fichero [true], aceptar filtros [false], aleatorio [true], UDS [true].
07-Nov-2024 12:00:17.112 INFO [main] org.apache.catalina.core.AprLifecycleListener.lifecycleEvent APR/OpenSSL configuration: useAprConnector [false], useOpenSSL [true]
07-Nov-2024 12:00:17.151 INFO [main] org.apache.catalina.core.AprLifecycleListener.initializeSSL OpenSSL inicializado correctamente [OpenSSL 3.0.14 4 Jun 2024]
07-Nov-2024 12:00:17.903 INFO [main] org.apache.coyote.AbstractProtocol.init Inicializando el manejador de protocolo ["http-nio-8080"]

07-Nov-2024 12:00:17.932 SEVERE [main] org.apache.catalina.util.LifecycleBase.handleSubClassException Fallo al iniciar el componente [Connector["http-nio-8080"]]
	org.apache.catalina.LifecycleException: Falló la inicialización del manejador de protocolo
		at org.apache.catalina.connector.Connector.initInternal(Connector.java:1027)
		at org.apache.catalina.util.LifecycleBase.init(LifecycleBase.java:122)
		at org.apache.catalina.core.StandardService.initInternal(StandardService.java:525)
		at org.apache.catalina.util.LifecycleBase.init(LifecycleBase.java:122)
		at org.apache.catalina.core.StandardServer.initInternal(StandardServer.java:990)
		at org.apache.catalina.util.LifecycleBase.init(LifecycleBase.java:122)
		at org.apache.catalina.startup.Catalina.load(Catalina.java:686)
		at org.apache.catalina.startup.Catalina.load(Catalina.java:709)
		at java.base/jdk.internal.reflect.NativeMethodAccessorImpl.invoke0(Native Method)
		at java.base/jdk.internal.reflect.NativeMethodAccessorImpl.invoke(NativeMethodAccessorImpl.java:77)
		at java.base/jdk.internal.reflect.DelegatingMethodAccessorImpl.invoke(DelegatingMethodAccessorImpl.java:43)
		at java.base/java.lang.reflect.Method.invoke(Method.java:568)
		at org.apache.catalina.startup.Bootstrap.load(Bootstrap.java:302)
		at org.apache.catalina.startup.Bootstrap.main(Bootstrap.java:472)
	Caused by: java.net.BindException: Address already in use: bind
		at java.base/sun.nio.ch.Net.bind0(Native Method)
		at java.base/sun.nio.ch.Net.bind(Net.java:555)
		at java.base/sun.nio.ch.ServerSocketChannelImpl.netBind(ServerSocketChannelImpl.java:337)
		at java.base/sun.nio.ch.ServerSocketChannelImpl.bind(ServerSocketChannelImpl.java:294)
		at org.apache.tomcat.util.net.NioEndpoint.initServerSocket(NioEndpoint.java:268)
		at org.apache.tomcat.util.net.NioEndpoint.bind(NioEndpoint.java:223)
		at org.apache.tomcat.util.net.AbstractEndpoint.bindWithCleanup(AbstractEndpoint.java:1373)
		at org.apache.tomcat.util.net.AbstractEndpoint.init(AbstractEndpoint.java:1386)
		at org.apache.coyote.AbstractProtocol.init(AbstractProtocol.java:662)
		at org.apache.coyote.http11.AbstractHttp11Protocol.init(AbstractHttp11Protocol.java:77)
		at org.apache.catalina.connector.Connector.initInternal(Connector.java:1025)
		... 13 more
07-Nov-2024 12:00:17.935 INFO [main] org.apache.catalina.startup.Catalina.load Server initialization in [2925] milliseconds
07-Nov-2024 12:00:18.087 INFO [main] org.apache.catalina.core.StandardService.startInternal Arrancando servicio [Catalina]
07-Nov-2024 12:00:18.087 INFO [main] org.apache.catalina.core.StandardEngine.startInternal Starting Servlet engine: [Apache Tomcat/9.0.93]
07-Nov-2024 12:00:18.137 INFO [main] org.apache.catalina.startup.HostConfig.deployDescriptor Desplieque del descriptor de configuración [C:\AS232S3_T03-be\T03_BodegaLaEsquinita_P\conf\Catalina\localhost\T03_BodegaLaEsquinita_P.xml]
07-Nov-2024 12:00:18.889 INFO [Catalina-utility-1] org.apache.catalina.startup.HostConfig.undeploy Repliegue (undeploy) de la aplicación web que tiene como trayectoria de contexto [/T03_BodegaLaEsquinita_P]
07-Nov-2024 12:00:26.934 INFO [main] org.apache.jasper.servlet.TldScanner.scanJars Al menos un JAR, que se ha explorado buscando TLDs, aún no contenía TLDs. Activar historial de depuración para este historiador para una completa lista de los JARs que fueron explorados y de los que nos se halló TLDs. Saltarse JARs no necesarios durante la exploración puede dar lugar a una mejora de tiempo significativa en el arranque y compilación de JSP .
07-Nov-2024 12:00:27.639 WARNING [main] org.apache.catalina.util.SessionIdGeneratorBase.createSecureRandom Creation of SecureRandom instance for session ID generation using [SHA1PRNG] took [134] milliseconds.
07-Nov-2024 12:00:27.745 INFO [main] org.apache.catalina.startup.HostConfig.deployDescriptor Deployment of deployment descriptor [C:\AS232S3_T03-be\T03_BodegaLaEsquinita_P\conf\Catalina\localhost\T03_BodegaLaEsquinita_P.xml] has finished in [9.608] ms
07-Nov-2024 12:00:27.758 INFO [main] org.apache.catalina.startup.Catalina.start Server startup in [9823] milliseconds
07-Nov-2024 12:00:27.858 SEVERE [main] org.apache.catalina.core.StandardServer.await Failed to create server shutdown socket on address [localhost] and port [8005] (base port [8005] and offset [0])
	java.net.BindException: Address already in use: bind
		at java.base/sun.nio.ch.Net.bind0(Native Method)
		at java.base/sun.nio.ch.Net.bind(Net.java:555)
		at java.base/sun.nio.ch.Net.bind(Net.java:544)
		at java.base/sun.nio.ch.NioSocketImpl.bind(NioSocketImpl.java:648)
		at java.base/java.net.ServerSocket.bind(ServerSocket.java:388)
		at java.base/java.net.ServerSocket.<init>(ServerSocket.java:274)
		at org.apache.catalina.core.StandardServer.await(StandardServer.java:541)
		at org.apache.catalina.startup.Catalina.await(Catalina.java:825)
		at org.apache.catalina.startup.Catalina.start(Catalina.java:773)
		at java.base/jdk.internal.reflect.NativeMethodAccessorImpl.invoke0(Native Method)
		at java.base/jdk.internal.reflect.NativeMethodAccessorImpl.invoke(NativeMethodAccessorImpl.java:77)
		at java.base/jdk.internal.reflect.DelegatingMethodAccessorImpl.invoke(DelegatingMethodAccessorImpl.java:43)
		at java.base/java.lang.reflect.Method.invoke(Method.java:568)
		at org.apache.catalina.startup.Bootstrap.start(Bootstrap.java:345)
		at org.apache.catalina.startup.Bootstrap.main(Bootstrap.java:473)
07-Nov-2024 12:00:27.865 INFO [main] org.apache.coyote.AbstractProtocol.pause Pausing ProtocolHandler ["http-nio-8080"]
07-Nov-2024 12:00:27.867 INFO [main] org.apache.catalina.core.StandardService.stopInternal Parando servicio [Catalina]
07-Nov-2024 12:00:27.973 INFO [main] org.apache.coyote.AbstractProtocol.stop Stopping ProtocolHandler ["http-nio-8080"]
07-Nov-2024 12:00:27.976 INFO [main] org.apache.coyote.AbstractProtocol.destroy Destroying ProtocolHandler ["http-nio-8080"]
07-Nov-2024 12:00:29.538 WARNING [Catalina-utility-1] org.apache.catalina.loader.WebappClassLoaderBase.clearReferencesJdbc La aplicación web [T03_BodegaLaEsquinita_P] registró el conductor JDBC [com.microsoft.sqlserver.jdbc.SQLServerDriver] pero falló al anular el registro mientras la aplicación web estaba parada. Para prevenir un fallo de memoria, se ha anulado el registro del conductor JDBC por la fuerza.
07-Nov-2024 12:00:30.141 INFO [Catalina-utility-1] org.apache.catalina.startup.HostConfig.deployDescriptor Desplieque del descriptor de configuración [C:\AS232S3_T03-be\T03_BodegaLaEsquinita_P\conf\Catalina\localhost\T03_BodegaLaEsquinita_P.xml]
07-Nov-2024 12:00:47.374 INFO [Catalina-utility-1] org.apache.jasper.servlet.TldScanner.scanJars Al menos un JAR, que se ha explorado buscando TLDs, aún no contenía TLDs. Activar historial de depuración para este historiador para una completa lista de los JARs que fueron explorados y de los que nos se halló TLDs. Saltarse JARs no necesarios durante la exploración puede dar lugar a una mejora de tiempo significativa en el arranque y compilación de JSP .
07-Nov-2024 12:00:47.860 INFO [Catalina-utility-1] org.apache.catalina.startup.HostConfig.deployDescriptor Deployment of deployment descriptor [C:\AS232S3_T03-be\T03_BodegaLaEsquinita_P\conf\Catalina\localhost\T03_BodegaLaEsquinita_P.xml] has finished in [17.695] ms
07-Nov-2024 12:19:51.293 INFO [main] org.apache.catalina.startup.VersionLoggerListener.log Nombre de la versión del servidor: Apache Tomcat/9.0.93
07-Nov-2024 12:19:51.305 INFO [main] org.apache.catalina.startup.VersionLoggerListener.log Server built:                      Aug 2 2024 21:24:59 UTC
07-Nov-2024 12:19:51.306 INFO [main] org.apache.catalina.startup.VersionLoggerListener.log Número de versión de servidor:     9.0.93.0
07-Nov-2024 12:19:51.307 INFO [main] org.apache.catalina.startup.VersionLoggerListener.log OS Name:                           Windows 11
07-Nov-2024 12:19:51.308 INFO [main] org.apache.catalina.startup.VersionLoggerListener.log Versión de Systema Operativo:      10.0
07-Nov-2024 12:19:51.308 INFO [main] org.apache.catalina.startup.VersionLoggerListener.log Arquitectura:                      amd64
07-Nov-2024 12:19:51.308 INFO [main] org.apache.catalina.startup.VersionLoggerListener.log Java Home:                         C:\Program Files\Java\jdk-17
07-Nov-2024 12:19:51.308 INFO [main] org.apache.catalina.startup.VersionLoggerListener.log JVM Version:                       17.0.10+11-LTS-240
07-Nov-2024 12:19:51.308 INFO [main] org.apache.catalina.startup.VersionLoggerListener.log Vededor JVM:                       Oracle Corporation
07-Nov-2024 12:19:51.308 INFO [main] org.apache.catalina.startup.VersionLoggerListener.log CATALINA_BASE:                     C:\AS232S3_T03-be\T03_BodegaLaEsquinita_P
07-Nov-2024 12:19:51.310 INFO [main] org.apache.catalina.startup.VersionLoggerListener.log CATALINA_HOME:                     C:\ValleGrande\IntelliJ\apache-tomcat-9.0.93
07-Nov-2024 12:19:51.338 INFO [main] org.apache.catalina.startup.VersionLoggerListener.log Command line argument:             --add-opens=java.base/java.lang=ALL-UNNAMED
07-Nov-2024 12:19:51.340 INFO [main] org.apache.catalina.startup.VersionLoggerListener.log Command line argument:             --add-opens=java.base/java.io=ALL-UNNAMED
07-Nov-2024 12:19:51.340 INFO [main] org.apache.catalina.startup.VersionLoggerListener.log Command line argument:             --add-opens=java.base/java.util=ALL-UNNAMED
07-Nov-2024 12:19:51.340 INFO [main] org.apache.catalina.startup.VersionLoggerListener.log Command line argument:             --add-opens=java.base/java.util.concurrent=ALL-UNNAMED
07-Nov-2024 12:19:51.340 INFO [main] org.apache.catalina.startup.VersionLoggerListener.log Command line argument:             --add-opens=java.rmi/sun.rmi.transport=ALL-UNNAMED
07-Nov-2024 12:19:51.341 INFO [main] org.apache.catalina.startup.VersionLoggerListener.log Command line argument:             -Dcatalina.home=C:\ValleGrande\IntelliJ\apache-tomcat-9.0.93
07-Nov-2024 12:19:51.341 INFO [main] org.apache.catalina.startup.VersionLoggerListener.log Command line argument:             -Dcatalina.base=C:\AS232S3_T03-be\T03_BodegaLaEsquinita_P
07-Nov-2024 12:19:51.341 INFO [main] org.apache.catalina.startup.VersionLoggerListener.log Command line argument:             -Djava.io.tmpdir=C:\AS232S3_T03-be\T03_BodegaLaEsquinita_P\temp
07-Nov-2024 12:19:51.341 INFO [main] org.apache.catalina.startup.VersionLoggerListener.log Command line argument:             -Djava.util.logging.config.file=C:\AS232S3_T03-be\T03_BodegaLaEsquinita_P\conf\logging.properties
07-Nov-2024 12:19:51.341 INFO [main] org.apache.catalina.startup.VersionLoggerListener.log Command line argument:             -Djava.util.logging.manager=org.apache.juli.ClassLoaderLogManager
07-Nov-2024 12:19:51.341 INFO [main] org.apache.catalina.startup.VersionLoggerListener.log Command line argument:             -javaagent:C:\Program Files\JetBrains\IntelliJ IDEA 2024.2.1\lib\idea_rt.jar=56299:C:\Program Files\JetBrains\IntelliJ IDEA 2024.2.1\bin
07-Nov-2024 12:19:51.341 INFO [main] org.apache.catalina.startup.VersionLoggerListener.log Command line argument:             -Dfile.encoding=UTF-8
07-Nov-2024 12:19:51.358 INFO [main] org.apache.catalina.core.AprLifecycleListener.lifecycleEvent Cargada la biblioteca nativa APR de Apache Tomcat [1.3.1] con la versión APR [1.7.4].
07-Nov-2024 12:19:51.358 INFO [main] org.apache.catalina.core.AprLifecycleListener.lifecycleEvent Capacidades APR: IPv6 [true], enviar fichero [true], aceptar filtros [false], aleatorio [true], UDS [true].
07-Nov-2024 12:19:51.358 INFO [main] org.apache.catalina.core.AprLifecycleListener.lifecycleEvent APR/OpenSSL configuration: useAprConnector [false], useOpenSSL [true]
07-Nov-2024 12:19:51.395 INFO [main] org.apache.catalina.core.AprLifecycleListener.initializeSSL OpenSSL inicializado correctamente [OpenSSL 3.0.14 4 Jun 2024]
07-Nov-2024 12:19:52.046 INFO [main] org.apache.coyote.AbstractProtocol.init Inicializando el manejador de protocolo ["http-nio-8080"]

07-Nov-2024 12:19:52.075 SEVERE [main] org.apache.catalina.util.LifecycleBase.handleSubClassException Fallo al iniciar el componente [Connector["http-nio-8080"]]
	org.apache.catalina.LifecycleException: Falló la inicialización del manejador de protocolo
		at org.apache.catalina.connector.Connector.initInternal(Connector.java:1027)
		at org.apache.catalina.util.LifecycleBase.init(LifecycleBase.java:122)
		at org.apache.catalina.core.StandardService.initInternal(StandardService.java:525)
		at org.apache.catalina.util.LifecycleBase.init(LifecycleBase.java:122)
		at org.apache.catalina.core.StandardServer.initInternal(StandardServer.java:990)
		at org.apache.catalina.util.LifecycleBase.init(LifecycleBase.java:122)
		at org.apache.catalina.startup.Catalina.load(Catalina.java:686)
		at org.apache.catalina.startup.Catalina.load(Catalina.java:709)
		at java.base/jdk.internal.reflect.NativeMethodAccessorImpl.invoke0(Native Method)
		at java.base/jdk.internal.reflect.NativeMethodAccessorImpl.invoke(NativeMethodAccessorImpl.java:77)
		at java.base/jdk.internal.reflect.DelegatingMethodAccessorImpl.invoke(DelegatingMethodAccessorImpl.java:43)
		at java.base/java.lang.reflect.Method.invoke(Method.java:568)
		at org.apache.catalina.startup.Bootstrap.load(Bootstrap.java:302)
		at org.apache.catalina.startup.Bootstrap.main(Bootstrap.java:472)
	Caused by: java.net.BindException: Address already in use: bind
		at java.base/sun.nio.ch.Net.bind0(Native Method)
		at java.base/sun.nio.ch.Net.bind(Net.java:555)
		at java.base/sun.nio.ch.ServerSocketChannelImpl.netBind(ServerSocketChannelImpl.java:337)
		at java.base/sun.nio.ch.ServerSocketChannelImpl.bind(ServerSocketChannelImpl.java:294)
		at org.apache.tomcat.util.net.NioEndpoint.initServerSocket(NioEndpoint.java:268)
		at org.apache.tomcat.util.net.NioEndpoint.bind(NioEndpoint.java:223)
		at org.apache.tomcat.util.net.AbstractEndpoint.bindWithCleanup(AbstractEndpoint.java:1373)
		at org.apache.tomcat.util.net.AbstractEndpoint.init(AbstractEndpoint.java:1386)
		at org.apache.coyote.AbstractProtocol.init(AbstractProtocol.java:662)
		at org.apache.coyote.http11.AbstractHttp11Protocol.init(AbstractHttp11Protocol.java:77)
		at org.apache.catalina.connector.Connector.initInternal(Connector.java:1025)
		... 13 more
07-Nov-2024 12:19:52.077 INFO [main] org.apache.catalina.startup.Catalina.load Server initialization in [1436] milliseconds
07-Nov-2024 12:19:52.204 INFO [main] org.apache.catalina.core.StandardService.startInternal Arrancando servicio [Catalina]
07-Nov-2024 12:19:52.205 INFO [main] org.apache.catalina.core.StandardEngine.startInternal Starting Servlet engine: [Apache Tomcat/9.0.93]
07-Nov-2024 12:19:52.230 INFO [main] org.apache.catalina.startup.HostConfig.deployDescriptor Desplieque del descriptor de configuración [C:\AS232S3_T03-be\T03_BodegaLaEsquinita_P\conf\Catalina\localhost\T03_BodegaLaEsquinita_P.xml]
07-Nov-2024 12:19:52.922 INFO [Catalina-utility-1] org.apache.catalina.startup.HostConfig.undeploy Repliegue (undeploy) de la aplicación web que tiene como trayectoria de contexto [/T03_BodegaLaEsquinita_P]
07-Nov-2024 12:19:54.930 WARNING [Catalina-utility-1] org.apache.catalina.loader.WebappClassLoaderBase.clearReferencesJdbc La aplicación web [T03_BodegaLaEsquinita_P] registró el conductor JDBC [com.microsoft.sqlserver.jdbc.SQLServerDriver] pero falló al anular el registro mientras la aplicación web estaba parada. Para prevenir un fallo de memoria, se ha anulado el registro del conductor JDBC por la fuerza.
07-Nov-2024 12:19:55.080 INFO [Catalina-utility-1] org.apache.catalina.startup.HostConfig.deployDescriptor Desplieque del descriptor de configuración [C:\AS232S3_T03-be\T03_BodegaLaEsquinita_P\conf\Catalina\localhost\T03_BodegaLaEsquinita_P.xml]
07-Nov-2024 12:19:59.651 INFO [main] org.apache.jasper.servlet.TldScanner.scanJars Al menos un JAR, que se ha explorado buscando TLDs, aún no contenía TLDs. Activar historial de depuración para este historiador para una completa lista de los JARs que fueron explorados y de los que nos se halló TLDs. Saltarse JARs no necesarios durante la exploración puede dar lugar a una mejora de tiempo significativa en el arranque y compilación de JSP .
07-Nov-2024 12:20:00.250 WARNING [main] org.apache.catalina.util.SessionIdGeneratorBase.createSecureRandom Creation of SecureRandom instance for session ID generation using [SHA1PRNG] took [192] milliseconds.
07-Nov-2024 12:20:00.342 INFO [main] org.apache.catalina.startup.HostConfig.deployDescriptor Deployment of deployment descriptor [C:\AS232S3_T03-be\T03_BodegaLaEsquinita_P\conf\Catalina\localhost\T03_BodegaLaEsquinita_P.xml] has finished in [8.112] ms
07-Nov-2024 12:20:00.371 INFO [main] org.apache.catalina.startup.Catalina.start Server startup in [8292] milliseconds
07-Nov-2024 12:20:00.475 SEVERE [main] org.apache.catalina.core.StandardServer.await Failed to create server shutdown socket on address [localhost] and port [8005] (base port [8005] and offset [0])
	java.net.BindException: Address already in use: bind
		at java.base/sun.nio.ch.Net.bind0(Native Method)
		at java.base/sun.nio.ch.Net.bind(Net.java:555)
		at java.base/sun.nio.ch.Net.bind(Net.java:544)
		at java.base/sun.nio.ch.NioSocketImpl.bind(NioSocketImpl.java:648)
		at java.base/java.net.ServerSocket.bind(ServerSocket.java:388)
		at java.base/java.net.ServerSocket.<init>(ServerSocket.java:274)
		at org.apache.catalina.core.StandardServer.await(StandardServer.java:541)
		at org.apache.catalina.startup.Catalina.await(Catalina.java:825)
		at org.apache.catalina.startup.Catalina.start(Catalina.java:773)
		at java.base/jdk.internal.reflect.NativeMethodAccessorImpl.invoke0(Native Method)
		at java.base/jdk.internal.reflect.NativeMethodAccessorImpl.invoke(NativeMethodAccessorImpl.java:77)
		at java.base/jdk.internal.reflect.DelegatingMethodAccessorImpl.invoke(DelegatingMethodAccessorImpl.java:43)
		at java.base/java.lang.reflect.Method.invoke(Method.java:568)
		at org.apache.catalina.startup.Bootstrap.start(Bootstrap.java:345)
		at org.apache.catalina.startup.Bootstrap.main(Bootstrap.java:473)
07-Nov-2024 12:20:00.477 INFO [main] org.apache.coyote.AbstractProtocol.pause Pausing ProtocolHandler ["http-nio-8080"]
07-Nov-2024 12:20:00.478 INFO [main] org.apache.catalina.core.StandardService.stopInternal Parando servicio [Catalina]
07-Nov-2024 12:20:00.549 INFO [main] org.apache.coyote.AbstractProtocol.stop Stopping ProtocolHandler ["http-nio-8080"]
07-Nov-2024 12:20:00.551 INFO [main] org.apache.coyote.AbstractProtocol.destroy Destroying ProtocolHandler ["http-nio-8080"]
07-Nov-2024 12:20:06.682 INFO [Catalina-utility-1] org.apache.jasper.servlet.TldScanner.scanJars Al menos un JAR, que se ha explorado buscando TLDs, aún no contenía TLDs. Activar historial de depuración para este historiador para una completa lista de los JARs que fueron explorados y de los que nos se halló TLDs. Saltarse JARs no necesarios durante la exploración puede dar lugar a una mejora de tiempo significativa en el arranque y compilación de JSP .
07-Nov-2024 12:20:07.204 INFO [Catalina-utility-1] org.apache.catalina.startup.HostConfig.deployDescriptor Deployment of deployment descriptor [C:\AS232S3_T03-be\T03_BodegaLaEsquinita_P\conf\Catalina\localhost\T03_BodegaLaEsquinita_P.xml] has finished in [12.114] ms
07-Nov-2024 12:36:39.375 INFO [Thread-1] org.apache.coyote.AbstractProtocol.pause Pausing ProtocolHandler ["http-nio-8080"]
07-Nov-2024 12:36:40.044 INFO [Thread-1] org.apache.catalina.core.StandardService.stopInternal Parando servicio [Catalina]
07-Nov-2024 12:36:40.674 WARNING [Thread-1] org.apache.catalina.loader.WebappClassLoaderBase.clearReferencesJdbc La aplicación web [T03_BodegaLaEsquinita_P] registró el conductor JDBC [com.microsoft.sqlserver.jdbc.SQLServerDriver] pero falló al anular el registro mientras la aplicación web estaba parada. Para prevenir un fallo de memoria, se ha anulado el registro del conductor JDBC por la fuerza.
07-Nov-2024 12:36:40.756 INFO [Thread-1] org.apache.coyote.AbstractProtocol.stop Stopping ProtocolHandler ["http-nio-8080"]
07-Nov-2024 12:36:40.951 INFO [Thread-1] org.apache.coyote.AbstractProtocol.destroy Destroying ProtocolHandler ["http-nio-8080"]
07-Nov-2024 15:10:34.349 INFO [main] org.apache.catalina.startup.VersionLoggerListener.log Nombre de la versión del servidor: Apache Tomcat/9.0.93
07-Nov-2024 15:10:34.364 INFO [main] org.apache.catalina.startup.VersionLoggerListener.log Server built:                      Aug 2 2024 21:24:59 UTC
07-Nov-2024 15:10:34.364 INFO [main] org.apache.catalina.startup.VersionLoggerListener.log Número de versión de servidor:     9.0.93.0
07-Nov-2024 15:10:34.365 INFO [main] org.apache.catalina.startup.VersionLoggerListener.log OS Name:                           Windows 11
07-Nov-2024 15:10:34.366 INFO [main] org.apache.catalina.startup.VersionLoggerListener.log Versión de Systema Operativo:      10.0
07-Nov-2024 15:10:34.366 INFO [main] org.apache.catalina.startup.VersionLoggerListener.log Arquitectura:                      amd64
07-Nov-2024 15:10:34.366 INFO [main] org.apache.catalina.startup.VersionLoggerListener.log Java Home:                         C:\Program Files\Java\jdk-17
07-Nov-2024 15:10:34.368 INFO [main] org.apache.catalina.startup.VersionLoggerListener.log JVM Version:                       17.0.10+11-LTS-240
07-Nov-2024 15:10:34.369 INFO [main] org.apache.catalina.startup.VersionLoggerListener.log Vededor JVM:                       Oracle Corporation
07-Nov-2024 15:10:34.369 INFO [main] org.apache.catalina.startup.VersionLoggerListener.log CATALINA_BASE:                     C:\AS232S3_T03-be\T03_BodegaLaEsquinita_P
07-Nov-2024 15:10:34.370 INFO [main] org.apache.catalina.startup.VersionLoggerListener.log CATALINA_HOME:                     C:\ValleGrande\IntelliJ\apache-tomcat-9.0.93
07-Nov-2024 15:10:34.418 INFO [main] org.apache.catalina.startup.VersionLoggerListener.log Command line argument:             --add-opens=java.base/java.lang=ALL-UNNAMED
07-Nov-2024 15:10:34.418 INFO [main] org.apache.catalina.startup.VersionLoggerListener.log Command line argument:             --add-opens=java.base/java.io=ALL-UNNAMED
07-Nov-2024 15:10:34.419 INFO [main] org.apache.catalina.startup.VersionLoggerListener.log Command line argument:             --add-opens=java.base/java.util=ALL-UNNAMED
07-Nov-2024 15:10:34.419 INFO [main] org.apache.catalina.startup.VersionLoggerListener.log Command line argument:             --add-opens=java.base/java.util.concurrent=ALL-UNNAMED
07-Nov-2024 15:10:34.420 INFO [main] org.apache.catalina.startup.VersionLoggerListener.log Command line argument:             --add-opens=java.rmi/sun.rmi.transport=ALL-UNNAMED
07-Nov-2024 15:10:34.420 INFO [main] org.apache.catalina.startup.VersionLoggerListener.log Command line argument:             -Dcatalina.home=C:\ValleGrande\IntelliJ\apache-tomcat-9.0.93
07-Nov-2024 15:10:34.420 INFO [main] org.apache.catalina.startup.VersionLoggerListener.log Command line argument:             -Dcatalina.base=C:\AS232S3_T03-be\T03_BodegaLaEsquinita_P
07-Nov-2024 15:10:34.420 INFO [main] org.apache.catalina.startup.VersionLoggerListener.log Command line argument:             -Djava.io.tmpdir=C:\AS232S3_T03-be\T03_BodegaLaEsquinita_P\temp
07-Nov-2024 15:10:34.421 INFO [main] org.apache.catalina.startup.VersionLoggerListener.log Command line argument:             -Djava.util.logging.config.file=C:\AS232S3_T03-be\T03_BodegaLaEsquinita_P\conf\logging.properties
07-Nov-2024 15:10:34.421 INFO [main] org.apache.catalina.startup.VersionLoggerListener.log Command line argument:             -Djava.util.logging.manager=org.apache.juli.ClassLoaderLogManager
07-Nov-2024 15:10:34.421 INFO [main] org.apache.catalina.startup.VersionLoggerListener.log Command line argument:             -javaagent:C:\Program Files\JetBrains\IntelliJ IDEA 2024.2.1\lib\idea_rt.jar=56123:C:\Program Files\JetBrains\IntelliJ IDEA 2024.2.1\bin
07-Nov-2024 15:10:34.421 INFO [main] org.apache.catalina.startup.VersionLoggerListener.log Command line argument:             -Dfile.encoding=UTF-8
07-Nov-2024 15:10:34.681 INFO [main] org.apache.catalina.core.AprLifecycleListener.lifecycleEvent Cargada la biblioteca nativa APR de Apache Tomcat [1.3.1] con la versión APR [1.7.4].
07-Nov-2024 15:10:34.682 INFO [main] org.apache.catalina.core.AprLifecycleListener.lifecycleEvent Capacidades APR: IPv6 [true], enviar fichero [true], aceptar filtros [false], aleatorio [true], UDS [true].
07-Nov-2024 15:10:34.682 INFO [main] org.apache.catalina.core.AprLifecycleListener.lifecycleEvent APR/OpenSSL configuration: useAprConnector [false], useOpenSSL [true]
07-Nov-2024 15:10:34.741 INFO [main] org.apache.catalina.core.AprLifecycleListener.initializeSSL OpenSSL inicializado correctamente [OpenSSL 3.0.14 4 Jun 2024]
07-Nov-2024 15:10:36.678 INFO [main] org.apache.coyote.AbstractProtocol.init Inicializando el manejador de protocolo ["http-nio-8080"]

07-Nov-2024 15:10:37.494 INFO [main] org.apache.catalina.startup.Catalina.load Server initialization in [4022] milliseconds
07-Nov-2024 15:10:38.131 INFO [main] org.apache.catalina.core.StandardService.startInternal Arrancando servicio [Catalina]
07-Nov-2024 15:10:38.132 INFO [main] org.apache.catalina.core.StandardEngine.startInternal Starting Servlet engine: [Apache Tomcat/9.0.93]
07-Nov-2024 15:10:38.532 INFO [main] org.apache.catalina.startup.HostConfig.deployDescriptor Desplieque del descriptor de configuración [C:\AS232S3_T03-be\T03_BodegaLaEsquinita_P\conf\Catalina\localhost\T03_BodegaLaEsquinita_P.xml]
07-Nov-2024 15:11:02.890 INFO [main] org.apache.jasper.servlet.TldScanner.scanJars Al menos un JAR, que se ha explorado buscando TLDs, aún no contenía TLDs. Activar historial de depuración para este historiador para una completa lista de los JARs que fueron explorados y de los que nos se halló TLDs. Saltarse JARs no necesarios durante la exploración puede dar lugar a una mejora de tiempo significativa en el arranque y compilación de JSP .
07-Nov-2024 15:11:04.195 WARNING [main] org.apache.catalina.util.SessionIdGeneratorBase.createSecureRandom Creation of SecureRandom instance for session ID generation using [SHA1PRNG] took [200] milliseconds.
07-Nov-2024 15:11:04.390 INFO [main] org.apache.catalina.startup.HostConfig.deployDescriptor Deployment of deployment descriptor [C:\AS232S3_T03-be\T03_BodegaLaEsquinita_P\conf\Catalina\localhost\T03_BodegaLaEsquinita_P.xml] has finished in [25.857] ms
07-Nov-2024 15:11:04.496 INFO [main] org.apache.coyote.AbstractProtocol.start Starting ProtocolHandler ["http-nio-8080"]
07-Nov-2024 15:11:04.812 INFO [main] org.apache.catalina.startup.Catalina.start Server startup in [27316] milliseconds
07-Nov-2024 15:20:51.208 INFO [Thread-1] org.apache.coyote.AbstractProtocol.pause Pausing ProtocolHandler ["http-nio-8080"]
07-Nov-2024 15:20:52.921 INFO [Thread-1] org.apache.catalina.core.StandardService.stopInternal Parando servicio [Catalina]
07-Nov-2024 15:20:54.068 WARNING [Thread-1] org.apache.catalina.loader.WebappClassLoaderBase.clearReferencesJdbc La aplicación web [T03_BodegaLaEsquinita_P] registró el conductor JDBC [com.microsoft.sqlserver.jdbc.SQLServerDriver] pero falló al anular el registro mientras la aplicación web estaba parada. Para prevenir un fallo de memoria, se ha anulado el registro del conductor JDBC por la fuerza.
07-Nov-2024 15:20:54.627 INFO [Thread-1] org.apache.coyote.AbstractProtocol.stop Stopping ProtocolHandler ["http-nio-8080"]
07-Nov-2024 15:20:54.751 INFO [Thread-1] org.apache.coyote.AbstractProtocol.destroy Destroying ProtocolHandler ["http-nio-8080"]
07-Nov-2024 15:21:17.625 INFO [main] org.apache.catalina.startup.VersionLoggerListener.log Nombre de la versión del servidor: Apache Tomcat/9.0.93
07-Nov-2024 15:21:17.654 INFO [main] org.apache.catalina.startup.VersionLoggerListener.log Server built:                      Aug 2 2024 21:24:59 UTC
07-Nov-2024 15:21:17.657 INFO [main] org.apache.catalina.startup.VersionLoggerListener.log Número de versión de servidor:     9.0.93.0
07-Nov-2024 15:21:17.657 INFO [main] org.apache.catalina.startup.VersionLoggerListener.log OS Name:                           Windows 11
07-Nov-2024 15:21:17.658 INFO [main] org.apache.catalina.startup.VersionLoggerListener.log Versión de Systema Operativo:      10.0
07-Nov-2024 15:21:17.658 INFO [main] org.apache.catalina.startup.VersionLoggerListener.log Arquitectura:                      amd64
07-Nov-2024 15:21:17.658 INFO [main] org.apache.catalina.startup.VersionLoggerListener.log Java Home:                         C:\Program Files\Java\jdk-17
07-Nov-2024 15:21:17.659 INFO [main] org.apache.catalina.startup.VersionLoggerListener.log JVM Version:                       17.0.10+11-LTS-240
07-Nov-2024 15:21:17.659 INFO [main] org.apache.catalina.startup.VersionLoggerListener.log Vededor JVM:                       Oracle Corporation
07-Nov-2024 15:21:17.659 INFO [main] org.apache.catalina.startup.VersionLoggerListener.log CATALINA_BASE:                     C:\AS232S3_T03-be\T03_BodegaLaEsquinita_P
07-Nov-2024 15:21:17.659 INFO [main] org.apache.catalina.startup.VersionLoggerListener.log CATALINA_HOME:                     C:\ValleGrande\IntelliJ\apache-tomcat-9.0.93
07-Nov-2024 15:21:17.704 INFO [main] org.apache.catalina.startup.VersionLoggerListener.log Command line argument:             --add-opens=java.base/java.lang=ALL-UNNAMED
07-Nov-2024 15:21:17.704 INFO [main] org.apache.catalina.startup.VersionLoggerListener.log Command line argument:             --add-opens=java.base/java.io=ALL-UNNAMED
07-Nov-2024 15:21:17.705 INFO [main] org.apache.catalina.startup.VersionLoggerListener.log Command line argument:             --add-opens=java.base/java.util=ALL-UNNAMED
07-Nov-2024 15:21:17.706 INFO [main] org.apache.catalina.startup.VersionLoggerListener.log Command line argument:             --add-opens=java.base/java.util.concurrent=ALL-UNNAMED
07-Nov-2024 15:21:17.706 INFO [main] org.apache.catalina.startup.VersionLoggerListener.log Command line argument:             --add-opens=java.rmi/sun.rmi.transport=ALL-UNNAMED
07-Nov-2024 15:21:17.706 INFO [main] org.apache.catalina.startup.VersionLoggerListener.log Command line argument:             -Dcatalina.home=C:\ValleGrande\IntelliJ\apache-tomcat-9.0.93
07-Nov-2024 15:21:17.706 INFO [main] org.apache.catalina.startup.VersionLoggerListener.log Command line argument:             -Dcatalina.base=C:\AS232S3_T03-be\T03_BodegaLaEsquinita_P
07-Nov-2024 15:21:17.707 INFO [main] org.apache.catalina.startup.VersionLoggerListener.log Command line argument:             -Djava.io.tmpdir=C:\AS232S3_T03-be\T03_BodegaLaEsquinita_P\temp
07-Nov-2024 15:21:17.707 INFO [main] org.apache.catalina.startup.VersionLoggerListener.log Command line argument:             -Djava.util.logging.config.file=C:\AS232S3_T03-be\T03_BodegaLaEsquinita_P\conf\logging.properties
07-Nov-2024 15:21:17.707 INFO [main] org.apache.catalina.startup.VersionLoggerListener.log Command line argument:             -Djava.util.logging.manager=org.apache.juli.ClassLoaderLogManager
07-Nov-2024 15:21:17.707 INFO [main] org.apache.catalina.startup.VersionLoggerListener.log Command line argument:             -javaagent:C:\Program Files\JetBrains\IntelliJ IDEA 2024.2.1\lib\idea_rt.jar=56293:C:\Program Files\JetBrains\IntelliJ IDEA 2024.2.1\bin
07-Nov-2024 15:21:17.707 INFO [main] org.apache.catalina.startup.VersionLoggerListener.log Command line argument:             -Dfile.encoding=UTF-8
07-Nov-2024 15:21:18.607 INFO [main] org.apache.catalina.core.AprLifecycleListener.lifecycleEvent Cargada la biblioteca nativa APR de Apache Tomcat [1.3.1] con la versión APR [1.7.4].
07-Nov-2024 15:21:18.608 INFO [main] org.apache.catalina.core.AprLifecycleListener.lifecycleEvent Capacidades APR: IPv6 [true], enviar fichero [true], aceptar filtros [false], aleatorio [true], UDS [true].
07-Nov-2024 15:21:18.608 INFO [main] org.apache.catalina.core.AprLifecycleListener.lifecycleEvent APR/OpenSSL configuration: useAprConnector [false], useOpenSSL [true]
07-Nov-2024 15:21:18.668 INFO [main] org.apache.catalina.core.AprLifecycleListener.initializeSSL OpenSSL inicializado correctamente [OpenSSL 3.0.14 4 Jun 2024]
07-Nov-2024 15:21:19.731 INFO [main] org.apache.coyote.AbstractProtocol.init Inicializando el manejador de protocolo ["http-nio-8080"]

07-Nov-2024 15:21:19.823 INFO [main] org.apache.catalina.startup.Catalina.load Server initialization in [3110] milliseconds
07-Nov-2024 15:21:20.068 INFO [main] org.apache.catalina.core.StandardService.startInternal Arrancando servicio [Catalina]
07-Nov-2024 15:21:20.069 INFO [main] org.apache.catalina.core.StandardEngine.startInternal Starting Servlet engine: [Apache Tomcat/9.0.93]
07-Nov-2024 15:21:20.113 INFO [main] org.apache.catalina.startup.HostConfig.deployDescriptor Desplieque del descriptor de configuración [C:\AS232S3_T03-be\T03_BodegaLaEsquinita_P\conf\Catalina\localhost\T03_BodegaLaEsquinita_P.xml]
07-Nov-2024 15:21:30.100 INFO [main] org.apache.jasper.servlet.TldScanner.scanJars Al menos un JAR, que se ha explorado buscando TLDs, aún no contenía TLDs. Activar historial de depuración para este historiador para una completa lista de los JARs que fueron explorados y de los que nos se halló TLDs. Saltarse JARs no necesarios durante la exploración puede dar lugar a una mejora de tiempo significativa en el arranque y compilación de JSP .
07-Nov-2024 15:21:31.036 WARNING [main] org.apache.catalina.util.SessionIdGeneratorBase.createSecureRandom Creation of SecureRandom instance for session ID generation using [SHA1PRNG] took [178] milliseconds.
07-Nov-2024 15:21:31.174 INFO [main] org.apache.catalina.startup.HostConfig.deployDescriptor Deployment of deployment descriptor [C:\AS232S3_T03-be\T03_BodegaLaEsquinita_P\conf\Catalina\localhost\T03_BodegaLaEsquinita_P.xml] has finished in [11.060] ms
07-Nov-2024 15:21:31.199 INFO [main] org.apache.coyote.AbstractProtocol.start Starting ProtocolHandler ["http-nio-8080"]
07-Nov-2024 15:21:31.547 INFO [main] org.apache.catalina.startup.Catalina.start Server startup in [11724] milliseconds
07-Nov-2024 16:44:09.928 INFO [main] org.apache.catalina.startup.VersionLoggerListener.log Nombre de la versión del servidor: Apache Tomcat/9.0.93
07-Nov-2024 16:44:09.944 INFO [main] org.apache.catalina.startup.VersionLoggerListener.log Server built:                      Aug 2 2024 21:24:59 UTC
07-Nov-2024 16:44:09.945 INFO [main] org.apache.catalina.startup.VersionLoggerListener.log Número de versión de servidor:     9.0.93.0
07-Nov-2024 16:44:09.947 INFO [main] org.apache.catalina.startup.VersionLoggerListener.log OS Name:                           Windows 11
07-Nov-2024 16:44:09.947 INFO [main] org.apache.catalina.startup.VersionLoggerListener.log Versión de Systema Operativo:      10.0
07-Nov-2024 16:44:09.947 INFO [main] org.apache.catalina.startup.VersionLoggerListener.log Arquitectura:                      amd64
07-Nov-2024 16:44:09.947 INFO [main] org.apache.catalina.startup.VersionLoggerListener.log Java Home:                         C:\Program Files\Java\jdk-17
07-Nov-2024 16:44:09.947 INFO [main] org.apache.catalina.startup.VersionLoggerListener.log JVM Version:                       17.0.10+11-LTS-240
07-Nov-2024 16:44:09.949 INFO [main] org.apache.catalina.startup.VersionLoggerListener.log Vededor JVM:                       Oracle Corporation
07-Nov-2024 16:44:09.949 INFO [main] org.apache.catalina.startup.VersionLoggerListener.log CATALINA_BASE:                     C:\AS232S3_T03-be\T03_BodegaLaEsquinita_P
07-Nov-2024 16:44:09.949 INFO [main] org.apache.catalina.startup.VersionLoggerListener.log CATALINA_HOME:                     C:\ValleGrande\IntelliJ\apache-tomcat-9.0.93
07-Nov-2024 16:44:09.991 INFO [main] org.apache.catalina.startup.VersionLoggerListener.log Command line argument:             --add-opens=java.base/java.lang=ALL-UNNAMED
07-Nov-2024 16:44:09.992 INFO [main] org.apache.catalina.startup.VersionLoggerListener.log Command line argument:             --add-opens=java.base/java.io=ALL-UNNAMED
07-Nov-2024 16:44:09.992 INFO [main] org.apache.catalina.startup.VersionLoggerListener.log Command line argument:             --add-opens=java.base/java.util=ALL-UNNAMED
07-Nov-2024 16:44:09.992 INFO [main] org.apache.catalina.startup.VersionLoggerListener.log Command line argument:             --add-opens=java.base/java.util.concurrent=ALL-UNNAMED
07-Nov-2024 16:44:09.993 INFO [main] org.apache.catalina.startup.VersionLoggerListener.log Command line argument:             --add-opens=java.rmi/sun.rmi.transport=ALL-UNNAMED
07-Nov-2024 16:44:09.993 INFO [main] org.apache.catalina.startup.VersionLoggerListener.log Command line argument:             -Dcatalina.home=C:\ValleGrande\IntelliJ\apache-tomcat-9.0.93
07-Nov-2024 16:44:09.993 INFO [main] org.apache.catalina.startup.VersionLoggerListener.log Command line argument:             -Dcatalina.base=C:\AS232S3_T03-be\T03_BodegaLaEsquinita_P
07-Nov-2024 16:44:09.995 INFO [main] org.apache.catalina.startup.VersionLoggerListener.log Command line argument:             -Djava.io.tmpdir=C:\AS232S3_T03-be\T03_BodegaLaEsquinita_P\temp
07-Nov-2024 16:44:09.997 INFO [main] org.apache.catalina.startup.VersionLoggerListener.log Command line argument:             -Djava.util.logging.config.file=C:\AS232S3_T03-be\T03_BodegaLaEsquinita_P\conf\logging.properties
07-Nov-2024 16:44:09.998 INFO [main] org.apache.catalina.startup.VersionLoggerListener.log Command line argument:             -Djava.util.logging.manager=org.apache.juli.ClassLoaderLogManager
07-Nov-2024 16:44:09.998 INFO [main] org.apache.catalina.startup.VersionLoggerListener.log Command line argument:             -javaagent:C:\Program Files\JetBrains\IntelliJ IDEA 2024.2.1\lib\idea_rt.jar=51301:C:\Program Files\JetBrains\IntelliJ IDEA 2024.2.1\bin
07-Nov-2024 16:44:09.999 INFO [main] org.apache.catalina.startup.VersionLoggerListener.log Command line argument:             -Dfile.encoding=UTF-8
07-Nov-2024 16:44:10.381 INFO [main] org.apache.catalina.core.AprLifecycleListener.lifecycleEvent Cargada la biblioteca nativa APR de Apache Tomcat [1.3.1] con la versión APR [1.7.4].
07-Nov-2024 16:44:10.382 INFO [main] org.apache.catalina.core.AprLifecycleListener.lifecycleEvent Capacidades APR: IPv6 [true], enviar fichero [true], aceptar filtros [false], aleatorio [true], UDS [true].
07-Nov-2024 16:44:10.382 INFO [main] org.apache.catalina.core.AprLifecycleListener.lifecycleEvent APR/OpenSSL configuration: useAprConnector [false], useOpenSSL [true]
07-Nov-2024 16:44:10.450 INFO [main] org.apache.catalina.core.AprLifecycleListener.initializeSSL OpenSSL inicializado correctamente [OpenSSL 3.0.14 4 Jun 2024]
07-Nov-2024 16:44:11.489 INFO [main] org.apache.coyote.AbstractProtocol.init Inicializando el manejador de protocolo ["http-nio-8080"]

07-Nov-2024 16:44:11.576 INFO [main] org.apache.catalina.startup.Catalina.load Server initialization in [2472] milliseconds
07-Nov-2024 16:44:11.818 INFO [main] org.apache.catalina.core.StandardService.startInternal Arrancando servicio [Catalina]
07-Nov-2024 16:44:11.820 INFO [main] org.apache.catalina.core.StandardEngine.startInternal Starting Servlet engine: [Apache Tomcat/9.0.93]
07-Nov-2024 16:44:11.878 INFO [main] org.apache.catalina.startup.HostConfig.deployDescriptor Desplieque del descriptor de configuración [C:\AS232S3_T03-be\T03_BodegaLaEsquinita_P\conf\Catalina\localhost\T03_BodegaLaEsquinita_P.xml]
07-Nov-2024 16:44:21.983 INFO [main] org.apache.jasper.servlet.TldScanner.scanJars Al menos un JAR, que se ha explorado buscando TLDs, aún no contenía TLDs. Activar historial de depuración para este historiador para una completa lista de los JARs que fueron explorados y de los que nos se halló TLDs. Saltarse JARs no necesarios durante la exploración puede dar lugar a una mejora de tiempo significativa en el arranque y compilación de JSP .
07-Nov-2024 16:44:22.913 WARNING [main] org.apache.catalina.util.SessionIdGeneratorBase.createSecureRandom Creation of SecureRandom instance for session ID generation using [SHA1PRNG] took [186] milliseconds.
07-Nov-2024 16:44:22.982 INFO [main] org.apache.catalina.startup.HostConfig.deployDescriptor Deployment of deployment descriptor [C:\AS232S3_T03-be\T03_BodegaLaEsquinita_P\conf\Catalina\localhost\T03_BodegaLaEsquinita_P.xml] has finished in [11.103] ms
07-Nov-2024 16:44:22.999 INFO [main] org.apache.coyote.AbstractProtocol.start Starting ProtocolHandler ["http-nio-8080"]
07-Nov-2024 16:44:23.213 INFO [main] org.apache.catalina.startup.Catalina.start Server startup in [11636] milliseconds
07-Nov-2024 17:28:07.940 INFO [Thread-1] org.apache.coyote.AbstractProtocol.pause Pausing ProtocolHandler ["http-nio-8080"]
07-Nov-2024 17:28:09.292 INFO [Thread-1] org.apache.catalina.core.StandardService.stopInternal Parando servicio [Catalina]
07-Nov-2024 17:28:20.124 WARNING [Thread-1] org.apache.catalina.loader.WebappClassLoaderBase.clearReferencesJdbc La aplicación web [T03_BodegaLaEsquinita_P] registró el conductor JDBC [com.microsoft.sqlserver.jdbc.SQLServerDriver] pero falló al anular el registro mientras la aplicación web estaba parada. Para prevenir un fallo de memoria, se ha anulado el registro del conductor JDBC por la fuerza.
07-Nov-2024 17:28:20.953 INFO [Thread-1] org.apache.coyote.AbstractProtocol.stop Stopping ProtocolHandler ["http-nio-8080"]
07-Nov-2024 17:28:21.205 INFO [Thread-1] org.apache.coyote.AbstractProtocol.destroy Destroying ProtocolHandler ["http-nio-8080"]
07-Nov-2024 17:29:30.337 INFO [main] org.apache.catalina.startup.VersionLoggerListener.log Nombre de la versión del servidor: Apache Tomcat/9.0.93
07-Nov-2024 17:29:30.347 INFO [main] org.apache.catalina.startup.VersionLoggerListener.log Server built:                      Aug 2 2024 21:24:59 UTC
07-Nov-2024 17:29:30.349 INFO [main] org.apache.catalina.startup.VersionLoggerListener.log Número de versión de servidor:     9.0.93.0
07-Nov-2024 17:29:30.349 INFO [main] org.apache.catalina.startup.VersionLoggerListener.log OS Name:                           Windows 11
07-Nov-2024 17:29:30.349 INFO [main] org.apache.catalina.startup.VersionLoggerListener.log Versión de Systema Operativo:      10.0
07-Nov-2024 17:29:30.349 INFO [main] org.apache.catalina.startup.VersionLoggerListener.log Arquitectura:                      amd64
07-Nov-2024 17:29:30.350 INFO [main] org.apache.catalina.startup.VersionLoggerListener.log Java Home:                         C:\Program Files\Java\jdk-17
07-Nov-2024 17:29:30.350 INFO [main] org.apache.catalina.startup.VersionLoggerListener.log JVM Version:                       17.0.10+11-LTS-240
07-Nov-2024 17:29:30.350 INFO [main] org.apache.catalina.startup.VersionLoggerListener.log Vededor JVM:                       Oracle Corporation
07-Nov-2024 17:29:30.351 INFO [main] org.apache.catalina.startup.VersionLoggerListener.log CATALINA_BASE:                     C:\AS232S3_T03-be\T03_BodegaLaEsquinita_P
07-Nov-2024 17:29:30.351 INFO [main] org.apache.catalina.startup.VersionLoggerListener.log CATALINA_HOME:                     C:\ValleGrande\IntelliJ\apache-tomcat-9.0.93
07-Nov-2024 17:29:30.385 INFO [main] org.apache.catalina.startup.VersionLoggerListener.log Command line argument:             --add-opens=java.base/java.lang=ALL-UNNAMED
07-Nov-2024 17:29:30.385 INFO [main] org.apache.catalina.startup.VersionLoggerListener.log Command line argument:             --add-opens=java.base/java.io=ALL-UNNAMED
07-Nov-2024 17:29:30.386 INFO [main] org.apache.catalina.startup.VersionLoggerListener.log Command line argument:             --add-opens=java.base/java.util=ALL-UNNAMED
07-Nov-2024 17:29:30.386 INFO [main] org.apache.catalina.startup.VersionLoggerListener.log Command line argument:             --add-opens=java.base/java.util.concurrent=ALL-UNNAMED
07-Nov-2024 17:29:30.387 INFO [main] org.apache.catalina.startup.VersionLoggerListener.log Command line argument:             --add-opens=java.rmi/sun.rmi.transport=ALL-UNNAMED
07-Nov-2024 17:29:30.387 INFO [main] org.apache.catalina.startup.VersionLoggerListener.log Command line argument:             -Dcatalina.home=C:\ValleGrande\IntelliJ\apache-tomcat-9.0.93
07-Nov-2024 17:29:30.387 INFO [main] org.apache.catalina.startup.VersionLoggerListener.log Command line argument:             -Dcatalina.base=C:\AS232S3_T03-be\T03_BodegaLaEsquinita_P
07-Nov-2024 17:29:30.388 INFO [main] org.apache.catalina.startup.VersionLoggerListener.log Command line argument:             -Djava.io.tmpdir=C:\AS232S3_T03-be\T03_BodegaLaEsquinita_P\temp
07-Nov-2024 17:29:30.388 INFO [main] org.apache.catalina.startup.VersionLoggerListener.log Command line argument:             -Djava.util.logging.config.file=C:\AS232S3_T03-be\T03_BodegaLaEsquinita_P\conf\logging.properties
07-Nov-2024 17:29:30.388 INFO [main] org.apache.catalina.startup.VersionLoggerListener.log Command line argument:             -Djava.util.logging.manager=org.apache.juli.ClassLoaderLogManager
07-Nov-2024 17:29:30.388 INFO [main] org.apache.catalina.startup.VersionLoggerListener.log Command line argument:             -javaagent:C:\Program Files\JetBrains\IntelliJ IDEA 2024.2.1\lib\idea_rt.jar=53830:C:\Program Files\JetBrains\IntelliJ IDEA 2024.2.1\bin
07-Nov-2024 17:29:30.388 INFO [main] org.apache.catalina.startup.VersionLoggerListener.log Command line argument:             -Dfile.encoding=UTF-8
07-Nov-2024 17:29:30.568 INFO [main] org.apache.catalina.core.AprLifecycleListener.lifecycleEvent Cargada la biblioteca nativa APR de Apache Tomcat [1.3.1] con la versión APR [1.7.4].
07-Nov-2024 17:29:30.569 INFO [main] org.apache.catalina.core.AprLifecycleListener.lifecycleEvent Capacidades APR: IPv6 [true], enviar fichero [true], aceptar filtros [false], aleatorio [true], UDS [true].
07-Nov-2024 17:29:30.569 INFO [main] org.apache.catalina.core.AprLifecycleListener.lifecycleEvent APR/OpenSSL configuration: useAprConnector [false], useOpenSSL [true]
07-Nov-2024 17:29:30.627 INFO [main] org.apache.catalina.core.AprLifecycleListener.initializeSSL OpenSSL inicializado correctamente [OpenSSL 3.0.14 4 Jun 2024]
07-Nov-2024 17:29:31.455 INFO [main] org.apache.coyote.AbstractProtocol.init Inicializando el manejador de protocolo ["http-nio-8080"]

07-Nov-2024 17:29:31.508 INFO [main] org.apache.catalina.startup.Catalina.load Server initialization in [1778] milliseconds
07-Nov-2024 17:29:31.631 INFO [main] org.apache.catalina.core.StandardService.startInternal Arrancando servicio [Catalina]
07-Nov-2024 17:29:31.632 INFO [main] org.apache.catalina.core.StandardEngine.startInternal Starting Servlet engine: [Apache Tomcat/9.0.93]
07-Nov-2024 17:29:31.680 INFO [main] org.apache.catalina.startup.HostConfig.deployDescriptor Desplieque del descriptor de configuración [C:\AS232S3_T03-be\T03_BodegaLaEsquinita_P\conf\Catalina\localhost\T03_BodegaLaEsquinita_P.xml]
07-Nov-2024 17:29:44.094 INFO [main] org.apache.jasper.servlet.TldScanner.scanJars Al menos un JAR, que se ha explorado buscando TLDs, aún no contenía TLDs. Activar historial de depuración para este historiador para una completa lista de los JARs que fueron explorados y de los que nos se halló TLDs. Saltarse JARs no necesarios durante la exploración puede dar lugar a una mejora de tiempo significativa en el arranque y compilación de JSP .
07-Nov-2024 17:29:45.187 WARNING [main] org.apache.catalina.util.SessionIdGeneratorBase.createSecureRandom Creation of SecureRandom instance for session ID generation using [SHA1PRNG] took [315] milliseconds.
07-Nov-2024 17:29:45.608 INFO [main] org.apache.catalina.startup.HostConfig.deployDescriptor Deployment of deployment descriptor [C:\AS232S3_T03-be\T03_BodegaLaEsquinita_P\conf\Catalina\localhost\T03_BodegaLaEsquinita_P.xml] has finished in [13.927] ms
07-Nov-2024 17:29:45.665 INFO [main] org.apache.coyote.AbstractProtocol.start Starting ProtocolHandler ["http-nio-8080"]
07-Nov-2024 17:29:47.546 INFO [main] org.apache.catalina.startup.Catalina.start Server startup in [16036] milliseconds
07-Nov-2024 18:11:12.137 INFO [main] org.apache.catalina.startup.VersionLoggerListener.log Nombre de la versión del servidor: Apache Tomcat/9.0.93
07-Nov-2024 18:11:12.176 INFO [main] org.apache.catalina.startup.VersionLoggerListener.log Server built:                      Aug 2 2024 21:24:59 UTC
07-Nov-2024 18:11:12.178 INFO [main] org.apache.catalina.startup.VersionLoggerListener.log Número de versión de servidor:     9.0.93.0
07-Nov-2024 18:11:12.178 INFO [main] org.apache.catalina.startup.VersionLoggerListener.log OS Name:                           Windows 11
07-Nov-2024 18:11:12.178 INFO [main] org.apache.catalina.startup.VersionLoggerListener.log Versión de Systema Operativo:      10.0
07-Nov-2024 18:11:12.180 INFO [main] org.apache.catalina.startup.VersionLoggerListener.log Arquitectura:                      amd64
07-Nov-2024 18:11:12.180 INFO [main] org.apache.catalina.startup.VersionLoggerListener.log Java Home:                         C:\Program Files\Java\jdk-17
07-Nov-2024 18:11:12.180 INFO [main] org.apache.catalina.startup.VersionLoggerListener.log JVM Version:                       17.0.10+11-LTS-240
07-Nov-2024 18:11:12.182 INFO [main] org.apache.catalina.startup.VersionLoggerListener.log Vededor JVM:                       Oracle Corporation
07-Nov-2024 18:11:12.182 INFO [main] org.apache.catalina.startup.VersionLoggerListener.log CATALINA_BASE:                     C:\AS232S3_T03-be\T03_BodegaLaEsquinita_P
07-Nov-2024 18:11:12.183 INFO [main] org.apache.catalina.startup.VersionLoggerListener.log CATALINA_HOME:                     C:\ValleGrande\IntelliJ\apache-tomcat-9.0.93
07-Nov-2024 18:11:12.247 INFO [main] org.apache.catalina.startup.VersionLoggerListener.log Command line argument:             --add-opens=java.base/java.lang=ALL-UNNAMED
07-Nov-2024 18:11:12.247 INFO [main] org.apache.catalina.startup.VersionLoggerListener.log Command line argument:             --add-opens=java.base/java.io=ALL-UNNAMED
07-Nov-2024 18:11:12.247 INFO [main] org.apache.catalina.startup.VersionLoggerListener.log Command line argument:             --add-opens=java.base/java.util=ALL-UNNAMED
07-Nov-2024 18:11:12.247 INFO [main] org.apache.catalina.startup.VersionLoggerListener.log Command line argument:             --add-opens=java.base/java.util.concurrent=ALL-UNNAMED
07-Nov-2024 18:11:12.247 INFO [main] org.apache.catalina.startup.VersionLoggerListener.log Command line argument:             --add-opens=java.rmi/sun.rmi.transport=ALL-UNNAMED
07-Nov-2024 18:11:12.247 INFO [main] org.apache.catalina.startup.VersionLoggerListener.log Command line argument:             -Dcatalina.home=C:\ValleGrande\IntelliJ\apache-tomcat-9.0.93
07-Nov-2024 18:11:12.247 INFO [main] org.apache.catalina.startup.VersionLoggerListener.log Command line argument:             -Dcatalina.base=C:\AS232S3_T03-be\T03_BodegaLaEsquinita_P
07-Nov-2024 18:11:12.249 INFO [main] org.apache.catalina.startup.VersionLoggerListener.log Command line argument:             -Djava.io.tmpdir=C:\AS232S3_T03-be\T03_BodegaLaEsquinita_P\temp
07-Nov-2024 18:11:12.249 INFO [main] org.apache.catalina.startup.VersionLoggerListener.log Command line argument:             -Djava.util.logging.config.file=C:\AS232S3_T03-be\T03_BodegaLaEsquinita_P\conf\logging.properties
07-Nov-2024 18:11:12.249 INFO [main] org.apache.catalina.startup.VersionLoggerListener.log Command line argument:             -Djava.util.logging.manager=org.apache.juli.ClassLoaderLogManager
07-Nov-2024 18:11:12.249 INFO [main] org.apache.catalina.startup.VersionLoggerListener.log Command line argument:             -javaagent:C:\Program Files\JetBrains\IntelliJ IDEA 2024.2.1\lib\idea_rt.jar=54052:C:\Program Files\JetBrains\IntelliJ IDEA 2024.2.1\bin
07-Nov-2024 18:11:12.249 INFO [main] org.apache.catalina.startup.VersionLoggerListener.log Command line argument:             -Dfile.encoding=UTF-8
07-Nov-2024 18:11:12.277 INFO [main] org.apache.catalina.core.AprLifecycleListener.lifecycleEvent Cargada la biblioteca nativa APR de Apache Tomcat [1.3.1] con la versión APR [1.7.4].
07-Nov-2024 18:11:12.278 INFO [main] org.apache.catalina.core.AprLifecycleListener.lifecycleEvent Capacidades APR: IPv6 [true], enviar fichero [true], aceptar filtros [false], aleatorio [true], UDS [true].
07-Nov-2024 18:11:12.278 INFO [main] org.apache.catalina.core.AprLifecycleListener.lifecycleEvent APR/OpenSSL configuration: useAprConnector [false], useOpenSSL [true]
07-Nov-2024 18:11:12.327 INFO [main] org.apache.catalina.core.AprLifecycleListener.initializeSSL OpenSSL inicializado correctamente [OpenSSL 3.0.14 4 Jun 2024]
07-Nov-2024 18:11:13.354 INFO [Catalina-utility-1] org.apache.catalina.startup.HostConfig.undeploy Repliegue (undeploy) de la aplicación web que tiene como trayectoria de contexto [/T03_BodegaLaEsquinita_P]
07-Nov-2024 18:11:14.582 INFO [main] org.apache.coyote.AbstractProtocol.init Inicializando el manejador de protocolo ["http-nio-8080"]

07-Nov-2024 18:11:14.693 SEVERE [main] org.apache.catalina.util.LifecycleBase.handleSubClassException Fallo al iniciar el componente [Connector["http-nio-8080"]]
	org.apache.catalina.LifecycleException: Falló la inicialización del manejador de protocolo
		at org.apache.catalina.connector.Connector.initInternal(Connector.java:1027)
		at org.apache.catalina.util.LifecycleBase.init(LifecycleBase.java:122)
		at org.apache.catalina.core.StandardService.initInternal(StandardService.java:525)
		at org.apache.catalina.util.LifecycleBase.init(LifecycleBase.java:122)
		at org.apache.catalina.core.StandardServer.initInternal(StandardServer.java:990)
		at org.apache.catalina.util.LifecycleBase.init(LifecycleBase.java:122)
		at org.apache.catalina.startup.Catalina.load(Catalina.java:686)
		at org.apache.catalina.startup.Catalina.load(Catalina.java:709)
		at java.base/jdk.internal.reflect.NativeMethodAccessorImpl.invoke0(Native Method)
		at java.base/jdk.internal.reflect.NativeMethodAccessorImpl.invoke(NativeMethodAccessorImpl.java:77)
		at java.base/jdk.internal.reflect.DelegatingMethodAccessorImpl.invoke(DelegatingMethodAccessorImpl.java:43)
		at java.base/java.lang.reflect.Method.invoke(Method.java:568)
		at org.apache.catalina.startup.Bootstrap.load(Bootstrap.java:302)
		at org.apache.catalina.startup.Bootstrap.main(Bootstrap.java:472)
	Caused by: java.net.BindException: Address already in use: bind
		at java.base/sun.nio.ch.Net.bind0(Native Method)
		at java.base/sun.nio.ch.Net.bind(Net.java:555)
		at java.base/sun.nio.ch.ServerSocketChannelImpl.netBind(ServerSocketChannelImpl.java:337)
		at java.base/sun.nio.ch.ServerSocketChannelImpl.bind(ServerSocketChannelImpl.java:294)
		at org.apache.tomcat.util.net.NioEndpoint.initServerSocket(NioEndpoint.java:268)
		at org.apache.tomcat.util.net.NioEndpoint.bind(NioEndpoint.java:223)
		at org.apache.tomcat.util.net.AbstractEndpoint.bindWithCleanup(AbstractEndpoint.java:1373)
		at org.apache.tomcat.util.net.AbstractEndpoint.init(AbstractEndpoint.java:1386)
		at org.apache.coyote.AbstractProtocol.init(AbstractProtocol.java:662)
		at org.apache.coyote.http11.AbstractHttp11Protocol.init(AbstractHttp11Protocol.java:77)
		at org.apache.catalina.connector.Connector.initInternal(Connector.java:1025)
		... 13 more
07-Nov-2024 18:11:14.703 INFO [main] org.apache.catalina.startup.Catalina.load Server initialization in [3520] milliseconds
07-Nov-2024 18:11:15.293 INFO [main] org.apache.catalina.core.StandardService.startInternal Arrancando servicio [Catalina]
07-Nov-2024 18:11:15.294 INFO [main] org.apache.catalina.core.StandardEngine.startInternal Starting Servlet engine: [Apache Tomcat/9.0.93]
07-Nov-2024 18:11:15.413 INFO [main] org.apache.catalina.startup.HostConfig.deployDescriptor Desplieque del descriptor de configuración [C:\AS232S3_T03-be\T03_BodegaLaEsquinita_P\conf\Catalina\localhost\T03_BodegaLaEsquinita_P.xml]
07-Nov-2024 18:11:22.662 INFO [Catalina-utility-1] org.apache.catalina.startup.HostConfig.deployDescriptor Desplieque del descriptor de configuración [C:\AS232S3_T03-be\T03_BodegaLaEsquinita_P\conf\Catalina\localhost\T03_BodegaLaEsquinita_P.xml]
07-Nov-2024 18:11:42.375 INFO [main] org.apache.jasper.servlet.TldScanner.scanJars Al menos un JAR, que se ha explorado buscando TLDs, aún no contenía TLDs. Activar historial de depuración para este historiador para una completa lista de los JARs que fueron explorados y de los que nos se halló TLDs. Saltarse JARs no necesarios durante la exploración puede dar lugar a una mejora de tiempo significativa en el arranque y compilación de JSP .
07-Nov-2024 18:11:46.115 WARNING [main] org.apache.catalina.util.SessionIdGeneratorBase.createSecureRandom Creation of SecureRandom instance for session ID generation using [SHA1PRNG] took [437] milliseconds.
07-Nov-2024 18:11:46.372 INFO [main] org.apache.catalina.startup.HostConfig.deployDescriptor Deployment of deployment descriptor [C:\AS232S3_T03-be\T03_BodegaLaEsquinita_P\conf\Catalina\localhost\T03_BodegaLaEsquinita_P.xml] has finished in [30.960] ms
07-Nov-2024 18:11:46.432 INFO [main] org.apache.catalina.startup.Catalina.start Server startup in [31729] milliseconds
07-Nov-2024 18:11:46.799 SEVERE [main] org.apache.catalina.core.StandardServer.await Failed to create server shutdown socket on address [localhost] and port [8005] (base port [8005] and offset [0])
	java.net.BindException: Address already in use: bind
		at java.base/sun.nio.ch.Net.bind0(Native Method)
		at java.base/sun.nio.ch.Net.bind(Net.java:555)
		at java.base/sun.nio.ch.Net.bind(Net.java:544)
		at java.base/sun.nio.ch.NioSocketImpl.bind(NioSocketImpl.java:648)
		at java.base/java.net.ServerSocket.bind(ServerSocket.java:388)
		at java.base/java.net.ServerSocket.<init>(ServerSocket.java:274)
		at org.apache.catalina.core.StandardServer.await(StandardServer.java:541)
		at org.apache.catalina.startup.Catalina.await(Catalina.java:825)
		at org.apache.catalina.startup.Catalina.start(Catalina.java:773)
		at java.base/jdk.internal.reflect.NativeMethodAccessorImpl.invoke0(Native Method)
		at java.base/jdk.internal.reflect.NativeMethodAccessorImpl.invoke(NativeMethodAccessorImpl.java:77)
		at java.base/jdk.internal.reflect.DelegatingMethodAccessorImpl.invoke(DelegatingMethodAccessorImpl.java:43)
		at java.base/java.lang.reflect.Method.invoke(Method.java:568)
		at org.apache.catalina.startup.Bootstrap.start(Bootstrap.java:345)
		at org.apache.catalina.startup.Bootstrap.main(Bootstrap.java:473)
07-Nov-2024 18:11:46.881 INFO [main] org.apache.coyote.AbstractProtocol.pause Pausing ProtocolHandler ["http-nio-8080"]
07-Nov-2024 18:11:46.881 INFO [main] org.apache.catalina.core.StandardService.stopInternal Parando servicio [Catalina]
07-Nov-2024 18:11:47.918 INFO [main] org.apache.coyote.AbstractProtocol.stop Stopping ProtocolHandler ["http-nio-8080"]
07-Nov-2024 18:11:47.937 INFO [main] org.apache.coyote.AbstractProtocol.destroy Destroying ProtocolHandler ["http-nio-8080"]
07-Nov-2024 18:12:15.436 INFO [Catalina-utility-1] org.apache.jasper.servlet.TldScanner.scanJars Al menos un JAR, que se ha explorado buscando TLDs, aún no contenía TLDs. Activar historial de depuración para este historiador para una completa lista de los JARs que fueron explorados y de los que nos se halló TLDs. Saltarse JARs no necesarios durante la exploración puede dar lugar a una mejora de tiempo significativa en el arranque y compilación de JSP .
07-Nov-2024 18:12:16.304 INFO [Catalina-utility-1] org.apache.catalina.startup.HostConfig.deployDescriptor Deployment of deployment descriptor [C:\AS232S3_T03-be\T03_BodegaLaEsquinita_P\conf\Catalina\localhost\T03_BodegaLaEsquinita_P.xml] has finished in [53.626] ms
07-Nov-2024 18:21:34.653 INFO [main] org.apache.catalina.startup.VersionLoggerListener.log Nombre de la versión del servidor: Apache Tomcat/9.0.93
07-Nov-2024 18:21:34.679 INFO [main] org.apache.catalina.startup.VersionLoggerListener.log Server built:                      Aug 2 2024 21:24:59 UTC
07-Nov-2024 18:21:34.680 INFO [main] org.apache.catalina.startup.VersionLoggerListener.log Número de versión de servidor:     9.0.93.0
07-Nov-2024 18:21:34.680 INFO [main] org.apache.catalina.startup.VersionLoggerListener.log OS Name:                           Windows 11
07-Nov-2024 18:21:34.680 INFO [main] org.apache.catalina.startup.VersionLoggerListener.log Versión de Systema Operativo:      10.0
07-Nov-2024 18:21:34.681 INFO [main] org.apache.catalina.startup.VersionLoggerListener.log Arquitectura:                      amd64
07-Nov-2024 18:21:34.681 INFO [main] org.apache.catalina.startup.VersionLoggerListener.log Java Home:                         C:\Program Files\Java\jdk-17
07-Nov-2024 18:21:34.682 INFO [main] org.apache.catalina.startup.VersionLoggerListener.log JVM Version:                       17.0.10+11-LTS-240
07-Nov-2024 18:21:34.682 INFO [main] org.apache.catalina.startup.VersionLoggerListener.log Vededor JVM:                       Oracle Corporation
07-Nov-2024 18:21:34.682 INFO [main] org.apache.catalina.startup.VersionLoggerListener.log CATALINA_BASE:                     C:\AS232S3_T03-be\T03_BodegaLaEsquinita_P
07-Nov-2024 18:21:34.682 INFO [main] org.apache.catalina.startup.VersionLoggerListener.log CATALINA_HOME:                     C:\ValleGrande\IntelliJ\apache-tomcat-9.0.93
07-Nov-2024 18:21:34.811 INFO [main] org.apache.catalina.startup.VersionLoggerListener.log Command line argument:             --add-opens=java.base/java.lang=ALL-UNNAMED
07-Nov-2024 18:21:34.812 INFO [main] org.apache.catalina.startup.VersionLoggerListener.log Command line argument:             --add-opens=java.base/java.io=ALL-UNNAMED
07-Nov-2024 18:21:34.814 INFO [main] org.apache.catalina.startup.VersionLoggerListener.log Command line argument:             --add-opens=java.base/java.util=ALL-UNNAMED
07-Nov-2024 18:21:34.816 INFO [main] org.apache.catalina.startup.VersionLoggerListener.log Command line argument:             --add-opens=java.base/java.util.concurrent=ALL-UNNAMED
07-Nov-2024 18:21:34.817 INFO [main] org.apache.catalina.startup.VersionLoggerListener.log Command line argument:             --add-opens=java.rmi/sun.rmi.transport=ALL-UNNAMED
07-Nov-2024 18:21:34.817 INFO [main] org.apache.catalina.startup.VersionLoggerListener.log Command line argument:             -Dcatalina.home=C:\ValleGrande\IntelliJ\apache-tomcat-9.0.93
07-Nov-2024 18:21:34.820 INFO [main] org.apache.catalina.startup.VersionLoggerListener.log Command line argument:             -Dcatalina.base=C:\AS232S3_T03-be\T03_BodegaLaEsquinita_P
07-Nov-2024 18:21:34.820 INFO [main] org.apache.catalina.startup.VersionLoggerListener.log Command line argument:             -Djava.io.tmpdir=C:\AS232S3_T03-be\T03_BodegaLaEsquinita_P\temp
07-Nov-2024 18:21:34.824 INFO [main] org.apache.catalina.startup.VersionLoggerListener.log Command line argument:             -Djava.util.logging.config.file=C:\AS232S3_T03-be\T03_BodegaLaEsquinita_P\conf\logging.properties
07-Nov-2024 18:21:34.824 INFO [main] org.apache.catalina.startup.VersionLoggerListener.log Command line argument:             -Djava.util.logging.manager=org.apache.juli.ClassLoaderLogManager
07-Nov-2024 18:21:34.824 INFO [main] org.apache.catalina.startup.VersionLoggerListener.log Command line argument:             -javaagent:C:\Program Files\JetBrains\IntelliJ IDEA 2024.2.1\lib\idea_rt.jar=54144:C:\Program Files\JetBrains\IntelliJ IDEA 2024.2.1\bin
07-Nov-2024 18:21:34.825 INFO [main] org.apache.catalina.startup.VersionLoggerListener.log Command line argument:             -Dfile.encoding=UTF-8
07-Nov-2024 18:21:34.911 INFO [main] org.apache.catalina.core.AprLifecycleListener.lifecycleEvent Cargada la biblioteca nativa APR de Apache Tomcat [1.3.1] con la versión APR [1.7.4].
07-Nov-2024 18:21:34.912 INFO [main] org.apache.catalina.core.AprLifecycleListener.lifecycleEvent Capacidades APR: IPv6 [true], enviar fichero [true], aceptar filtros [false], aleatorio [true], UDS [true].
07-Nov-2024 18:21:34.913 INFO [main] org.apache.catalina.core.AprLifecycleListener.lifecycleEvent APR/OpenSSL configuration: useAprConnector [false], useOpenSSL [true]
07-Nov-2024 18:21:35.004 INFO [main] org.apache.catalina.core.AprLifecycleListener.initializeSSL OpenSSL inicializado correctamente [OpenSSL 3.0.14 4 Jun 2024]
07-Nov-2024 18:21:37.024 INFO [main] org.apache.coyote.AbstractProtocol.init Inicializando el manejador de protocolo ["http-nio-8080"]

07-Nov-2024 18:21:37.067 SEVERE [main] org.apache.catalina.util.LifecycleBase.handleSubClassException Fallo al iniciar el componente [Connector["http-nio-8080"]]
	org.apache.catalina.LifecycleException: Falló la inicialización del manejador de protocolo
		at org.apache.catalina.connector.Connector.initInternal(Connector.java:1027)
		at org.apache.catalina.util.LifecycleBase.init(LifecycleBase.java:122)
		at org.apache.catalina.core.StandardService.initInternal(StandardService.java:525)
		at org.apache.catalina.util.LifecycleBase.init(LifecycleBase.java:122)
		at org.apache.catalina.core.StandardServer.initInternal(StandardServer.java:990)
		at org.apache.catalina.util.LifecycleBase.init(LifecycleBase.java:122)
		at org.apache.catalina.startup.Catalina.load(Catalina.java:686)
		at org.apache.catalina.startup.Catalina.load(Catalina.java:709)
		at java.base/jdk.internal.reflect.NativeMethodAccessorImpl.invoke0(Native Method)
		at java.base/jdk.internal.reflect.NativeMethodAccessorImpl.invoke(NativeMethodAccessorImpl.java:77)
		at java.base/jdk.internal.reflect.DelegatingMethodAccessorImpl.invoke(DelegatingMethodAccessorImpl.java:43)
		at java.base/java.lang.reflect.Method.invoke(Method.java:568)
		at org.apache.catalina.startup.Bootstrap.load(Bootstrap.java:302)
		at org.apache.catalina.startup.Bootstrap.main(Bootstrap.java:472)
	Caused by: java.net.BindException: Address already in use: bind
		at java.base/sun.nio.ch.Net.bind0(Native Method)
		at java.base/sun.nio.ch.Net.bind(Net.java:555)
		at java.base/sun.nio.ch.ServerSocketChannelImpl.netBind(ServerSocketChannelImpl.java:337)
		at java.base/sun.nio.ch.ServerSocketChannelImpl.bind(ServerSocketChannelImpl.java:294)
		at org.apache.tomcat.util.net.NioEndpoint.initServerSocket(NioEndpoint.java:268)
		at org.apache.tomcat.util.net.NioEndpoint.bind(NioEndpoint.java:223)
		at org.apache.tomcat.util.net.AbstractEndpoint.bindWithCleanup(AbstractEndpoint.java:1373)
		at org.apache.tomcat.util.net.AbstractEndpoint.init(AbstractEndpoint.java:1386)
		at org.apache.coyote.AbstractProtocol.init(AbstractProtocol.java:662)
		at org.apache.coyote.http11.AbstractHttp11Protocol.init(AbstractHttp11Protocol.java:77)
		at org.apache.catalina.connector.Connector.initInternal(Connector.java:1025)
		... 13 more
07-Nov-2024 18:21:37.072 INFO [main] org.apache.catalina.startup.Catalina.load Server initialization in [4097] milliseconds
07-Nov-2024 18:21:37.285 INFO [main] org.apache.catalina.core.StandardService.startInternal Arrancando servicio [Catalina]
07-Nov-2024 18:21:37.286 INFO [main] org.apache.catalina.core.StandardEngine.startInternal Starting Servlet engine: [Apache Tomcat/9.0.93]
07-Nov-2024 18:21:37.348 INFO [main] org.apache.catalina.startup.HostConfig.deployDescriptor Desplieque del descriptor de configuración [C:\AS232S3_T03-be\T03_BodegaLaEsquinita_P\conf\Catalina\localhost\T03_BodegaLaEsquinita_P.xml]
07-Nov-2024 18:21:40.913 INFO [Catalina-utility-2] org.apache.catalina.startup.HostConfig.undeploy Repliegue (undeploy) de la aplicación web que tiene como trayectoria de contexto [/T03_BodegaLaEsquinita_P]
07-Nov-2024 18:21:43.812 WARNING [Catalina-utility-2] org.apache.catalina.loader.WebappClassLoaderBase.clearReferencesJdbc La aplicación web [T03_BodegaLaEsquinita_P] registró el conductor JDBC [com.microsoft.sqlserver.jdbc.SQLServerDriver] pero falló al anular el registro mientras la aplicación web estaba parada. Para prevenir un fallo de memoria, se ha anulado el registro del conductor JDBC por la fuerza.
07-Nov-2024 18:21:44.180 INFO [Catalina-utility-2] org.apache.catalina.startup.HostConfig.deployDescriptor Desplieque del descriptor de configuración [C:\AS232S3_T03-be\T03_BodegaLaEsquinita_P\conf\Catalina\localhost\T03_BodegaLaEsquinita_P.xml]
07-Nov-2024 18:21:57.807 INFO [main] org.apache.jasper.servlet.TldScanner.scanJars Al menos un JAR, que se ha explorado buscando TLDs, aún no contenía TLDs. Activar historial de depuración para este historiador para una completa lista de los JARs que fueron explorados y de los que nos se halló TLDs. Saltarse JARs no necesarios durante la exploración puede dar lugar a una mejora de tiempo significativa en el arranque y compilación de JSP .
07-Nov-2024 18:21:59.001 WARNING [main] org.apache.catalina.util.SessionIdGeneratorBase.createSecureRandom Creation of SecureRandom instance for session ID generation using [SHA1PRNG] took [375] milliseconds.
07-Nov-2024 18:21:59.239 INFO [main] org.apache.catalina.startup.HostConfig.deployDescriptor Deployment of deployment descriptor [C:\AS232S3_T03-be\T03_BodegaLaEsquinita_P\conf\Catalina\localhost\T03_BodegaLaEsquinita_P.xml] has finished in [21.888] ms
07-Nov-2024 18:21:59.324 INFO [main] org.apache.catalina.startup.Catalina.start Server startup in [22252] milliseconds
07-Nov-2024 18:21:59.524 SEVERE [main] org.apache.catalina.core.StandardServer.await Failed to create server shutdown socket on address [localhost] and port [8005] (base port [8005] and offset [0])
	java.net.BindException: Address already in use: bind
		at java.base/sun.nio.ch.Net.bind0(Native Method)
		at java.base/sun.nio.ch.Net.bind(Net.java:555)
		at java.base/sun.nio.ch.Net.bind(Net.java:544)
		at java.base/sun.nio.ch.NioSocketImpl.bind(NioSocketImpl.java:648)
		at java.base/java.net.ServerSocket.bind(ServerSocket.java:388)
		at java.base/java.net.ServerSocket.<init>(ServerSocket.java:274)
		at org.apache.catalina.core.StandardServer.await(StandardServer.java:541)
		at org.apache.catalina.startup.Catalina.await(Catalina.java:825)
		at org.apache.catalina.startup.Catalina.start(Catalina.java:773)
		at java.base/jdk.internal.reflect.NativeMethodAccessorImpl.invoke0(Native Method)
		at java.base/jdk.internal.reflect.NativeMethodAccessorImpl.invoke(NativeMethodAccessorImpl.java:77)
		at java.base/jdk.internal.reflect.DelegatingMethodAccessorImpl.invoke(DelegatingMethodAccessorImpl.java:43)
		at java.base/java.lang.reflect.Method.invoke(Method.java:568)
		at org.apache.catalina.startup.Bootstrap.start(Bootstrap.java:345)
		at org.apache.catalina.startup.Bootstrap.main(Bootstrap.java:473)
07-Nov-2024 18:21:59.557 INFO [main] org.apache.coyote.AbstractProtocol.pause Pausing ProtocolHandler ["http-nio-8080"]
07-Nov-2024 18:21:59.557 INFO [main] org.apache.catalina.core.StandardService.stopInternal Parando servicio [Catalina]
07-Nov-2024 18:21:59.730 INFO [main] org.apache.coyote.AbstractProtocol.stop Stopping ProtocolHandler ["http-nio-8080"]
07-Nov-2024 18:21:59.734 INFO [main] org.apache.coyote.AbstractProtocol.destroy Destroying ProtocolHandler ["http-nio-8080"]
07-Nov-2024 18:23:20.054 INFO [Catalina-utility-2] org.apache.jasper.servlet.TldScanner.scanJars Al menos un JAR, que se ha explorado buscando TLDs, aún no contenía TLDs. Activar historial de depuración para este historiador para una completa lista de los JARs que fueron explorados y de los que nos se halló TLDs. Saltarse JARs no necesarios durante la exploración puede dar lugar a una mejora de tiempo significativa en el arranque y compilación de JSP .
07-Nov-2024 18:23:22.482 INFO [Catalina-utility-2] org.apache.catalina.startup.HostConfig.deployDescriptor Deployment of deployment descriptor [C:\AS232S3_T03-be\T03_BodegaLaEsquinita_P\conf\Catalina\localhost\T03_BodegaLaEsquinita_P.xml] has finished in [98.274] ms
07-Nov-2024 18:23:44.708 INFO [Thread-1] org.apache.coyote.AbstractProtocol.pause Pausing ProtocolHandler ["http-nio-8080"]
07-Nov-2024 18:23:45.673 INFO [Thread-1] org.apache.catalina.core.StandardService.stopInternal Parando servicio [Catalina]
07-Nov-2024 18:23:46.514 INFO [Thread-1] org.apache.coyote.AbstractProtocol.stop Stopping ProtocolHandler ["http-nio-8080"]
07-Nov-2024 18:23:46.792 INFO [Thread-1] org.apache.coyote.AbstractProtocol.destroy Destroying ProtocolHandler ["http-nio-8080"]
07-Nov-2024 18:54:27.452 INFO [main] org.apache.catalina.startup.VersionLoggerListener.log Nombre de la versión del servidor: Apache Tomcat/9.0.93
07-Nov-2024 18:54:27.462 INFO [main] org.apache.catalina.startup.VersionLoggerListener.log Server built:                      Aug 2 2024 21:24:59 UTC
07-Nov-2024 18:54:27.463 INFO [main] org.apache.catalina.startup.VersionLoggerListener.log Número de versión de servidor:     9.0.93.0
07-Nov-2024 18:54:27.463 INFO [main] org.apache.catalina.startup.VersionLoggerListener.log OS Name:                           Windows 11
07-Nov-2024 18:54:27.463 INFO [main] org.apache.catalina.startup.VersionLoggerListener.log Versión de Systema Operativo:      10.0
07-Nov-2024 18:54:27.463 INFO [main] org.apache.catalina.startup.VersionLoggerListener.log Arquitectura:                      amd64
07-Nov-2024 18:54:27.463 INFO [main] org.apache.catalina.startup.VersionLoggerListener.log Java Home:                         C:\Program Files\Java\jdk-17
07-Nov-2024 18:54:27.464 INFO [main] org.apache.catalina.startup.VersionLoggerListener.log JVM Version:                       17.0.10+11-LTS-240
07-Nov-2024 18:54:27.466 INFO [main] org.apache.catalina.startup.VersionLoggerListener.log Vededor JVM:                       Oracle Corporation
07-Nov-2024 18:54:27.466 INFO [main] org.apache.catalina.startup.VersionLoggerListener.log CATALINA_BASE:                     C:\AS232S3_T03-be\T03_BodegaLaEsquinita_P
07-Nov-2024 18:54:27.466 INFO [main] org.apache.catalina.startup.VersionLoggerListener.log CATALINA_HOME:                     C:\ValleGrande\IntelliJ\apache-tomcat-9.0.93
07-Nov-2024 18:54:27.485 INFO [main] org.apache.catalina.startup.VersionLoggerListener.log Command line argument:             --add-opens=java.base/java.lang=ALL-UNNAMED
07-Nov-2024 18:54:27.486 INFO [main] org.apache.catalina.startup.VersionLoggerListener.log Command line argument:             --add-opens=java.base/java.io=ALL-UNNAMED
07-Nov-2024 18:54:27.486 INFO [main] org.apache.catalina.startup.VersionLoggerListener.log Command line argument:             --add-opens=java.base/java.util=ALL-UNNAMED
07-Nov-2024 18:54:27.486 INFO [main] org.apache.catalina.startup.VersionLoggerListener.log Command line argument:             --add-opens=java.base/java.util.concurrent=ALL-UNNAMED
07-Nov-2024 18:54:27.486 INFO [main] org.apache.catalina.startup.VersionLoggerListener.log Command line argument:             --add-opens=java.rmi/sun.rmi.transport=ALL-UNNAMED
07-Nov-2024 18:54:27.486 INFO [main] org.apache.catalina.startup.VersionLoggerListener.log Command line argument:             -Dcatalina.home=C:\ValleGrande\IntelliJ\apache-tomcat-9.0.93
07-Nov-2024 18:54:27.486 INFO [main] org.apache.catalina.startup.VersionLoggerListener.log Command line argument:             -Dcatalina.base=C:\AS232S3_T03-be\T03_BodegaLaEsquinita_P
07-Nov-2024 18:54:27.487 INFO [main] org.apache.catalina.startup.VersionLoggerListener.log Command line argument:             -Djava.io.tmpdir=C:\AS232S3_T03-be\T03_BodegaLaEsquinita_P\temp
07-Nov-2024 18:54:27.487 INFO [main] org.apache.catalina.startup.VersionLoggerListener.log Command line argument:             -Djava.util.logging.config.file=C:\AS232S3_T03-be\T03_BodegaLaEsquinita_P\conf\logging.properties
07-Nov-2024 18:54:27.487 INFO [main] org.apache.catalina.startup.VersionLoggerListener.log Command line argument:             -Djava.util.logging.manager=org.apache.juli.ClassLoaderLogManager
07-Nov-2024 18:54:27.487 INFO [main] org.apache.catalina.startup.VersionLoggerListener.log Command line argument:             -javaagent:C:\Program Files\JetBrains\IntelliJ IDEA 2024.2.1\lib\idea_rt.jar=51198:C:\Program Files\JetBrains\IntelliJ IDEA 2024.2.1\bin
07-Nov-2024 18:54:27.488 INFO [main] org.apache.catalina.startup.VersionLoggerListener.log Command line argument:             -Dfile.encoding=UTF-8
07-Nov-2024 18:54:27.502 INFO [main] org.apache.catalina.core.AprLifecycleListener.lifecycleEvent Cargada la biblioteca nativa APR de Apache Tomcat [1.3.1] con la versión APR [1.7.4].
07-Nov-2024 18:54:27.503 INFO [main] org.apache.catalina.core.AprLifecycleListener.lifecycleEvent Capacidades APR: IPv6 [true], enviar fichero [true], aceptar filtros [false], aleatorio [true], UDS [true].
07-Nov-2024 18:54:27.503 INFO [main] org.apache.catalina.core.AprLifecycleListener.lifecycleEvent APR/OpenSSL configuration: useAprConnector [false], useOpenSSL [true]
07-Nov-2024 18:54:27.545 INFO [main] org.apache.catalina.core.AprLifecycleListener.initializeSSL OpenSSL inicializado correctamente [OpenSSL 3.0.14 4 Jun 2024]
07-Nov-2024 18:54:28.040 INFO [main] org.apache.coyote.AbstractProtocol.init Inicializando el manejador de protocolo ["http-nio-8080"]

07-Nov-2024 18:54:28.076 INFO [main] org.apache.catalina.startup.Catalina.load Server initialization in [1123] milliseconds
07-Nov-2024 18:54:28.165 INFO [main] org.apache.catalina.core.StandardService.startInternal Arrancando servicio [Catalina]
07-Nov-2024 18:54:28.165 INFO [main] org.apache.catalina.core.StandardEngine.startInternal Starting Servlet engine: [Apache Tomcat/9.0.93]
07-Nov-2024 18:54:28.182 INFO [main] org.apache.catalina.startup.HostConfig.deployDescriptor Desplieque del descriptor de configuración [C:\AS232S3_T03-be\T03_BodegaLaEsquinita_P\conf\Catalina\localhost\T03_BodegaLaEsquinita_P.xml]
07-Nov-2024 18:54:31.519 INFO [main] org.apache.jasper.servlet.TldScanner.scanJars Al menos un JAR, que se ha explorado buscando TLDs, aún no contenía TLDs. Activar historial de depuración para este historiador para una completa lista de los JARs que fueron explorados y de los que nos se halló TLDs. Saltarse JARs no necesarios durante la exploración puede dar lugar a una mejora de tiempo significativa en el arranque y compilación de JSP .
07-Nov-2024 18:54:31.801 INFO [main] org.apache.catalina.startup.HostConfig.deployDescriptor Deployment of deployment descriptor [C:\AS232S3_T03-be\T03_BodegaLaEsquinita_P\conf\Catalina\localhost\T03_BodegaLaEsquinita_P.xml] has finished in [3.617] ms
07-Nov-2024 18:54:31.808 INFO [main] org.apache.coyote.AbstractProtocol.start Starting ProtocolHandler ["http-nio-8080"]
07-Nov-2024 18:54:31.873 INFO [main] org.apache.catalina.startup.Catalina.start Server startup in [3796] milliseconds
07-Nov-2024 19:08:26.875 INFO [Thread-1] org.apache.coyote.AbstractProtocol.pause Pausing ProtocolHandler ["http-nio-8080"]
07-Nov-2024 19:08:27.212 INFO [Thread-1] org.apache.catalina.core.StandardService.stopInternal Parando servicio [Catalina]
07-Nov-2024 19:08:27.403 WARNING [Thread-1] org.apache.catalina.loader.WebappClassLoaderBase.clearReferencesJdbc La aplicación web [T03_BodegaLaEsquinita_P] registró el conductor JDBC [com.microsoft.sqlserver.jdbc.SQLServerDriver] pero falló al anular el registro mientras la aplicación web estaba parada. Para prevenir un fallo de memoria, se ha anulado el registro del conductor JDBC por la fuerza.
07-Nov-2024 19:08:27.446 INFO [Thread-1] org.apache.coyote.AbstractProtocol.stop Stopping ProtocolHandler ["http-nio-8080"]
07-Nov-2024 19:08:27.500 INFO [Thread-1] org.apache.coyote.AbstractProtocol.destroy Destroying ProtocolHandler ["http-nio-8080"]
07-Nov-2024 19:08:32.495 INFO [main] org.apache.catalina.startup.VersionLoggerListener.log Nombre de la versión del servidor: Apache Tomcat/9.0.93
07-Nov-2024 19:08:32.504 INFO [main] org.apache.catalina.startup.VersionLoggerListener.log Server built:                      Aug 2 2024 21:24:59 UTC
07-Nov-2024 19:08:32.504 INFO [main] org.apache.catalina.startup.VersionLoggerListener.log Número de versión de servidor:     9.0.93.0
07-Nov-2024 19:08:32.504 INFO [main] org.apache.catalina.startup.VersionLoggerListener.log OS Name:                           Windows 11
07-Nov-2024 19:08:32.504 INFO [main] org.apache.catalina.startup.VersionLoggerListener.log Versión de Systema Operativo:      10.0
07-Nov-2024 19:08:32.504 INFO [main] org.apache.catalina.startup.VersionLoggerListener.log Arquitectura:                      amd64
07-Nov-2024 19:08:32.505 INFO [main] org.apache.catalina.startup.VersionLoggerListener.log Java Home:                         C:\Program Files\Java\jdk-17
07-Nov-2024 19:08:32.505 INFO [main] org.apache.catalina.startup.VersionLoggerListener.log JVM Version:                       17.0.10+11-LTS-240
07-Nov-2024 19:08:32.505 INFO [main] org.apache.catalina.startup.VersionLoggerListener.log Vededor JVM:                       Oracle Corporation
07-Nov-2024 19:08:32.505 INFO [main] org.apache.catalina.startup.VersionLoggerListener.log CATALINA_BASE:                     C:\AS232S3_T03-be\T03_BodegaLaEsquinita_P
07-Nov-2024 19:08:32.505 INFO [main] org.apache.catalina.startup.VersionLoggerListener.log CATALINA_HOME:                     C:\ValleGrande\IntelliJ\apache-tomcat-9.0.93
07-Nov-2024 19:08:32.526 INFO [main] org.apache.catalina.startup.VersionLoggerListener.log Command line argument:             --add-opens=java.base/java.lang=ALL-UNNAMED
07-Nov-2024 19:08:32.526 INFO [main] org.apache.catalina.startup.VersionLoggerListener.log Command line argument:             --add-opens=java.base/java.io=ALL-UNNAMED
07-Nov-2024 19:08:32.526 INFO [main] org.apache.catalina.startup.VersionLoggerListener.log Command line argument:             --add-opens=java.base/java.util=ALL-UNNAMED
07-Nov-2024 19:08:32.526 INFO [main] org.apache.catalina.startup.VersionLoggerListener.log Command line argument:             --add-opens=java.base/java.util.concurrent=ALL-UNNAMED
07-Nov-2024 19:08:32.526 INFO [main] org.apache.catalina.startup.VersionLoggerListener.log Command line argument:             --add-opens=java.rmi/sun.rmi.transport=ALL-UNNAMED
07-Nov-2024 19:08:32.527 INFO [main] org.apache.catalina.startup.VersionLoggerListener.log Command line argument:             -Dcatalina.home=C:\ValleGrande\IntelliJ\apache-tomcat-9.0.93
07-Nov-2024 19:08:32.527 INFO [main] org.apache.catalina.startup.VersionLoggerListener.log Command line argument:             -Dcatalina.base=C:\AS232S3_T03-be\T03_BodegaLaEsquinita_P
07-Nov-2024 19:08:32.527 INFO [main] org.apache.catalina.startup.VersionLoggerListener.log Command line argument:             -Djava.io.tmpdir=C:\AS232S3_T03-be\T03_BodegaLaEsquinita_P\temp
07-Nov-2024 19:08:32.527 INFO [main] org.apache.catalina.startup.VersionLoggerListener.log Command line argument:             -Djava.util.logging.config.file=C:\AS232S3_T03-be\T03_BodegaLaEsquinita_P\conf\logging.properties
07-Nov-2024 19:08:32.527 INFO [main] org.apache.catalina.startup.VersionLoggerListener.log Command line argument:             -Djava.util.logging.manager=org.apache.juli.ClassLoaderLogManager
07-Nov-2024 19:08:32.527 INFO [main] org.apache.catalina.startup.VersionLoggerListener.log Command line argument:             -javaagent:C:\Program Files\JetBrains\IntelliJ IDEA 2024.2.1\lib\idea_rt.jar=50863:C:\Program Files\JetBrains\IntelliJ IDEA 2024.2.1\bin
07-Nov-2024 19:08:32.527 INFO [main] org.apache.catalina.startup.VersionLoggerListener.log Command line argument:             -Dfile.encoding=UTF-8
07-Nov-2024 19:08:32.539 INFO [main] org.apache.catalina.core.AprLifecycleListener.lifecycleEvent Cargada la biblioteca nativa APR de Apache Tomcat [1.3.1] con la versión APR [1.7.4].
07-Nov-2024 19:08:32.539 INFO [main] org.apache.catalina.core.AprLifecycleListener.lifecycleEvent Capacidades APR: IPv6 [true], enviar fichero [true], aceptar filtros [false], aleatorio [true], UDS [true].
07-Nov-2024 19:08:32.539 INFO [main] org.apache.catalina.core.AprLifecycleListener.lifecycleEvent APR/OpenSSL configuration: useAprConnector [false], useOpenSSL [true]
07-Nov-2024 19:08:32.571 INFO [main] org.apache.catalina.core.AprLifecycleListener.initializeSSL OpenSSL inicializado correctamente [OpenSSL 3.0.14 4 Jun 2024]
07-Nov-2024 19:08:33.106 INFO [main] org.apache.coyote.AbstractProtocol.init Inicializando el manejador de protocolo ["http-nio-8080"]

07-Nov-2024 19:08:33.148 INFO [main] org.apache.catalina.startup.Catalina.load Server initialization in [1134] milliseconds
07-Nov-2024 19:08:33.244 INFO [main] org.apache.catalina.core.StandardService.startInternal Arrancando servicio [Catalina]
07-Nov-2024 19:08:33.244 INFO [main] org.apache.catalina.core.StandardEngine.startInternal Starting Servlet engine: [Apache Tomcat/9.0.93]
07-Nov-2024 19:08:33.267 INFO [main] org.apache.catalina.startup.HostConfig.deployDescriptor Desplieque del descriptor de configuración [C:\AS232S3_T03-be\T03_BodegaLaEsquinita_P\conf\Catalina\localhost\T03_BodegaLaEsquinita_P.xml]
07-Nov-2024 19:08:37.384 INFO [main] org.apache.jasper.servlet.TldScanner.scanJars Al menos un JAR, que se ha explorado buscando TLDs, aún no contenía TLDs. Activar historial de depuración para este historiador para una completa lista de los JARs que fueron explorados y de los que nos se halló TLDs. Saltarse JARs no necesarios durante la exploración puede dar lugar a una mejora de tiempo significativa en el arranque y compilación de JSP .
07-Nov-2024 19:08:37.759 INFO [main] org.apache.catalina.startup.HostConfig.deployDescriptor Deployment of deployment descriptor [C:\AS232S3_T03-be\T03_BodegaLaEsquinita_P\conf\Catalina\localhost\T03_BodegaLaEsquinita_P.xml] has finished in [4.493] ms
07-Nov-2024 19:08:37.768 INFO [main] org.apache.coyote.AbstractProtocol.start Starting ProtocolHandler ["http-nio-8080"]
07-Nov-2024 19:08:37.843 INFO [main] org.apache.catalina.startup.Catalina.start Server startup in [4694] milliseconds
07-Nov-2024 19:14:56.849 INFO [Thread-1] org.apache.coyote.AbstractProtocol.pause Pausing ProtocolHandler ["http-nio-8080"]
07-Nov-2024 19:14:57.120 INFO [Thread-1] org.apache.catalina.core.StandardService.stopInternal Parando servicio [Catalina]
07-Nov-2024 19:14:57.237 WARNING [Thread-1] org.apache.catalina.loader.WebappClassLoaderBase.clearReferencesJdbc La aplicación web [T03_BodegaLaEsquinita_P] registró el conductor JDBC [com.microsoft.sqlserver.jdbc.SQLServerDriver] pero falló al anular el registro mientras la aplicación web estaba parada. Para prevenir un fallo de memoria, se ha anulado el registro del conductor JDBC por la fuerza.
07-Nov-2024 19:14:57.268 INFO [Thread-1] org.apache.coyote.AbstractProtocol.stop Stopping ProtocolHandler ["http-nio-8080"]
07-Nov-2024 19:14:57.293 INFO [Thread-1] org.apache.coyote.AbstractProtocol.destroy Destroying ProtocolHandler ["http-nio-8080"]
07-Nov-2024 19:15:01.347 INFO [main] org.apache.catalina.startup.VersionLoggerListener.log Nombre de la versión del servidor: Apache Tomcat/9.0.93
07-Nov-2024 19:15:01.355 INFO [main] org.apache.catalina.startup.VersionLoggerListener.log Server built:                      Aug 2 2024 21:24:59 UTC
07-Nov-2024 19:15:01.357 INFO [main] org.apache.catalina.startup.VersionLoggerListener.log Número de versión de servidor:     9.0.93.0
07-Nov-2024 19:15:01.357 INFO [main] org.apache.catalina.startup.VersionLoggerListener.log OS Name:                           Windows 11
07-Nov-2024 19:15:01.357 INFO [main] org.apache.catalina.startup.VersionLoggerListener.log Versión de Systema Operativo:      10.0
07-Nov-2024 19:15:01.358 INFO [main] org.apache.catalina.startup.VersionLoggerListener.log Arquitectura:                      amd64
07-Nov-2024 19:15:01.358 INFO [main] org.apache.catalina.startup.VersionLoggerListener.log Java Home:                         C:\Program Files\Java\jdk-17
07-Nov-2024 19:15:01.358 INFO [main] org.apache.catalina.startup.VersionLoggerListener.log JVM Version:                       17.0.10+11-LTS-240
07-Nov-2024 19:15:01.358 INFO [main] org.apache.catalina.startup.VersionLoggerListener.log Vededor JVM:                       Oracle Corporation
07-Nov-2024 19:15:01.359 INFO [main] org.apache.catalina.startup.VersionLoggerListener.log CATALINA_BASE:                     C:\AS232S3_T03-be\T03_BodegaLaEsquinita_P
07-Nov-2024 19:15:01.359 INFO [main] org.apache.catalina.startup.VersionLoggerListener.log CATALINA_HOME:                     C:\ValleGrande\IntelliJ\apache-tomcat-9.0.93
07-Nov-2024 19:15:01.375 INFO [main] org.apache.catalina.startup.VersionLoggerListener.log Command line argument:             --add-opens=java.base/java.lang=ALL-UNNAMED
07-Nov-2024 19:15:01.376 INFO [main] org.apache.catalina.startup.VersionLoggerListener.log Command line argument:             --add-opens=java.base/java.io=ALL-UNNAMED
07-Nov-2024 19:15:01.376 INFO [main] org.apache.catalina.startup.VersionLoggerListener.log Command line argument:             --add-opens=java.base/java.util=ALL-UNNAMED
07-Nov-2024 19:15:01.376 INFO [main] org.apache.catalina.startup.VersionLoggerListener.log Command line argument:             --add-opens=java.base/java.util.concurrent=ALL-UNNAMED
07-Nov-2024 19:15:01.376 INFO [main] org.apache.catalina.startup.VersionLoggerListener.log Command line argument:             --add-opens=java.rmi/sun.rmi.transport=ALL-UNNAMED
07-Nov-2024 19:15:01.376 INFO [main] org.apache.catalina.startup.VersionLoggerListener.log Command line argument:             -Dcatalina.home=C:\ValleGrande\IntelliJ\apache-tomcat-9.0.93
07-Nov-2024 19:15:01.376 INFO [main] org.apache.catalina.startup.VersionLoggerListener.log Command line argument:             -Dcatalina.base=C:\AS232S3_T03-be\T03_BodegaLaEsquinita_P
07-Nov-2024 19:15:01.377 INFO [main] org.apache.catalina.startup.VersionLoggerListener.log Command line argument:             -Djava.io.tmpdir=C:\AS232S3_T03-be\T03_BodegaLaEsquinita_P\temp
07-Nov-2024 19:15:01.377 INFO [main] org.apache.catalina.startup.VersionLoggerListener.log Command line argument:             -Djava.util.logging.config.file=C:\AS232S3_T03-be\T03_BodegaLaEsquinita_P\conf\logging.properties
07-Nov-2024 19:15:01.377 INFO [main] org.apache.catalina.startup.VersionLoggerListener.log Command line argument:             -Djava.util.logging.manager=org.apache.juli.ClassLoaderLogManager
07-Nov-2024 19:15:01.377 INFO [main] org.apache.catalina.startup.VersionLoggerListener.log Command line argument:             -javaagent:C:\Program Files\JetBrains\IntelliJ IDEA 2024.2.1\lib\idea_rt.jar=59785:C:\Program Files\JetBrains\IntelliJ IDEA 2024.2.1\bin
07-Nov-2024 19:15:01.377 INFO [main] org.apache.catalina.startup.VersionLoggerListener.log Command line argument:             -Dfile.encoding=UTF-8
07-Nov-2024 19:15:01.385 INFO [main] org.apache.catalina.core.AprLifecycleListener.lifecycleEvent Cargada la biblioteca nativa APR de Apache Tomcat [1.3.1] con la versión APR [1.7.4].
07-Nov-2024 19:15:01.387 INFO [main] org.apache.catalina.core.AprLifecycleListener.lifecycleEvent Capacidades APR: IPv6 [true], enviar fichero [true], aceptar filtros [false], aleatorio [true], UDS [true].
07-Nov-2024 19:15:01.387 INFO [main] org.apache.catalina.core.AprLifecycleListener.lifecycleEvent APR/OpenSSL configuration: useAprConnector [false], useOpenSSL [true]
07-Nov-2024 19:15:01.420 INFO [main] org.apache.catalina.core.AprLifecycleListener.initializeSSL OpenSSL inicializado correctamente [OpenSSL 3.0.14 4 Jun 2024]
07-Nov-2024 19:15:01.933 INFO [main] org.apache.coyote.AbstractProtocol.init Inicializando el manejador de protocolo ["http-nio-8080"]

07-Nov-2024 19:15:01.964 INFO [main] org.apache.catalina.startup.Catalina.load Server initialization in [1085] milliseconds
07-Nov-2024 19:15:02.051 INFO [main] org.apache.catalina.core.StandardService.startInternal Arrancando servicio [Catalina]
07-Nov-2024 19:15:02.051 INFO [main] org.apache.catalina.core.StandardEngine.startInternal Starting Servlet engine: [Apache Tomcat/9.0.93]
07-Nov-2024 19:15:02.067 INFO [main] org.apache.catalina.startup.HostConfig.deployDescriptor Desplieque del descriptor de configuración [C:\AS232S3_T03-be\T03_BodegaLaEsquinita_P\conf\Catalina\localhost\T03_BodegaLaEsquinita_P.xml]
07-Nov-2024 19:15:05.802 INFO [main] org.apache.jasper.servlet.TldScanner.scanJars Al menos un JAR, que se ha explorado buscando TLDs, aún no contenía TLDs. Activar historial de depuración para este historiador para una completa lista de los JARs que fueron explorados y de los que nos se halló TLDs. Saltarse JARs no necesarios durante la exploración puede dar lugar a una mejora de tiempo significativa en el arranque y compilación de JSP .
07-Nov-2024 19:15:06.110 INFO [main] org.apache.catalina.startup.HostConfig.deployDescriptor Deployment of deployment descriptor [C:\AS232S3_T03-be\T03_BodegaLaEsquinita_P\conf\Catalina\localhost\T03_BodegaLaEsquinita_P.xml] has finished in [4.042] ms
07-Nov-2024 19:15:06.116 INFO [main] org.apache.coyote.AbstractProtocol.start Starting ProtocolHandler ["http-nio-8080"]
07-Nov-2024 19:15:06.181 INFO [main] org.apache.catalina.startup.Catalina.start Server startup in [4215] milliseconds
07-Nov-2024 19:15:22.778 INFO [Thread-1] org.apache.coyote.AbstractProtocol.pause Pausing ProtocolHandler ["http-nio-8080"]
07-Nov-2024 19:15:23.031 INFO [Thread-1] org.apache.catalina.core.StandardService.stopInternal Parando servicio [Catalina]
07-Nov-2024 19:15:23.054 INFO [Thread-1] org.apache.coyote.AbstractProtocol.stop Stopping ProtocolHandler ["http-nio-8080"]
07-Nov-2024 19:15:23.067 INFO [Thread-1] org.apache.coyote.AbstractProtocol.destroy Destroying ProtocolHandler ["http-nio-8080"]
07-Nov-2024 19:15:25.057 INFO [main] org.apache.catalina.startup.VersionLoggerListener.log Nombre de la versión del servidor: Apache Tomcat/9.0.93
07-Nov-2024 19:15:25.062 INFO [main] org.apache.catalina.startup.VersionLoggerListener.log Server built:                      Aug 2 2024 21:24:59 UTC
07-Nov-2024 19:15:25.063 INFO [main] org.apache.catalina.startup.VersionLoggerListener.log Número de versión de servidor:     9.0.93.0
07-Nov-2024 19:15:25.063 INFO [main] org.apache.catalina.startup.VersionLoggerListener.log OS Name:                           Windows 11
07-Nov-2024 19:15:25.063 INFO [main] org.apache.catalina.startup.VersionLoggerListener.log Versión de Systema Operativo:      10.0
07-Nov-2024 19:15:25.063 INFO [main] org.apache.catalina.startup.VersionLoggerListener.log Arquitectura:                      amd64
07-Nov-2024 19:15:25.064 INFO [main] org.apache.catalina.startup.VersionLoggerListener.log Java Home:                         C:\Program Files\Java\jdk-17
07-Nov-2024 19:15:25.064 INFO [main] org.apache.catalina.startup.VersionLoggerListener.log JVM Version:                       17.0.10+11-LTS-240
07-Nov-2024 19:15:25.064 INFO [main] org.apache.catalina.startup.VersionLoggerListener.log Vededor JVM:                       Oracle Corporation
07-Nov-2024 19:15:25.064 INFO [main] org.apache.catalina.startup.VersionLoggerListener.log CATALINA_BASE:                     C:\AS232S3_T03-be\T03_BodegaLaEsquinita_P
07-Nov-2024 19:15:25.064 INFO [main] org.apache.catalina.startup.VersionLoggerListener.log CATALINA_HOME:                     C:\ValleGrande\IntelliJ\apache-tomcat-9.0.93
07-Nov-2024 19:15:25.079 INFO [main] org.apache.catalina.startup.VersionLoggerListener.log Command line argument:             --add-opens=java.base/java.lang=ALL-UNNAMED
07-Nov-2024 19:15:25.079 INFO [main] org.apache.catalina.startup.VersionLoggerListener.log Command line argument:             --add-opens=java.base/java.io=ALL-UNNAMED
07-Nov-2024 19:15:25.079 INFO [main] org.apache.catalina.startup.VersionLoggerListener.log Command line argument:             --add-opens=java.base/java.util=ALL-UNNAMED
07-Nov-2024 19:15:25.079 INFO [main] org.apache.catalina.startup.VersionLoggerListener.log Command line argument:             --add-opens=java.base/java.util.concurrent=ALL-UNNAMED
07-Nov-2024 19:15:25.079 INFO [main] org.apache.catalina.startup.VersionLoggerListener.log Command line argument:             --add-opens=java.rmi/sun.rmi.transport=ALL-UNNAMED
07-Nov-2024 19:15:25.079 INFO [main] org.apache.catalina.startup.VersionLoggerListener.log Command line argument:             -Dcatalina.home=C:\ValleGrande\IntelliJ\apache-tomcat-9.0.93
07-Nov-2024 19:15:25.080 INFO [main] org.apache.catalina.startup.VersionLoggerListener.log Command line argument:             -Dcatalina.base=C:\AS232S3_T03-be\T03_BodegaLaEsquinita_P
07-Nov-2024 19:15:25.080 INFO [main] org.apache.catalina.startup.VersionLoggerListener.log Command line argument:             -Djava.io.tmpdir=C:\AS232S3_T03-be\T03_BodegaLaEsquinita_P\temp
07-Nov-2024 19:15:25.080 INFO [main] org.apache.catalina.startup.VersionLoggerListener.log Command line argument:             -Djava.util.logging.config.file=C:\AS232S3_T03-be\T03_BodegaLaEsquinita_P\conf\logging.properties
07-Nov-2024 19:15:25.080 INFO [main] org.apache.catalina.startup.VersionLoggerListener.log Command line argument:             -Djava.util.logging.manager=org.apache.juli.ClassLoaderLogManager
07-Nov-2024 19:15:25.080 INFO [main] org.apache.catalina.startup.VersionLoggerListener.log Command line argument:             -javaagent:C:\Program Files\JetBrains\IntelliJ IDEA 2024.2.1\lib\idea_rt.jar=59790:C:\Program Files\JetBrains\IntelliJ IDEA 2024.2.1\bin
07-Nov-2024 19:15:25.080 INFO [main] org.apache.catalina.startup.VersionLoggerListener.log Command line argument:             -Dfile.encoding=UTF-8
07-Nov-2024 19:15:25.086 INFO [main] org.apache.catalina.core.AprLifecycleListener.lifecycleEvent Cargada la biblioteca nativa APR de Apache Tomcat [1.3.1] con la versión APR [1.7.4].
07-Nov-2024 19:15:25.086 INFO [main] org.apache.catalina.core.AprLifecycleListener.lifecycleEvent Capacidades APR: IPv6 [true], enviar fichero [true], aceptar filtros [false], aleatorio [true], UDS [true].
07-Nov-2024 19:15:25.086 INFO [main] org.apache.catalina.core.AprLifecycleListener.lifecycleEvent APR/OpenSSL configuration: useAprConnector [false], useOpenSSL [true]
07-Nov-2024 19:15:25.097 INFO [main] org.apache.catalina.core.AprLifecycleListener.initializeSSL OpenSSL inicializado correctamente [OpenSSL 3.0.14 4 Jun 2024]
07-Nov-2024 19:15:25.590 INFO [main] org.apache.coyote.AbstractProtocol.init Inicializando el manejador de protocolo ["http-nio-8080"]

07-Nov-2024 19:15:25.630 INFO [main] org.apache.catalina.startup.Catalina.load Server initialization in [1087] milliseconds
07-Nov-2024 19:15:25.725 INFO [main] org.apache.catalina.core.StandardService.startInternal Arrancando servicio [Catalina]
07-Nov-2024 19:15:25.725 INFO [main] org.apache.catalina.core.StandardEngine.startInternal Starting Servlet engine: [Apache Tomcat/9.0.93]
07-Nov-2024 19:15:25.745 INFO [main] org.apache.catalina.startup.HostConfig.deployDescriptor Desplieque del descriptor de configuración [C:\AS232S3_T03-be\T03_BodegaLaEsquinita_P\conf\Catalina\localhost\T03_BodegaLaEsquinita_P.xml]
07-Nov-2024 19:15:29.263 INFO [main] org.apache.jasper.servlet.TldScanner.scanJars Al menos un JAR, que se ha explorado buscando TLDs, aún no contenía TLDs. Activar historial de depuración para este historiador para una completa lista de los JARs que fueron explorados y de los que nos se halló TLDs. Saltarse JARs no necesarios durante la exploración puede dar lugar a una mejora de tiempo significativa en el arranque y compilación de JSP .
07-Nov-2024 19:15:29.577 INFO [main] org.apache.catalina.startup.HostConfig.deployDescriptor Deployment of deployment descriptor [C:\AS232S3_T03-be\T03_BodegaLaEsquinita_P\conf\Catalina\localhost\T03_BodegaLaEsquinita_P.xml] has finished in [3.831] ms
07-Nov-2024 19:15:29.585 INFO [main] org.apache.coyote.AbstractProtocol.start Starting ProtocolHandler ["http-nio-8080"]
07-Nov-2024 19:15:29.662 INFO [main] org.apache.catalina.startup.Catalina.start Server startup in [4031] milliseconds
07-Nov-2024 19:19:41.510 INFO [Thread-1] org.apache.coyote.AbstractProtocol.pause Pausing ProtocolHandler ["http-nio-8080"]
07-Nov-2024 19:19:41.984 INFO [Thread-1] org.apache.catalina.core.StandardService.stopInternal Parando servicio [Catalina]
07-Nov-2024 19:19:42.419 WARNING [Thread-1] org.apache.catalina.loader.WebappClassLoaderBase.clearReferencesJdbc La aplicación web [T03_BodegaLaEsquinita_P] registró el conductor JDBC [com.microsoft.sqlserver.jdbc.SQLServerDriver] pero falló al anular el registro mientras la aplicación web estaba parada. Para prevenir un fallo de memoria, se ha anulado el registro del conductor JDBC por la fuerza.
07-Nov-2024 19:19:42.570 INFO [Thread-1] org.apache.coyote.AbstractProtocol.stop Stopping ProtocolHandler ["http-nio-8080"]
07-Nov-2024 19:19:42.601 INFO [Thread-1] org.apache.coyote.AbstractProtocol.destroy Destroying ProtocolHandler ["http-nio-8080"]
07-Nov-2024 19:19:49.045 INFO [main] org.apache.catalina.startup.VersionLoggerListener.log Nombre de la versión del servidor: Apache Tomcat/9.0.93
07-Nov-2024 19:19:49.055 INFO [main] org.apache.catalina.startup.VersionLoggerListener.log Server built:                      Aug 2 2024 21:24:59 UTC
07-Nov-2024 19:19:49.055 INFO [main] org.apache.catalina.startup.VersionLoggerListener.log Número de versión de servidor:     9.0.93.0
07-Nov-2024 19:19:49.055 INFO [main] org.apache.catalina.startup.VersionLoggerListener.log OS Name:                           Windows 11
07-Nov-2024 19:19:49.056 INFO [main] org.apache.catalina.startup.VersionLoggerListener.log Versión de Systema Operativo:      10.0
07-Nov-2024 19:19:49.056 INFO [main] org.apache.catalina.startup.VersionLoggerListener.log Arquitectura:                      amd64
07-Nov-2024 19:19:49.056 INFO [main] org.apache.catalina.startup.VersionLoggerListener.log Java Home:                         C:\Program Files\Java\jdk-17
07-Nov-2024 19:19:49.056 INFO [main] org.apache.catalina.startup.VersionLoggerListener.log JVM Version:                       17.0.10+11-LTS-240
07-Nov-2024 19:19:49.056 INFO [main] org.apache.catalina.startup.VersionLoggerListener.log Vededor JVM:                       Oracle Corporation
07-Nov-2024 19:19:49.057 INFO [main] org.apache.catalina.startup.VersionLoggerListener.log CATALINA_BASE:                     C:\AS232S3_T03-be\T03_BodegaLaEsquinita_P
07-Nov-2024 19:19:49.057 INFO [main] org.apache.catalina.startup.VersionLoggerListener.log CATALINA_HOME:                     C:\ValleGrande\IntelliJ\apache-tomcat-9.0.93
07-Nov-2024 19:19:49.074 INFO [main] org.apache.catalina.startup.VersionLoggerListener.log Command line argument:             --add-opens=java.base/java.lang=ALL-UNNAMED
07-Nov-2024 19:19:49.074 INFO [main] org.apache.catalina.startup.VersionLoggerListener.log Command line argument:             --add-opens=java.base/java.io=ALL-UNNAMED
07-Nov-2024 19:19:49.074 INFO [main] org.apache.catalina.startup.VersionLoggerListener.log Command line argument:             --add-opens=java.base/java.util=ALL-UNNAMED
07-Nov-2024 19:19:49.074 INFO [main] org.apache.catalina.startup.VersionLoggerListener.log Command line argument:             --add-opens=java.base/java.util.concurrent=ALL-UNNAMED
07-Nov-2024 19:19:49.075 INFO [main] org.apache.catalina.startup.VersionLoggerListener.log Command line argument:             --add-opens=java.rmi/sun.rmi.transport=ALL-UNNAMED
07-Nov-2024 19:19:49.075 INFO [main] org.apache.catalina.startup.VersionLoggerListener.log Command line argument:             -Dcatalina.home=C:\ValleGrande\IntelliJ\apache-tomcat-9.0.93
07-Nov-2024 19:19:49.075 INFO [main] org.apache.catalina.startup.VersionLoggerListener.log Command line argument:             -Dcatalina.base=C:\AS232S3_T03-be\T03_BodegaLaEsquinita_P
07-Nov-2024 19:19:49.075 INFO [main] org.apache.catalina.startup.VersionLoggerListener.log Command line argument:             -Djava.io.tmpdir=C:\AS232S3_T03-be\T03_BodegaLaEsquinita_P\temp
07-Nov-2024 19:19:49.075 INFO [main] org.apache.catalina.startup.VersionLoggerListener.log Command line argument:             -Djava.util.logging.config.file=C:\AS232S3_T03-be\T03_BodegaLaEsquinita_P\conf\logging.properties
07-Nov-2024 19:19:49.075 INFO [main] org.apache.catalina.startup.VersionLoggerListener.log Command line argument:             -Djava.util.logging.manager=org.apache.juli.ClassLoaderLogManager
07-Nov-2024 19:19:49.075 INFO [main] org.apache.catalina.startup.VersionLoggerListener.log Command line argument:             -javaagent:C:\Program Files\JetBrains\IntelliJ IDEA 2024.2.1\lib\idea_rt.jar=59900:C:\Program Files\JetBrains\IntelliJ IDEA 2024.2.1\bin
07-Nov-2024 19:19:49.075 INFO [main] org.apache.catalina.startup.VersionLoggerListener.log Command line argument:             -Dfile.encoding=UTF-8
07-Nov-2024 19:19:49.085 INFO [main] org.apache.catalina.core.AprLifecycleListener.lifecycleEvent Cargada la biblioteca nativa APR de Apache Tomcat [1.3.1] con la versión APR [1.7.4].
07-Nov-2024 19:19:49.085 INFO [main] org.apache.catalina.core.AprLifecycleListener.lifecycleEvent Capacidades APR: IPv6 [true], enviar fichero [true], aceptar filtros [false], aleatorio [true], UDS [true].
07-Nov-2024 19:19:49.085 INFO [main] org.apache.catalina.core.AprLifecycleListener.lifecycleEvent APR/OpenSSL configuration: useAprConnector [false], useOpenSSL [true]
07-Nov-2024 19:19:49.120 INFO [main] org.apache.catalina.core.AprLifecycleListener.initializeSSL OpenSSL inicializado correctamente [OpenSSL 3.0.14 4 Jun 2024]
07-Nov-2024 19:19:49.739 INFO [main] org.apache.coyote.AbstractProtocol.init Inicializando el manejador de protocolo ["http-nio-8080"]

07-Nov-2024 19:19:49.781 INFO [main] org.apache.catalina.startup.Catalina.load Server initialization in [1278] milliseconds
07-Nov-2024 19:19:49.904 INFO [main] org.apache.catalina.core.StandardService.startInternal Arrancando servicio [Catalina]
07-Nov-2024 19:19:49.905 INFO [main] org.apache.catalina.core.StandardEngine.startInternal Starting Servlet engine: [Apache Tomcat/9.0.93]
07-Nov-2024 19:19:49.930 INFO [main] org.apache.catalina.startup.HostConfig.deployDescriptor Desplieque del descriptor de configuración [C:\AS232S3_T03-be\T03_BodegaLaEsquinita_P\conf\Catalina\localhost\T03_BodegaLaEsquinita_P.xml]
07-Nov-2024 19:19:54.723 INFO [main] org.apache.jasper.servlet.TldScanner.scanJars Al menos un JAR, que se ha explorado buscando TLDs, aún no contenía TLDs. Activar historial de depuración para este historiador para una completa lista de los JARs que fueron explorados y de los que nos se halló TLDs. Saltarse JARs no necesarios durante la exploración puede dar lugar a una mejora de tiempo significativa en el arranque y compilación de JSP .
07-Nov-2024 19:19:55.118 INFO [main] org.apache.catalina.startup.HostConfig.deployDescriptor Deployment of deployment descriptor [C:\AS232S3_T03-be\T03_BodegaLaEsquinita_P\conf\Catalina\localhost\T03_BodegaLaEsquinita_P.xml] has finished in [5.185] ms
07-Nov-2024 19:19:55.128 INFO [main] org.apache.coyote.AbstractProtocol.start Starting ProtocolHandler ["http-nio-8080"]
07-Nov-2024 19:19:55.210 INFO [main] org.apache.catalina.startup.Catalina.start Server startup in [5428] milliseconds
07-Nov-2024 19:22:42.134 INFO [Thread-1] org.apache.coyote.AbstractProtocol.pause Pausing ProtocolHandler ["http-nio-8080"]
07-Nov-2024 19:22:43.159 INFO [Thread-1] org.apache.catalina.core.StandardService.stopInternal Parando servicio [Catalina]
07-Nov-2024 19:22:43.924 WARNING [Thread-1] org.apache.catalina.loader.WebappClassLoaderBase.clearReferencesJdbc La aplicación web [T03_BodegaLaEsquinita_P] registró el conductor JDBC [com.microsoft.sqlserver.jdbc.SQLServerDriver] pero falló al anular el registro mientras la aplicación web estaba parada. Para prevenir un fallo de memoria, se ha anulado el registro del conductor JDBC por la fuerza.
07-Nov-2024 19:22:44.069 INFO [Thread-1] org.apache.coyote.AbstractProtocol.stop Stopping ProtocolHandler ["http-nio-8080"]
07-Nov-2024 19:22:44.112 INFO [Thread-1] org.apache.coyote.AbstractProtocol.destroy Destroying ProtocolHandler ["http-nio-8080"]
07-Nov-2024 19:22:49.254 INFO [main] org.apache.catalina.startup.VersionLoggerListener.log Nombre de la versión del servidor: Apache Tomcat/9.0.93
07-Nov-2024 19:22:49.260 INFO [main] org.apache.catalina.startup.VersionLoggerListener.log Server built:                      Aug 2 2024 21:24:59 UTC
07-Nov-2024 19:22:49.260 INFO [main] org.apache.catalina.startup.VersionLoggerListener.log Número de versión de servidor:     9.0.93.0
07-Nov-2024 19:22:49.260 INFO [main] org.apache.catalina.startup.VersionLoggerListener.log OS Name:                           Windows 11
07-Nov-2024 19:22:49.260 INFO [main] org.apache.catalina.startup.VersionLoggerListener.log Versión de Systema Operativo:      10.0
07-Nov-2024 19:22:49.261 INFO [main] org.apache.catalina.startup.VersionLoggerListener.log Arquitectura:                      amd64
07-Nov-2024 19:22:49.261 INFO [main] org.apache.catalina.startup.VersionLoggerListener.log Java Home:                         C:\Program Files\Java\jdk-17
07-Nov-2024 19:22:49.261 INFO [main] org.apache.catalina.startup.VersionLoggerListener.log JVM Version:                       17.0.10+11-LTS-240
07-Nov-2024 19:22:49.261 INFO [main] org.apache.catalina.startup.VersionLoggerListener.log Vededor JVM:                       Oracle Corporation
07-Nov-2024 19:22:49.261 INFO [main] org.apache.catalina.startup.VersionLoggerListener.log CATALINA_BASE:                     C:\AS232S3_T03-be\T03_BodegaLaEsquinita_P
07-Nov-2024 19:22:49.261 INFO [main] org.apache.catalina.startup.VersionLoggerListener.log CATALINA_HOME:                     C:\ValleGrande\IntelliJ\apache-tomcat-9.0.93
07-Nov-2024 19:22:49.278 INFO [main] org.apache.catalina.startup.VersionLoggerListener.log Command line argument:             --add-opens=java.base/java.lang=ALL-UNNAMED
07-Nov-2024 19:22:49.278 INFO [main] org.apache.catalina.startup.VersionLoggerListener.log Command line argument:             --add-opens=java.base/java.io=ALL-UNNAMED
07-Nov-2024 19:22:49.279 INFO [main] org.apache.catalina.startup.VersionLoggerListener.log Command line argument:             --add-opens=java.base/java.util=ALL-UNNAMED
07-Nov-2024 19:22:49.279 INFO [main] org.apache.catalina.startup.VersionLoggerListener.log Command line argument:             --add-opens=java.base/java.util.concurrent=ALL-UNNAMED
07-Nov-2024 19:22:49.279 INFO [main] org.apache.catalina.startup.VersionLoggerListener.log Command line argument:             --add-opens=java.rmi/sun.rmi.transport=ALL-UNNAMED
07-Nov-2024 19:22:49.279 INFO [main] org.apache.catalina.startup.VersionLoggerListener.log Command line argument:             -Dcatalina.home=C:\ValleGrande\IntelliJ\apache-tomcat-9.0.93
07-Nov-2024 19:22:49.279 INFO [main] org.apache.catalina.startup.VersionLoggerListener.log Command line argument:             -Dcatalina.base=C:\AS232S3_T03-be\T03_BodegaLaEsquinita_P
07-Nov-2024 19:22:49.279 INFO [main] org.apache.catalina.startup.VersionLoggerListener.log Command line argument:             -Djava.io.tmpdir=C:\AS232S3_T03-be\T03_BodegaLaEsquinita_P\temp
07-Nov-2024 19:22:49.280 INFO [main] org.apache.catalina.startup.VersionLoggerListener.log Command line argument:             -Djava.util.logging.config.file=C:\AS232S3_T03-be\T03_BodegaLaEsquinita_P\conf\logging.properties
07-Nov-2024 19:22:49.280 INFO [main] org.apache.catalina.startup.VersionLoggerListener.log Command line argument:             -Djava.util.logging.manager=org.apache.juli.ClassLoaderLogManager
07-Nov-2024 19:22:49.280 INFO [main] org.apache.catalina.startup.VersionLoggerListener.log Command line argument:             -javaagent:C:\Program Files\JetBrains\IntelliJ IDEA 2024.2.1\lib\idea_rt.jar=59950:C:\Program Files\JetBrains\IntelliJ IDEA 2024.2.1\bin
07-Nov-2024 19:22:49.280 INFO [main] org.apache.catalina.startup.VersionLoggerListener.log Command line argument:             -Dfile.encoding=UTF-8
07-Nov-2024 19:22:49.287 INFO [main] org.apache.catalina.core.AprLifecycleListener.lifecycleEvent Cargada la biblioteca nativa APR de Apache Tomcat [1.3.1] con la versión APR [1.7.4].
07-Nov-2024 19:22:49.287 INFO [main] org.apache.catalina.core.AprLifecycleListener.lifecycleEvent Capacidades APR: IPv6 [true], enviar fichero [true], aceptar filtros [false], aleatorio [true], UDS [true].
07-Nov-2024 19:22:49.287 INFO [main] org.apache.catalina.core.AprLifecycleListener.lifecycleEvent APR/OpenSSL configuration: useAprConnector [false], useOpenSSL [true]
07-Nov-2024 19:22:49.319 INFO [main] org.apache.catalina.core.AprLifecycleListener.initializeSSL OpenSSL inicializado correctamente [OpenSSL 3.0.14 4 Jun 2024]
07-Nov-2024 19:22:49.886 INFO [main] org.apache.coyote.AbstractProtocol.init Inicializando el manejador de protocolo ["http-nio-8080"]

07-Nov-2024 19:22:49.925 INFO [main] org.apache.catalina.startup.Catalina.load Server initialization in [1134] milliseconds
07-Nov-2024 19:22:50.021 INFO [main] org.apache.catalina.core.StandardService.startInternal Arrancando servicio [Catalina]
07-Nov-2024 19:22:50.022 INFO [main] org.apache.catalina.core.StandardEngine.startInternal Starting Servlet engine: [Apache Tomcat/9.0.93]
07-Nov-2024 19:22:50.049 INFO [main] org.apache.catalina.startup.HostConfig.deployDescriptor Desplieque del descriptor de configuración [C:\AS232S3_T03-be\T03_BodegaLaEsquinita_P\conf\Catalina\localhost\T03_BodegaLaEsquinita_P.xml]
07-Nov-2024 19:22:54.615 INFO [main] org.apache.jasper.servlet.TldScanner.scanJars Al menos un JAR, que se ha explorado buscando TLDs, aún no contenía TLDs. Activar historial de depuración para este historiador para una completa lista de los JARs que fueron explorados y de los que nos se halló TLDs. Saltarse JARs no necesarios durante la exploración puede dar lugar a una mejora de tiempo significativa en el arranque y compilación de JSP .
07-Nov-2024 19:22:55.015 INFO [main] org.apache.catalina.startup.HostConfig.deployDescriptor Deployment of deployment descriptor [C:\AS232S3_T03-be\T03_BodegaLaEsquinita_P\conf\Catalina\localhost\T03_BodegaLaEsquinita_P.xml] has finished in [4.965] ms
07-Nov-2024 19:22:55.023 INFO [main] org.apache.coyote.AbstractProtocol.start Starting ProtocolHandler ["http-nio-8080"]
07-Nov-2024 19:22:55.090 INFO [main] org.apache.catalina.startup.Catalina.start Server startup in [5165] milliseconds
07-Nov-2024 19:25:09.399 INFO [Thread-1] org.apache.coyote.AbstractProtocol.pause Pausing ProtocolHandler ["http-nio-8080"]
07-Nov-2024 19:25:09.683 INFO [Thread-1] org.apache.catalina.core.StandardService.stopInternal Parando servicio [Catalina]
07-Nov-2024 19:25:09.775 WARNING [Thread-1] org.apache.catalina.loader.WebappClassLoaderBase.clearReferencesJdbc La aplicación web [T03_BodegaLaEsquinita_P] registró el conductor JDBC [com.microsoft.sqlserver.jdbc.SQLServerDriver] pero falló al anular el registro mientras la aplicación web estaba parada. Para prevenir un fallo de memoria, se ha anulado el registro del conductor JDBC por la fuerza.
07-Nov-2024 19:25:09.817 INFO [Thread-1] org.apache.coyote.AbstractProtocol.stop Stopping ProtocolHandler ["http-nio-8080"]
07-Nov-2024 19:25:09.833 INFO [Thread-1] org.apache.coyote.AbstractProtocol.destroy Destroying ProtocolHandler ["http-nio-8080"]
07-Nov-2024 19:25:15.489 INFO [main] org.apache.catalina.startup.VersionLoggerListener.log Nombre de la versión del servidor: Apache Tomcat/9.0.93
07-Nov-2024 19:25:15.501 INFO [main] org.apache.catalina.startup.VersionLoggerListener.log Server built:                      Aug 2 2024 21:24:59 UTC
07-Nov-2024 19:25:15.503 INFO [main] org.apache.catalina.startup.VersionLoggerListener.log Número de versión de servidor:     9.0.93.0
07-Nov-2024 19:25:15.504 INFO [main] org.apache.catalina.startup.VersionLoggerListener.log OS Name:                           Windows 11
07-Nov-2024 19:25:15.505 INFO [main] org.apache.catalina.startup.VersionLoggerListener.log Versión de Systema Operativo:      10.0
07-Nov-2024 19:25:15.505 INFO [main] org.apache.catalina.startup.VersionLoggerListener.log Arquitectura:                      amd64
07-Nov-2024 19:25:15.506 INFO [main] org.apache.catalina.startup.VersionLoggerListener.log Java Home:                         C:\Program Files\Java\jdk-17
07-Nov-2024 19:25:15.506 INFO [main] org.apache.catalina.startup.VersionLoggerListener.log JVM Version:                       17.0.10+11-LTS-240
07-Nov-2024 19:25:15.507 INFO [main] org.apache.catalina.startup.VersionLoggerListener.log Vededor JVM:                       Oracle Corporation
07-Nov-2024 19:25:15.507 INFO [main] org.apache.catalina.startup.VersionLoggerListener.log CATALINA_BASE:                     C:\AS232S3_T03-be\T03_BodegaLaEsquinita_P
07-Nov-2024 19:25:15.507 INFO [main] org.apache.catalina.startup.VersionLoggerListener.log CATALINA_HOME:                     C:\ValleGrande\IntelliJ\apache-tomcat-9.0.93
07-Nov-2024 19:25:15.541 INFO [main] org.apache.catalina.startup.VersionLoggerListener.log Command line argument:             --add-opens=java.base/java.lang=ALL-UNNAMED
07-Nov-2024 19:25:15.541 INFO [main] org.apache.catalina.startup.VersionLoggerListener.log Command line argument:             --add-opens=java.base/java.io=ALL-UNNAMED
07-Nov-2024 19:25:15.541 INFO [main] org.apache.catalina.startup.VersionLoggerListener.log Command line argument:             --add-opens=java.base/java.util=ALL-UNNAMED
07-Nov-2024 19:25:15.541 INFO [main] org.apache.catalina.startup.VersionLoggerListener.log Command line argument:             --add-opens=java.base/java.util.concurrent=ALL-UNNAMED
07-Nov-2024 19:25:15.541 INFO [main] org.apache.catalina.startup.VersionLoggerListener.log Command line argument:             --add-opens=java.rmi/sun.rmi.transport=ALL-UNNAMED
07-Nov-2024 19:25:15.542 INFO [main] org.apache.catalina.startup.VersionLoggerListener.log Command line argument:             -Dcatalina.home=C:\ValleGrande\IntelliJ\apache-tomcat-9.0.93
07-Nov-2024 19:25:15.542 INFO [main] org.apache.catalina.startup.VersionLoggerListener.log Command line argument:             -Dcatalina.base=C:\AS232S3_T03-be\T03_BodegaLaEsquinita_P
07-Nov-2024 19:25:15.542 INFO [main] org.apache.catalina.startup.VersionLoggerListener.log Command line argument:             -Djava.io.tmpdir=C:\AS232S3_T03-be\T03_BodegaLaEsquinita_P\temp
07-Nov-2024 19:25:15.542 INFO [main] org.apache.catalina.startup.VersionLoggerListener.log Command line argument:             -Djava.util.logging.config.file=C:\AS232S3_T03-be\T03_BodegaLaEsquinita_P\conf\logging.properties
07-Nov-2024 19:25:15.542 INFO [main] org.apache.catalina.startup.VersionLoggerListener.log Command line argument:             -Djava.util.logging.manager=org.apache.juli.ClassLoaderLogManager
07-Nov-2024 19:25:15.542 INFO [main] org.apache.catalina.startup.VersionLoggerListener.log Command line argument:             -javaagent:C:\Program Files\JetBrains\IntelliJ IDEA 2024.2.1\lib\idea_rt.jar=52170:C:\Program Files\JetBrains\IntelliJ IDEA 2024.2.1\bin
07-Nov-2024 19:25:15.542 INFO [main] org.apache.catalina.startup.VersionLoggerListener.log Command line argument:             -Dfile.encoding=UTF-8
07-Nov-2024 19:25:15.553 INFO [main] org.apache.catalina.core.AprLifecycleListener.lifecycleEvent Cargada la biblioteca nativa APR de Apache Tomcat [1.3.1] con la versión APR [1.7.4].
07-Nov-2024 19:25:15.553 INFO [main] org.apache.catalina.core.AprLifecycleListener.lifecycleEvent Capacidades APR: IPv6 [true], enviar fichero [true], aceptar filtros [false], aleatorio [true], UDS [true].
07-Nov-2024 19:25:15.554 INFO [main] org.apache.catalina.core.AprLifecycleListener.lifecycleEvent APR/OpenSSL configuration: useAprConnector [false], useOpenSSL [true]
07-Nov-2024 19:25:15.593 INFO [main] org.apache.catalina.core.AprLifecycleListener.initializeSSL OpenSSL inicializado correctamente [OpenSSL 3.0.14 4 Jun 2024]
07-Nov-2024 19:25:16.398 INFO [main] org.apache.coyote.AbstractProtocol.init Inicializando el manejador de protocolo ["http-nio-8080"]

07-Nov-2024 19:25:16.460 INFO [main] org.apache.catalina.startup.Catalina.load Server initialization in [1605] milliseconds
07-Nov-2024 19:25:16.648 INFO [main] org.apache.catalina.core.StandardService.startInternal Arrancando servicio [Catalina]
07-Nov-2024 19:25:16.648 INFO [main] org.apache.catalina.core.StandardEngine.startInternal Starting Servlet engine: [Apache Tomcat/9.0.93]
07-Nov-2024 19:25:16.669 INFO [main] org.apache.catalina.startup.HostConfig.deployDescriptor Desplieque del descriptor de configuración [C:\AS232S3_T03-be\T03_BodegaLaEsquinita_P\conf\Catalina\localhost\T03_BodegaLaEsquinita_P.xml]
07-Nov-2024 19:25:21.860 INFO [main] org.apache.jasper.servlet.TldScanner.scanJars Al menos un JAR, que se ha explorado buscando TLDs, aún no contenía TLDs. Activar historial de depuración para este historiador para una completa lista de los JARs que fueron explorados y de los que nos se halló TLDs. Saltarse JARs no necesarios durante la exploración puede dar lugar a una mejora de tiempo significativa en el arranque y compilación de JSP .
07-Nov-2024 19:25:22.404 WARNING [main] org.apache.catalina.util.SessionIdGeneratorBase.createSecureRandom Creation of SecureRandom instance for session ID generation using [SHA1PRNG] took [112] milliseconds.
07-Nov-2024 19:25:22.506 INFO [main] org.apache.catalina.startup.HostConfig.deployDescriptor Deployment of deployment descriptor [C:\AS232S3_T03-be\T03_BodegaLaEsquinita_P\conf\Catalina\localhost\T03_BodegaLaEsquinita_P.xml] has finished in [5.837] ms
07-Nov-2024 19:25:22.520 INFO [main] org.apache.coyote.AbstractProtocol.start Starting ProtocolHandler ["http-nio-8080"]
07-Nov-2024 19:25:22.684 INFO [main] org.apache.catalina.startup.Catalina.start Server startup in [6224] milliseconds
07-Nov-2024 19:27:09.682 INFO [Thread-1] org.apache.coyote.AbstractProtocol.pause Pausing ProtocolHandler ["http-nio-8080"]
07-Nov-2024 19:27:09.970 INFO [Thread-1] org.apache.catalina.core.StandardService.stopInternal Parando servicio [Catalina]
07-Nov-2024 19:27:10.140 WARNING [Thread-1] org.apache.catalina.loader.WebappClassLoaderBase.clearReferencesJdbc La aplicación web [T03_BodegaLaEsquinita_P] registró el conductor JDBC [com.microsoft.sqlserver.jdbc.SQLServerDriver] pero falló al anular el registro mientras la aplicación web estaba parada. Para prevenir un fallo de memoria, se ha anulado el registro del conductor JDBC por la fuerza.
07-Nov-2024 19:27:10.198 INFO [Thread-1] org.apache.coyote.AbstractProtocol.stop Stopping ProtocolHandler ["http-nio-8080"]
07-Nov-2024 19:27:10.223 INFO [Thread-1] org.apache.coyote.AbstractProtocol.destroy Destroying ProtocolHandler ["http-nio-8080"]
07-Nov-2024 19:27:15.260 INFO [main] org.apache.catalina.startup.VersionLoggerListener.log Nombre de la versión del servidor: Apache Tomcat/9.0.93
07-Nov-2024 19:27:15.266 INFO [main] org.apache.catalina.startup.VersionLoggerListener.log Server built:                      Aug 2 2024 21:24:59 UTC
07-Nov-2024 19:27:15.266 INFO [main] org.apache.catalina.startup.VersionLoggerListener.log Número de versión de servidor:     9.0.93.0
07-Nov-2024 19:27:15.267 INFO [main] org.apache.catalina.startup.VersionLoggerListener.log OS Name:                           Windows 11
07-Nov-2024 19:27:15.267 INFO [main] org.apache.catalina.startup.VersionLoggerListener.log Versión de Systema Operativo:      10.0
07-Nov-2024 19:27:15.267 INFO [main] org.apache.catalina.startup.VersionLoggerListener.log Arquitectura:                      amd64
07-Nov-2024 19:27:15.267 INFO [main] org.apache.catalina.startup.VersionLoggerListener.log Java Home:                         C:\Program Files\Java\jdk-17
07-Nov-2024 19:27:15.267 INFO [main] org.apache.catalina.startup.VersionLoggerListener.log JVM Version:                       17.0.10+11-LTS-240
07-Nov-2024 19:27:15.267 INFO [main] org.apache.catalina.startup.VersionLoggerListener.log Vededor JVM:                       Oracle Corporation
07-Nov-2024 19:27:15.269 INFO [main] org.apache.catalina.startup.VersionLoggerListener.log CATALINA_BASE:                     C:\AS232S3_T03-be\T03_BodegaLaEsquinita_P
07-Nov-2024 19:27:15.269 INFO [main] org.apache.catalina.startup.VersionLoggerListener.log CATALINA_HOME:                     C:\ValleGrande\IntelliJ\apache-tomcat-9.0.93
07-Nov-2024 19:27:15.285 INFO [main] org.apache.catalina.startup.VersionLoggerListener.log Command line argument:             --add-opens=java.base/java.lang=ALL-UNNAMED
07-Nov-2024 19:27:15.285 INFO [main] org.apache.catalina.startup.VersionLoggerListener.log Command line argument:             --add-opens=java.base/java.io=ALL-UNNAMED
07-Nov-2024 19:27:15.285 INFO [main] org.apache.catalina.startup.VersionLoggerListener.log Command line argument:             --add-opens=java.base/java.util=ALL-UNNAMED
07-Nov-2024 19:27:15.285 INFO [main] org.apache.catalina.startup.VersionLoggerListener.log Command line argument:             --add-opens=java.base/java.util.concurrent=ALL-UNNAMED
07-Nov-2024 19:27:15.286 INFO [main] org.apache.catalina.startup.VersionLoggerListener.log Command line argument:             --add-opens=java.rmi/sun.rmi.transport=ALL-UNNAMED
07-Nov-2024 19:27:15.286 INFO [main] org.apache.catalina.startup.VersionLoggerListener.log Command line argument:             -Dcatalina.home=C:\ValleGrande\IntelliJ\apache-tomcat-9.0.93
07-Nov-2024 19:27:15.286 INFO [main] org.apache.catalina.startup.VersionLoggerListener.log Command line argument:             -Dcatalina.base=C:\AS232S3_T03-be\T03_BodegaLaEsquinita_P
07-Nov-2024 19:27:15.286 INFO [main] org.apache.catalina.startup.VersionLoggerListener.log Command line argument:             -Djava.io.tmpdir=C:\AS232S3_T03-be\T03_BodegaLaEsquinita_P\temp
07-Nov-2024 19:27:15.286 INFO [main] org.apache.catalina.startup.VersionLoggerListener.log Command line argument:             -Djava.util.logging.config.file=C:\AS232S3_T03-be\T03_BodegaLaEsquinita_P\conf\logging.properties
07-Nov-2024 19:27:15.286 INFO [main] org.apache.catalina.startup.VersionLoggerListener.log Command line argument:             -Djava.util.logging.manager=org.apache.juli.ClassLoaderLogManager
07-Nov-2024 19:27:15.286 INFO [main] org.apache.catalina.startup.VersionLoggerListener.log Command line argument:             -javaagent:C:\Program Files\JetBrains\IntelliJ IDEA 2024.2.1\lib\idea_rt.jar=52229:C:\Program Files\JetBrains\IntelliJ IDEA 2024.2.1\bin
07-Nov-2024 19:27:15.286 INFO [main] org.apache.catalina.startup.VersionLoggerListener.log Command line argument:             -Dfile.encoding=UTF-8
07-Nov-2024 19:27:15.293 INFO [main] org.apache.catalina.core.AprLifecycleListener.lifecycleEvent Cargada la biblioteca nativa APR de Apache Tomcat [1.3.1] con la versión APR [1.7.4].
07-Nov-2024 19:27:15.293 INFO [main] org.apache.catalina.core.AprLifecycleListener.lifecycleEvent Capacidades APR: IPv6 [true], enviar fichero [true], aceptar filtros [false], aleatorio [true], UDS [true].
07-Nov-2024 19:27:15.506 INFO [main] org.apache.catalina.core.AprLifecycleListener.lifecycleEvent APR/OpenSSL configuration: useAprConnector [false], useOpenSSL [true]
07-Nov-2024 19:27:15.537 INFO [main] org.apache.catalina.core.AprLifecycleListener.initializeSSL OpenSSL inicializado correctamente [OpenSSL 3.0.14 4 Jun 2024]
07-Nov-2024 19:27:16.205 INFO [main] org.apache.coyote.AbstractProtocol.init Inicializando el manejador de protocolo ["http-nio-8080"]

07-Nov-2024 19:27:16.252 INFO [main] org.apache.catalina.startup.Catalina.load Server initialization in [1498] milliseconds
07-Nov-2024 19:27:16.376 INFO [main] org.apache.catalina.core.StandardService.startInternal Arrancando servicio [Catalina]
07-Nov-2024 19:27:16.377 INFO [main] org.apache.catalina.core.StandardEngine.startInternal Starting Servlet engine: [Apache Tomcat/9.0.93]
07-Nov-2024 19:27:16.403 INFO [main] org.apache.catalina.startup.HostConfig.deployDescriptor Desplieque del descriptor de configuración [C:\AS232S3_T03-be\T03_BodegaLaEsquinita_P\conf\Catalina\localhost\T03_BodegaLaEsquinita_P.xml]
07-Nov-2024 19:27:20.401 INFO [main] org.apache.jasper.servlet.TldScanner.scanJars Al menos un JAR, que se ha explorado buscando TLDs, aún no contenía TLDs. Activar historial de depuración para este historiador para una completa lista de los JARs que fueron explorados y de los que nos se halló TLDs. Saltarse JARs no necesarios durante la exploración puede dar lugar a una mejora de tiempo significativa en el arranque y compilación de JSP .
07-Nov-2024 19:27:20.775 INFO [main] org.apache.catalina.startup.HostConfig.deployDescriptor Deployment of deployment descriptor [C:\AS232S3_T03-be\T03_BodegaLaEsquinita_P\conf\Catalina\localhost\T03_BodegaLaEsquinita_P.xml] has finished in [4.370] ms
07-Nov-2024 19:27:20.791 INFO [main] org.apache.coyote.AbstractProtocol.start Starting ProtocolHandler ["http-nio-8080"]
07-Nov-2024 19:27:20.963 INFO [main] org.apache.catalina.startup.Catalina.start Server startup in [4711] milliseconds
07-Nov-2024 19:57:19.595 INFO [Thread-1] org.apache.coyote.AbstractProtocol.pause Pausing ProtocolHandler ["http-nio-8080"]
07-Nov-2024 19:57:19.990 INFO [Thread-1] org.apache.catalina.core.StandardService.stopInternal Parando servicio [Catalina]
07-Nov-2024 19:57:20.457 WARNING [Thread-1] org.apache.catalina.loader.WebappClassLoaderBase.clearReferencesJdbc La aplicación web [T03_BodegaLaEsquinita_P] registró el conductor JDBC [com.microsoft.sqlserver.jdbc.SQLServerDriver] pero falló al anular el registro mientras la aplicación web estaba parada. Para prevenir un fallo de memoria, se ha anulado el registro del conductor JDBC por la fuerza.
07-Nov-2024 19:57:20.624 INFO [Thread-1] org.apache.coyote.AbstractProtocol.stop Stopping ProtocolHandler ["http-nio-8080"]
07-Nov-2024 19:57:20.656 INFO [Thread-1] org.apache.coyote.AbstractProtocol.destroy Destroying ProtocolHandler ["http-nio-8080"]
07-Nov-2024 19:57:31.619 INFO [main] org.apache.catalina.startup.VersionLoggerListener.log Nombre de la versión del servidor: Apache Tomcat/9.0.93
07-Nov-2024 19:57:31.626 INFO [main] org.apache.catalina.startup.VersionLoggerListener.log Server built:                      Aug 2 2024 21:24:59 UTC
07-Nov-2024 19:57:31.627 INFO [main] org.apache.catalina.startup.VersionLoggerListener.log Número de versión de servidor:     9.0.93.0
07-Nov-2024 19:57:31.627 INFO [main] org.apache.catalina.startup.VersionLoggerListener.log OS Name:                           Windows 11
07-Nov-2024 19:57:31.628 INFO [main] org.apache.catalina.startup.VersionLoggerListener.log Versión de Systema Operativo:      10.0
07-Nov-2024 19:57:31.628 INFO [main] org.apache.catalina.startup.VersionLoggerListener.log Arquitectura:                      amd64
07-Nov-2024 19:57:31.628 INFO [main] org.apache.catalina.startup.VersionLoggerListener.log Java Home:                         C:\Program Files\Java\jdk-17
07-Nov-2024 19:57:31.629 INFO [main] org.apache.catalina.startup.VersionLoggerListener.log JVM Version:                       17.0.10+11-LTS-240
07-Nov-2024 19:57:31.629 INFO [main] org.apache.catalina.startup.VersionLoggerListener.log Vededor JVM:                       Oracle Corporation
07-Nov-2024 19:57:31.629 INFO [main] org.apache.catalina.startup.VersionLoggerListener.log CATALINA_BASE:                     C:\AS232S3_T03-be\T03_BodegaLaEsquinita_P
07-Nov-2024 19:57:31.629 INFO [main] org.apache.catalina.startup.VersionLoggerListener.log CATALINA_HOME:                     C:\ValleGrande\IntelliJ\apache-tomcat-9.0.93
07-Nov-2024 19:57:31.648 INFO [main] org.apache.catalina.startup.VersionLoggerListener.log Command line argument:             --add-opens=java.base/java.lang=ALL-UNNAMED
07-Nov-2024 19:57:31.648 INFO [main] org.apache.catalina.startup.VersionLoggerListener.log Command line argument:             --add-opens=java.base/java.io=ALL-UNNAMED
07-Nov-2024 19:57:31.648 INFO [main] org.apache.catalina.startup.VersionLoggerListener.log Command line argument:             --add-opens=java.base/java.util=ALL-UNNAMED
07-Nov-2024 19:57:31.648 INFO [main] org.apache.catalina.startup.VersionLoggerListener.log Command line argument:             --add-opens=java.base/java.util.concurrent=ALL-UNNAMED
07-Nov-2024 19:57:31.649 INFO [main] org.apache.catalina.startup.VersionLoggerListener.log Command line argument:             --add-opens=java.rmi/sun.rmi.transport=ALL-UNNAMED
07-Nov-2024 19:57:31.649 INFO [main] org.apache.catalina.startup.VersionLoggerListener.log Command line argument:             -Dcatalina.home=C:\ValleGrande\IntelliJ\apache-tomcat-9.0.93
07-Nov-2024 19:57:31.649 INFO [main] org.apache.catalina.startup.VersionLoggerListener.log Command line argument:             -Dcatalina.base=C:\AS232S3_T03-be\T03_BodegaLaEsquinita_P
07-Nov-2024 19:57:31.649 INFO [main] org.apache.catalina.startup.VersionLoggerListener.log Command line argument:             -Djava.io.tmpdir=C:\AS232S3_T03-be\T03_BodegaLaEsquinita_P\temp
07-Nov-2024 19:57:31.649 INFO [main] org.apache.catalina.startup.VersionLoggerListener.log Command line argument:             -Djava.util.logging.config.file=C:\AS232S3_T03-be\T03_BodegaLaEsquinita_P\conf\logging.properties
07-Nov-2024 19:57:31.649 INFO [main] org.apache.catalina.startup.VersionLoggerListener.log Command line argument:             -Djava.util.logging.manager=org.apache.juli.ClassLoaderLogManager
07-Nov-2024 19:57:31.649 INFO [main] org.apache.catalina.startup.VersionLoggerListener.log Command line argument:             -javaagent:C:\Program Files\JetBrains\IntelliJ IDEA 2024.2.1\lib\idea_rt.jar=51977:C:\Program Files\JetBrains\IntelliJ IDEA 2024.2.1\bin
07-Nov-2024 19:57:31.650 INFO [main] org.apache.catalina.startup.VersionLoggerListener.log Command line argument:             -Dfile.encoding=UTF-8
07-Nov-2024 19:57:31.663 INFO [main] org.apache.catalina.core.AprLifecycleListener.lifecycleEvent Cargada la biblioteca nativa APR de Apache Tomcat [1.3.1] con la versión APR [1.7.4].
07-Nov-2024 19:57:31.664 INFO [main] org.apache.catalina.core.AprLifecycleListener.lifecycleEvent Capacidades APR: IPv6 [true], enviar fichero [true], aceptar filtros [false], aleatorio [true], UDS [true].
07-Nov-2024 19:57:31.664 INFO [main] org.apache.catalina.core.AprLifecycleListener.lifecycleEvent APR/OpenSSL configuration: useAprConnector [false], useOpenSSL [true]
07-Nov-2024 19:57:31.700 INFO [main] org.apache.catalina.core.AprLifecycleListener.initializeSSL OpenSSL inicializado correctamente [OpenSSL 3.0.14 4 Jun 2024]
07-Nov-2024 19:57:32.228 INFO [main] org.apache.coyote.AbstractProtocol.init Inicializando el manejador de protocolo ["http-nio-8080"]

07-Nov-2024 19:57:32.270 INFO [main] org.apache.catalina.startup.Catalina.load Server initialization in [1133] milliseconds
07-Nov-2024 19:57:32.381 INFO [main] org.apache.catalina.core.StandardService.startInternal Arrancando servicio [Catalina]
07-Nov-2024 19:57:32.382 INFO [main] org.apache.catalina.core.StandardEngine.startInternal Starting Servlet engine: [Apache Tomcat/9.0.93]
07-Nov-2024 19:57:32.406 INFO [main] org.apache.catalina.startup.HostConfig.deployDescriptor Desplieque del descriptor de configuración [C:\AS232S3_T03-be\T03_BodegaLaEsquinita_P\conf\Catalina\localhost\T03_BodegaLaEsquinita_P.xml]
07-Nov-2024 19:57:36.453 INFO [main] org.apache.jasper.servlet.TldScanner.scanJars Al menos un JAR, que se ha explorado buscando TLDs, aún no contenía TLDs. Activar historial de depuración para este historiador para una completa lista de los JARs que fueron explorados y de los que nos se halló TLDs. Saltarse JARs no necesarios durante la exploración puede dar lugar a una mejora de tiempo significativa en el arranque y compilación de JSP .
07-Nov-2024 19:57:36.857 INFO [main] org.apache.catalina.startup.HostConfig.deployDescriptor Deployment of deployment descriptor [C:\AS232S3_T03-be\T03_BodegaLaEsquinita_P\conf\Catalina\localhost\T03_BodegaLaEsquinita_P.xml] has finished in [4.449] ms
07-Nov-2024 19:57:36.867 INFO [main] org.apache.coyote.AbstractProtocol.start Starting ProtocolHandler ["http-nio-8080"]
07-Nov-2024 19:57:36.972 INFO [main] org.apache.catalina.startup.Catalina.start Server startup in [4701] milliseconds
07-Nov-2024 20:11:50.912 INFO [Thread-1] org.apache.coyote.AbstractProtocol.pause Pausing ProtocolHandler ["http-nio-8080"]
07-Nov-2024 20:11:51.166 INFO [Thread-1] org.apache.catalina.core.StandardService.stopInternal Parando servicio [Catalina]
07-Nov-2024 20:11:51.330 WARNING [Thread-1] org.apache.catalina.loader.WebappClassLoaderBase.clearReferencesJdbc La aplicación web [T03_BodegaLaEsquinita_P] registró el conductor JDBC [com.microsoft.sqlserver.jdbc.SQLServerDriver] pero falló al anular el registro mientras la aplicación web estaba parada. Para prevenir un fallo de memoria, se ha anulado el registro del conductor JDBC por la fuerza.
07-Nov-2024 20:11:51.361 INFO [Thread-1] org.apache.coyote.AbstractProtocol.stop Stopping ProtocolHandler ["http-nio-8080"]
07-Nov-2024 20:11:51.379 INFO [Thread-1] org.apache.coyote.AbstractProtocol.destroy Destroying ProtocolHandler ["http-nio-8080"]
