29-Oct-2024 11:26:56.064 INFO [main] org.apache.catalina.startup.VersionLoggerListener.log Nombre de la versión del servidor: Apache Tomcat/9.0.93
29-Oct-2024 11:26:56.082 INFO [main] org.apache.catalina.startup.VersionLoggerListener.log Server built:                      Aug 2 2024 21:24:59 UTC
29-Oct-2024 11:26:56.083 INFO [main] org.apache.catalina.startup.VersionLoggerListener.log Número de versión de servidor:     9.0.93.0
29-Oct-2024 11:26:56.085 INFO [main] org.apache.catalina.startup.VersionLoggerListener.log OS Name:                           Windows 11
29-Oct-2024 11:26:56.085 INFO [main] org.apache.catalina.startup.VersionLoggerListener.log Versión de Systema Operativo:      10.0
29-Oct-2024 11:26:56.086 INFO [main] org.apache.catalina.startup.VersionLoggerListener.log Arquitectura:                      amd64
29-Oct-2024 11:26:56.086 INFO [main] org.apache.catalina.startup.VersionLoggerListener.log Java Home:                         C:\Program Files\Java\jdk-17
29-Oct-2024 11:26:56.086 INFO [main] org.apache.catalina.startup.VersionLoggerListener.log JVM Version:                       17.0.10+11-LTS-240
29-Oct-2024 11:26:56.087 INFO [main] org.apache.catalina.startup.VersionLoggerListener.log Vededor JVM:                       Oracle Corporation
29-Oct-2024 11:26:56.087 INFO [main] org.apache.catalina.startup.VersionLoggerListener.log CATALINA_BASE:                     C:\Proyecto-3s\T03_BodegaLaEsquinita_P
29-Oct-2024 11:26:56.087 INFO [main] org.apache.catalina.startup.VersionLoggerListener.log CATALINA_HOME:                     C:\ValleGrande\IntelliJ\apache-tomcat-9.0.93
29-Oct-2024 11:26:56.122 INFO [main] org.apache.catalina.startup.VersionLoggerListener.log Command line argument:             --add-opens=java.base/java.lang=ALL-UNNAMED
29-Oct-2024 11:26:56.123 INFO [main] org.apache.catalina.startup.VersionLoggerListener.log Command line argument:             --add-opens=java.base/java.io=ALL-UNNAMED
29-Oct-2024 11:26:56.123 INFO [main] org.apache.catalina.startup.VersionLoggerListener.log Command line argument:             --add-opens=java.base/java.util=ALL-UNNAMED
29-Oct-2024 11:26:56.123 INFO [main] org.apache.catalina.startup.VersionLoggerListener.log Command line argument:             --add-opens=java.base/java.util.concurrent=ALL-UNNAMED
29-Oct-2024 11:26:56.123 INFO [main] org.apache.catalina.startup.VersionLoggerListener.log Command line argument:             --add-opens=java.rmi/sun.rmi.transport=ALL-UNNAMED
29-Oct-2024 11:26:56.124 INFO [main] org.apache.catalina.startup.VersionLoggerListener.log Command line argument:             -Dcatalina.home=C:\..\ValleGrande\IntelliJ\apache-tomcat-9.0.93
29-Oct-2024 11:26:56.124 INFO [main] org.apache.catalina.startup.VersionLoggerListener.log Command line argument:             -Dcatalina.base=C:\Proyecto-3s\T03_BodegaLaEsquinita_P
29-Oct-2024 11:26:56.124 INFO [main] org.apache.catalina.startup.VersionLoggerListener.log Command line argument:             -Djava.io.tmpdir=C:\Proyecto-3s\T03_BodegaLaEsquinita_P\temp
29-Oct-2024 11:26:56.128 INFO [main] org.apache.catalina.startup.VersionLoggerListener.log Command line argument:             -Djava.util.logging.config.file=C:\Proyecto-3s\T03_BodegaLaEsquinita_P\conf\logging.properties
29-Oct-2024 11:26:56.128 INFO [main] org.apache.catalina.startup.VersionLoggerListener.log Command line argument:             -Djava.util.logging.manager=org.apache.juli.ClassLoaderLogManager
29-Oct-2024 11:26:56.128 INFO [main] org.apache.catalina.startup.VersionLoggerListener.log Command line argument:             -javaagent:C:\Program Files\JetBrains\IntelliJ IDEA 2024.2.1\lib\idea_rt.jar=55914:C:\Program Files\JetBrains\IntelliJ IDEA 2024.2.1\bin
29-Oct-2024 11:26:56.128 INFO [main] org.apache.catalina.startup.VersionLoggerListener.log Command line argument:             -Dfile.encoding=UTF-8
29-Oct-2024 11:26:56.143 INFO [main] org.apache.catalina.core.AprLifecycleListener.lifecycleEvent Cargada la biblioteca nativa APR de Apache Tomcat [1.3.1] con la versión APR [1.7.4].
29-Oct-2024 11:26:56.143 INFO [main] org.apache.catalina.core.AprLifecycleListener.lifecycleEvent Capacidades APR: IPv6 [true], enviar fichero [true], aceptar filtros [false], aleatorio [true], UDS [true].
29-Oct-2024 11:26:56.143 INFO [main] org.apache.catalina.core.AprLifecycleListener.lifecycleEvent APR/OpenSSL configuration: useAprConnector [false], useOpenSSL [true]
29-Oct-2024 11:26:56.200 INFO [main] org.apache.catalina.core.AprLifecycleListener.initializeSSL OpenSSL inicializado correctamente [OpenSSL 3.0.14 4 Jun 2024]
29-Oct-2024 11:26:57.056 INFO [main] org.apache.coyote.AbstractProtocol.init Inicializando el manejador de protocolo ["http-nio-8080"]

29-Oct-2024 11:26:57.143 INFO [main] org.apache.catalina.startup.Catalina.load Server initialization in [1822] milliseconds
29-Oct-2024 11:26:57.265 INFO [main] org.apache.catalina.core.StandardService.startInternal Arrancando servicio [Catalina]
29-Oct-2024 11:26:57.266 INFO [main] org.apache.catalina.core.StandardEngine.startInternal Starting Servlet engine: [Apache Tomcat/9.0.93]
29-Oct-2024 11:26:57.298 INFO [main] org.apache.catalina.startup.HostConfig.deployDescriptor Desplieque del descriptor de configuración [C:\Proyecto-3s\T03_BodegaLaEsquinita_P\conf\Catalina\localhost\T03_BodegaLaEsquinita_P.xml]
29-Oct-2024 11:26:59.605 INFO [main] org.apache.jasper.servlet.TldScanner.scanJars Al menos un JAR, que se ha explorado buscando TLDs, aún no contenía TLDs. Activar historial de depuración para este historiador para una completa lista de los JARs que fueron explorados y de los que nos se halló TLDs. Saltarse JARs no necesarios durante la exploración puede dar lugar a una mejora de tiempo significativa en el arranque y compilación de JSP .
29-Oct-2024 11:26:59.914 WARNING [main] org.apache.catalina.util.SessionIdGeneratorBase.createSecureRandom Creation of SecureRandom instance for session ID generation using [SHA1PRNG] took [119] milliseconds.
29-Oct-2024 11:27:00.024 INFO [main] org.apache.catalina.startup.HostConfig.deployDescriptor Deployment of deployment descriptor [C:\Proyecto-3s\T03_BodegaLaEsquinita_P\conf\Catalina\localhost\T03_BodegaLaEsquinita_P.xml] has finished in [2.724] ms
29-Oct-2024 11:27:00.050 INFO [main] org.apache.coyote.AbstractProtocol.start Starting ProtocolHandler ["http-nio-8080"]
29-Oct-2024 11:27:00.282 INFO [main] org.apache.catalina.startup.Catalina.start Server startup in [3138] milliseconds
29-Oct-2024 11:37:13.236 INFO [Thread-1] org.apache.coyote.AbstractProtocol.pause Pausing ProtocolHandler ["http-nio-8080"]
29-Oct-2024 11:37:14.284 INFO [Thread-1] org.apache.catalina.core.StandardService.stopInternal Parando servicio [Catalina]
29-Oct-2024 11:37:14.978 WARNING [Thread-1] org.apache.catalina.loader.WebappClassLoaderBase.clearReferencesJdbc La aplicación web [T03_BodegaLaEsquinita_P] registró el conductor JDBC [com.microsoft.sqlserver.jdbc.SQLServerDriver] pero falló al anular el registro mientras la aplicación web estaba parada. Para prevenir un fallo de memoria, se ha anulado el registro del conductor JDBC por la fuerza.
29-Oct-2024 11:37:15.166 INFO [Thread-1] org.apache.coyote.AbstractProtocol.stop Stopping ProtocolHandler ["http-nio-8080"]
29-Oct-2024 11:37:15.220 INFO [Thread-1] org.apache.coyote.AbstractProtocol.destroy Destroying ProtocolHandler ["http-nio-8080"]
29-Oct-2024 11:38:24.418 INFO [main] org.apache.catalina.startup.VersionLoggerListener.log Nombre de la versión del servidor: Apache Tomcat/9.0.93
29-Oct-2024 11:38:24.432 INFO [main] org.apache.catalina.startup.VersionLoggerListener.log Server built:                      Aug 2 2024 21:24:59 UTC
29-Oct-2024 11:38:24.432 INFO [main] org.apache.catalina.startup.VersionLoggerListener.log Número de versión de servidor:     9.0.93.0
29-Oct-2024 11:38:24.433 INFO [main] org.apache.catalina.startup.VersionLoggerListener.log OS Name:                           Windows 11
29-Oct-2024 11:38:24.434 INFO [main] org.apache.catalina.startup.VersionLoggerListener.log Versión de Systema Operativo:      10.0
29-Oct-2024 11:38:24.434 INFO [main] org.apache.catalina.startup.VersionLoggerListener.log Arquitectura:                      amd64
29-Oct-2024 11:38:24.434 INFO [main] org.apache.catalina.startup.VersionLoggerListener.log Java Home:                         C:\Program Files\Java\jdk-17
29-Oct-2024 11:38:24.434 INFO [main] org.apache.catalina.startup.VersionLoggerListener.log JVM Version:                       17.0.10+11-LTS-240
29-Oct-2024 11:38:24.435 INFO [main] org.apache.catalina.startup.VersionLoggerListener.log Vededor JVM:                       Oracle Corporation
29-Oct-2024 11:38:24.435 INFO [main] org.apache.catalina.startup.VersionLoggerListener.log CATALINA_BASE:                     C:\Proyecto-3s\T03_BodegaLaEsquinita_P
29-Oct-2024 11:38:24.435 INFO [main] org.apache.catalina.startup.VersionLoggerListener.log CATALINA_HOME:                     C:\ValleGrande\IntelliJ\apache-tomcat-9.0.93
29-Oct-2024 11:38:24.502 INFO [main] org.apache.catalina.startup.VersionLoggerListener.log Command line argument:             --add-opens=java.base/java.lang=ALL-UNNAMED
29-Oct-2024 11:38:24.504 INFO [main] org.apache.catalina.startup.VersionLoggerListener.log Command line argument:             --add-opens=java.base/java.io=ALL-UNNAMED
29-Oct-2024 11:38:24.504 INFO [main] org.apache.catalina.startup.VersionLoggerListener.log Command line argument:             --add-opens=java.base/java.util=ALL-UNNAMED
29-Oct-2024 11:38:24.505 INFO [main] org.apache.catalina.startup.VersionLoggerListener.log Command line argument:             --add-opens=java.base/java.util.concurrent=ALL-UNNAMED
29-Oct-2024 11:38:24.505 INFO [main] org.apache.catalina.startup.VersionLoggerListener.log Command line argument:             --add-opens=java.rmi/sun.rmi.transport=ALL-UNNAMED
29-Oct-2024 11:38:24.505 INFO [main] org.apache.catalina.startup.VersionLoggerListener.log Command line argument:             -Dcatalina.home=C:\..\ValleGrande\IntelliJ\apache-tomcat-9.0.93
29-Oct-2024 11:38:24.505 INFO [main] org.apache.catalina.startup.VersionLoggerListener.log Command line argument:             -Dcatalina.base=C:\Proyecto-3s\T03_BodegaLaEsquinita_P
29-Oct-2024 11:38:24.505 INFO [main] org.apache.catalina.startup.VersionLoggerListener.log Command line argument:             -Djava.io.tmpdir=C:\Proyecto-3s\T03_BodegaLaEsquinita_P\temp
29-Oct-2024 11:38:24.506 INFO [main] org.apache.catalina.startup.VersionLoggerListener.log Command line argument:             -Djava.util.logging.config.file=C:\Proyecto-3s\T03_BodegaLaEsquinita_P\conf\logging.properties
29-Oct-2024 11:38:24.506 INFO [main] org.apache.catalina.startup.VersionLoggerListener.log Command line argument:             -Djava.util.logging.manager=org.apache.juli.ClassLoaderLogManager
29-Oct-2024 11:38:24.506 INFO [main] org.apache.catalina.startup.VersionLoggerListener.log Command line argument:             -javaagent:C:\Program Files\JetBrains\IntelliJ IDEA 2024.2.1\lib\idea_rt.jar=56044:C:\Program Files\JetBrains\IntelliJ IDEA 2024.2.1\bin
29-Oct-2024 11:38:24.506 INFO [main] org.apache.catalina.startup.VersionLoggerListener.log Command line argument:             -Dfile.encoding=UTF-8
29-Oct-2024 11:38:24.539 INFO [main] org.apache.catalina.core.AprLifecycleListener.lifecycleEvent Cargada la biblioteca nativa APR de Apache Tomcat [1.3.1] con la versión APR [1.7.4].
29-Oct-2024 11:38:24.539 INFO [main] org.apache.catalina.core.AprLifecycleListener.lifecycleEvent Capacidades APR: IPv6 [true], enviar fichero [true], aceptar filtros [false], aleatorio [true], UDS [true].
29-Oct-2024 11:38:24.539 INFO [main] org.apache.catalina.core.AprLifecycleListener.lifecycleEvent APR/OpenSSL configuration: useAprConnector [false], useOpenSSL [true]
29-Oct-2024 11:38:24.637 INFO [main] org.apache.catalina.core.AprLifecycleListener.initializeSSL OpenSSL inicializado correctamente [OpenSSL 3.0.14 4 Jun 2024]
29-Oct-2024 11:38:25.977 INFO [main] org.apache.coyote.AbstractProtocol.init Inicializando el manejador de protocolo ["http-nio-8080"]

29-Oct-2024 11:38:26.073 INFO [main] org.apache.catalina.startup.Catalina.load Server initialization in [2645] milliseconds
29-Oct-2024 11:38:26.296 INFO [main] org.apache.catalina.core.StandardService.startInternal Arrancando servicio [Catalina]
29-Oct-2024 11:38:26.297 INFO [main] org.apache.catalina.core.StandardEngine.startInternal Starting Servlet engine: [Apache Tomcat/9.0.93]
29-Oct-2024 11:38:26.344 INFO [main] org.apache.catalina.startup.HostConfig.deployDescriptor Desplieque del descriptor de configuración [C:\Proyecto-3s\T03_BodegaLaEsquinita_P\conf\Catalina\localhost\T03_BodegaLaEsquinita_P.xml]
29-Oct-2024 11:38:29.460 INFO [main] org.apache.jasper.servlet.TldScanner.scanJars Al menos un JAR, que se ha explorado buscando TLDs, aún no contenía TLDs. Activar historial de depuración para este historiador para una completa lista de los JARs que fueron explorados y de los que nos se halló TLDs. Saltarse JARs no necesarios durante la exploración puede dar lugar a una mejora de tiempo significativa en el arranque y compilación de JSP .
29-Oct-2024 11:38:29.781 WARNING [main] org.apache.catalina.util.SessionIdGeneratorBase.createSecureRandom Creation of SecureRandom instance for session ID generation using [SHA1PRNG] took [114] milliseconds.
29-Oct-2024 11:38:29.906 INFO [main] org.apache.catalina.startup.HostConfig.deployDescriptor Deployment of deployment descriptor [C:\Proyecto-3s\T03_BodegaLaEsquinita_P\conf\Catalina\localhost\T03_BodegaLaEsquinita_P.xml] has finished in [3.560] ms
29-Oct-2024 11:38:29.921 INFO [main] org.apache.coyote.AbstractProtocol.start Starting ProtocolHandler ["http-nio-8080"]
29-Oct-2024 11:38:30.111 INFO [main] org.apache.catalina.startup.Catalina.start Server startup in [4037] milliseconds
29-Oct-2024 11:51:36.625 INFO [Thread-1] org.apache.coyote.AbstractProtocol.pause Pausing ProtocolHandler ["http-nio-8080"]
29-Oct-2024 11:51:37.819 INFO [Thread-1] org.apache.catalina.core.StandardService.stopInternal Parando servicio [Catalina]
29-Oct-2024 11:51:38.788 WARNING [Thread-1] org.apache.catalina.loader.WebappClassLoaderBase.clearReferencesJdbc La aplicación web [T03_BodegaLaEsquinita_P] registró el conductor JDBC [com.microsoft.sqlserver.jdbc.SQLServerDriver] pero falló al anular el registro mientras la aplicación web estaba parada. Para prevenir un fallo de memoria, se ha anulado el registro del conductor JDBC por la fuerza.
29-Oct-2024 11:51:39.546 INFO [Thread-1] org.apache.coyote.AbstractProtocol.stop Stopping ProtocolHandler ["http-nio-8080"]
29-Oct-2024 11:51:39.618 INFO [Thread-1] org.apache.coyote.AbstractProtocol.destroy Destroying ProtocolHandler ["http-nio-8080"]
29-Oct-2024 11:52:02.961 INFO [main] org.apache.catalina.startup.VersionLoggerListener.log Nombre de la versión del servidor: Apache Tomcat/9.0.93
29-Oct-2024 11:52:02.976 INFO [main] org.apache.catalina.startup.VersionLoggerListener.log Server built:                      Aug 2 2024 21:24:59 UTC
29-Oct-2024 11:52:02.976 INFO [main] org.apache.catalina.startup.VersionLoggerListener.log Número de versión de servidor:     9.0.93.0
29-Oct-2024 11:52:02.982 INFO [main] org.apache.catalina.startup.VersionLoggerListener.log OS Name:                           Windows 11
29-Oct-2024 11:52:02.982 INFO [main] org.apache.catalina.startup.VersionLoggerListener.log Versión de Systema Operativo:      10.0
29-Oct-2024 11:52:02.982 INFO [main] org.apache.catalina.startup.VersionLoggerListener.log Arquitectura:                      amd64
29-Oct-2024 11:52:02.984 INFO [main] org.apache.catalina.startup.VersionLoggerListener.log Java Home:                         C:\Program Files\Java\jdk-17
29-Oct-2024 11:52:02.984 INFO [main] org.apache.catalina.startup.VersionLoggerListener.log JVM Version:                       17.0.10+11-LTS-240
29-Oct-2024 11:52:02.984 INFO [main] org.apache.catalina.startup.VersionLoggerListener.log Vededor JVM:                       Oracle Corporation
29-Oct-2024 11:52:02.984 INFO [main] org.apache.catalina.startup.VersionLoggerListener.log CATALINA_BASE:                     C:\Proyecto-3s\T03_BodegaLaEsquinita_P
29-Oct-2024 11:52:02.984 INFO [main] org.apache.catalina.startup.VersionLoggerListener.log CATALINA_HOME:                     C:\ValleGrande\IntelliJ\apache-tomcat-9.0.93
29-Oct-2024 11:52:03.031 INFO [main] org.apache.catalina.startup.VersionLoggerListener.log Command line argument:             --add-opens=java.base/java.lang=ALL-UNNAMED
29-Oct-2024 11:52:03.031 INFO [main] org.apache.catalina.startup.VersionLoggerListener.log Command line argument:             --add-opens=java.base/java.io=ALL-UNNAMED
29-Oct-2024 11:52:03.031 INFO [main] org.apache.catalina.startup.VersionLoggerListener.log Command line argument:             --add-opens=java.base/java.util=ALL-UNNAMED
29-Oct-2024 11:52:03.031 INFO [main] org.apache.catalina.startup.VersionLoggerListener.log Command line argument:             --add-opens=java.base/java.util.concurrent=ALL-UNNAMED
29-Oct-2024 11:52:03.031 INFO [main] org.apache.catalina.startup.VersionLoggerListener.log Command line argument:             --add-opens=java.rmi/sun.rmi.transport=ALL-UNNAMED
29-Oct-2024 11:52:03.031 INFO [main] org.apache.catalina.startup.VersionLoggerListener.log Command line argument:             -Dcatalina.home=C:\..\ValleGrande\IntelliJ\apache-tomcat-9.0.93
29-Oct-2024 11:52:03.031 INFO [main] org.apache.catalina.startup.VersionLoggerListener.log Command line argument:             -Dcatalina.base=C:\Proyecto-3s\T03_BodegaLaEsquinita_P
29-Oct-2024 11:52:03.031 INFO [main] org.apache.catalina.startup.VersionLoggerListener.log Command line argument:             -Djava.io.tmpdir=C:\Proyecto-3s\T03_BodegaLaEsquinita_P\temp
29-Oct-2024 11:52:03.031 INFO [main] org.apache.catalina.startup.VersionLoggerListener.log Command line argument:             -Djava.util.logging.config.file=C:\Proyecto-3s\T03_BodegaLaEsquinita_P\conf\logging.properties
29-Oct-2024 11:52:03.031 INFO [main] org.apache.catalina.startup.VersionLoggerListener.log Command line argument:             -Djava.util.logging.manager=org.apache.juli.ClassLoaderLogManager
29-Oct-2024 11:52:03.031 INFO [main] org.apache.catalina.startup.VersionLoggerListener.log Command line argument:             -javaagent:C:\Program Files\JetBrains\IntelliJ IDEA 2024.2.1\lib\idea_rt.jar=56235:C:\Program Files\JetBrains\IntelliJ IDEA 2024.2.1\bin
29-Oct-2024 11:52:03.031 INFO [main] org.apache.catalina.startup.VersionLoggerListener.log Command line argument:             -Dfile.encoding=UTF-8
29-Oct-2024 11:52:03.482 INFO [main] org.apache.catalina.core.AprLifecycleListener.lifecycleEvent Cargada la biblioteca nativa APR de Apache Tomcat [1.3.1] con la versión APR [1.7.4].
29-Oct-2024 11:52:03.483 INFO [main] org.apache.catalina.core.AprLifecycleListener.lifecycleEvent Capacidades APR: IPv6 [true], enviar fichero [true], aceptar filtros [false], aleatorio [true], UDS [true].
29-Oct-2024 11:52:03.483 INFO [main] org.apache.catalina.core.AprLifecycleListener.lifecycleEvent APR/OpenSSL configuration: useAprConnector [false], useOpenSSL [true]
29-Oct-2024 11:52:03.560 INFO [main] org.apache.catalina.core.AprLifecycleListener.initializeSSL OpenSSL inicializado correctamente [OpenSSL 3.0.14 4 Jun 2024]
29-Oct-2024 11:52:04.478 INFO [main] org.apache.coyote.AbstractProtocol.init Inicializando el manejador de protocolo ["http-nio-8080"]

29-Oct-2024 11:52:04.556 INFO [main] org.apache.catalina.startup.Catalina.load Server initialization in [2425] milliseconds
29-Oct-2024 11:52:04.696 INFO [main] org.apache.catalina.core.StandardService.startInternal Arrancando servicio [Catalina]
29-Oct-2024 11:52:04.697 INFO [main] org.apache.catalina.core.StandardEngine.startInternal Starting Servlet engine: [Apache Tomcat/9.0.93]
29-Oct-2024 11:52:04.728 INFO [main] org.apache.catalina.startup.HostConfig.deployDescriptor Desplieque del descriptor de configuración [C:\Proyecto-3s\T03_BodegaLaEsquinita_P\conf\Catalina\localhost\T03_BodegaLaEsquinita_P.xml]
29-Oct-2024 11:52:07.780 INFO [main] org.apache.jasper.servlet.TldScanner.scanJars Al menos un JAR, que se ha explorado buscando TLDs, aún no contenía TLDs. Activar historial de depuración para este historiador para una completa lista de los JARs que fueron explorados y de los que nos se halló TLDs. Saltarse JARs no necesarios durante la exploración puede dar lugar a una mejora de tiempo significativa en el arranque y compilación de JSP .
29-Oct-2024 11:52:08.438 WARNING [main] org.apache.catalina.util.SessionIdGeneratorBase.createSecureRandom Creation of SecureRandom instance for session ID generation using [SHA1PRNG] took [221] milliseconds.
29-Oct-2024 11:52:08.573 INFO [main] org.apache.catalina.startup.HostConfig.deployDescriptor Deployment of deployment descriptor [C:\Proyecto-3s\T03_BodegaLaEsquinita_P\conf\Catalina\localhost\T03_BodegaLaEsquinita_P.xml] has finished in [3.844] ms
29-Oct-2024 11:52:08.624 INFO [main] org.apache.coyote.AbstractProtocol.start Starting ProtocolHandler ["http-nio-8080"]
29-Oct-2024 11:52:09.188 INFO [main] org.apache.catalina.startup.Catalina.start Server startup in [4630] milliseconds
29-Oct-2024 12:01:17.061 INFO [Thread-1] org.apache.coyote.AbstractProtocol.pause Pausing ProtocolHandler ["http-nio-8080"]
29-Oct-2024 12:01:17.620 INFO [Thread-1] org.apache.catalina.core.StandardService.stopInternal Parando servicio [Catalina]
29-Oct-2024 12:01:18.077 WARNING [Thread-1] org.apache.catalina.loader.WebappClassLoaderBase.clearReferencesJdbc La aplicación web [T03_BodegaLaEsquinita_P] registró el conductor JDBC [com.microsoft.sqlserver.jdbc.SQLServerDriver] pero falló al anular el registro mientras la aplicación web estaba parada. Para prevenir un fallo de memoria, se ha anulado el registro del conductor JDBC por la fuerza.
29-Oct-2024 12:01:18.228 INFO [Thread-1] org.apache.coyote.AbstractProtocol.stop Stopping ProtocolHandler ["http-nio-8080"]
29-Oct-2024 12:01:18.267 INFO [Thread-1] org.apache.coyote.AbstractProtocol.destroy Destroying ProtocolHandler ["http-nio-8080"]
29-Oct-2024 12:01:38.675 INFO [main] org.apache.catalina.startup.VersionLoggerListener.log Nombre de la versión del servidor: Apache Tomcat/9.0.93
29-Oct-2024 12:01:38.686 INFO [main] org.apache.catalina.startup.VersionLoggerListener.log Server built:                      Aug 2 2024 21:24:59 UTC
29-Oct-2024 12:01:38.686 INFO [main] org.apache.catalina.startup.VersionLoggerListener.log Número de versión de servidor:     9.0.93.0
29-Oct-2024 12:01:38.686 INFO [main] org.apache.catalina.startup.VersionLoggerListener.log OS Name:                           Windows 11
29-Oct-2024 12:01:38.686 INFO [main] org.apache.catalina.startup.VersionLoggerListener.log Versión de Systema Operativo:      10.0
29-Oct-2024 12:01:38.686 INFO [main] org.apache.catalina.startup.VersionLoggerListener.log Arquitectura:                      amd64
29-Oct-2024 12:01:38.686 INFO [main] org.apache.catalina.startup.VersionLoggerListener.log Java Home:                         C:\Program Files\Java\jdk-17
29-Oct-2024 12:01:38.686 INFO [main] org.apache.catalina.startup.VersionLoggerListener.log JVM Version:                       17.0.10+11-LTS-240
29-Oct-2024 12:01:38.690 INFO [main] org.apache.catalina.startup.VersionLoggerListener.log Vededor JVM:                       Oracle Corporation
29-Oct-2024 12:01:38.690 INFO [main] org.apache.catalina.startup.VersionLoggerListener.log CATALINA_BASE:                     C:\Proyecto-3s\T03_BodegaLaEsquinita_P
29-Oct-2024 12:01:38.690 INFO [main] org.apache.catalina.startup.VersionLoggerListener.log CATALINA_HOME:                     C:\ValleGrande\IntelliJ\apache-tomcat-9.0.93
29-Oct-2024 12:01:38.739 INFO [main] org.apache.catalina.startup.VersionLoggerListener.log Command line argument:             --add-opens=java.base/java.lang=ALL-UNNAMED
29-Oct-2024 12:01:38.739 INFO [main] org.apache.catalina.startup.VersionLoggerListener.log Command line argument:             --add-opens=java.base/java.io=ALL-UNNAMED
29-Oct-2024 12:01:38.739 INFO [main] org.apache.catalina.startup.VersionLoggerListener.log Command line argument:             --add-opens=java.base/java.util=ALL-UNNAMED
29-Oct-2024 12:01:38.739 INFO [main] org.apache.catalina.startup.VersionLoggerListener.log Command line argument:             --add-opens=java.base/java.util.concurrent=ALL-UNNAMED
29-Oct-2024 12:01:38.741 INFO [main] org.apache.catalina.startup.VersionLoggerListener.log Command line argument:             --add-opens=java.rmi/sun.rmi.transport=ALL-UNNAMED
29-Oct-2024 12:01:38.741 INFO [main] org.apache.catalina.startup.VersionLoggerListener.log Command line argument:             -Dcatalina.home=C:\..\ValleGrande\IntelliJ\apache-tomcat-9.0.93
29-Oct-2024 12:01:38.741 INFO [main] org.apache.catalina.startup.VersionLoggerListener.log Command line argument:             -Dcatalina.base=C:\Proyecto-3s\T03_BodegaLaEsquinita_P
29-Oct-2024 12:01:38.741 INFO [main] org.apache.catalina.startup.VersionLoggerListener.log Command line argument:             -Djava.io.tmpdir=C:\Proyecto-3s\T03_BodegaLaEsquinita_P\temp
29-Oct-2024 12:01:38.741 INFO [main] org.apache.catalina.startup.VersionLoggerListener.log Command line argument:             -Djava.util.logging.config.file=C:\Proyecto-3s\T03_BodegaLaEsquinita_P\conf\logging.properties
29-Oct-2024 12:01:38.741 INFO [main] org.apache.catalina.startup.VersionLoggerListener.log Command line argument:             -Djava.util.logging.manager=org.apache.juli.ClassLoaderLogManager
29-Oct-2024 12:01:38.741 INFO [main] org.apache.catalina.startup.VersionLoggerListener.log Command line argument:             -javaagent:C:\Program Files\JetBrains\IntelliJ IDEA 2024.2.1\lib\idea_rt.jar=50345:C:\Program Files\JetBrains\IntelliJ IDEA 2024.2.1\bin
29-Oct-2024 12:01:38.741 INFO [main] org.apache.catalina.startup.VersionLoggerListener.log Command line argument:             -Dfile.encoding=UTF-8
29-Oct-2024 12:01:38.757 INFO [main] org.apache.catalina.core.AprLifecycleListener.lifecycleEvent Cargada la biblioteca nativa APR de Apache Tomcat [1.3.1] con la versión APR [1.7.4].
29-Oct-2024 12:01:38.758 INFO [main] org.apache.catalina.core.AprLifecycleListener.lifecycleEvent Capacidades APR: IPv6 [true], enviar fichero [true], aceptar filtros [false], aleatorio [true], UDS [true].
29-Oct-2024 12:01:38.758 INFO [main] org.apache.catalina.core.AprLifecycleListener.lifecycleEvent APR/OpenSSL configuration: useAprConnector [false], useOpenSSL [true]
29-Oct-2024 12:01:38.803 INFO [main] org.apache.catalina.core.AprLifecycleListener.initializeSSL OpenSSL inicializado correctamente [OpenSSL 3.0.14 4 Jun 2024]
29-Oct-2024 12:01:39.717 INFO [main] org.apache.coyote.AbstractProtocol.init Inicializando el manejador de protocolo ["http-nio-8080"]

29-Oct-2024 12:01:39.782 INFO [main] org.apache.catalina.startup.Catalina.load Server initialization in [1812] milliseconds
29-Oct-2024 12:01:39.910 INFO [main] org.apache.catalina.core.StandardService.startInternal Arrancando servicio [Catalina]
29-Oct-2024 12:01:39.910 INFO [main] org.apache.catalina.core.StandardEngine.startInternal Starting Servlet engine: [Apache Tomcat/9.0.93]
29-Oct-2024 12:01:39.941 INFO [main] org.apache.catalina.startup.HostConfig.deployDescriptor Desplieque del descriptor de configuración [C:\Proyecto-3s\T03_BodegaLaEsquinita_P\conf\Catalina\localhost\T03_BodegaLaEsquinita_P.xml]
29-Oct-2024 12:01:42.110 INFO [main] org.apache.jasper.servlet.TldScanner.scanJars Al menos un JAR, que se ha explorado buscando TLDs, aún no contenía TLDs. Activar historial de depuración para este historiador para una completa lista de los JARs que fueron explorados y de los que nos se halló TLDs. Saltarse JARs no necesarios durante la exploración puede dar lugar a una mejora de tiempo significativa en el arranque y compilación de JSP .
29-Oct-2024 12:01:42.400 WARNING [main] org.apache.catalina.util.SessionIdGeneratorBase.createSecureRandom Creation of SecureRandom instance for session ID generation using [SHA1PRNG] took [109] milliseconds.
29-Oct-2024 12:01:42.527 INFO [main] org.apache.catalina.startup.HostConfig.deployDescriptor Deployment of deployment descriptor [C:\Proyecto-3s\T03_BodegaLaEsquinita_P\conf\Catalina\localhost\T03_BodegaLaEsquinita_P.xml] has finished in [2.586] ms
29-Oct-2024 12:01:42.547 INFO [main] org.apache.coyote.AbstractProtocol.start Starting ProtocolHandler ["http-nio-8080"]
29-Oct-2024 12:01:42.703 INFO [main] org.apache.catalina.startup.Catalina.start Server startup in [2920] milliseconds
29-Oct-2024 12:24:45.190 INFO [Thread-1] org.apache.coyote.AbstractProtocol.pause Pausing ProtocolHandler ["http-nio-8080"]
29-Oct-2024 12:24:45.999 INFO [Thread-1] org.apache.catalina.core.StandardService.stopInternal Parando servicio [Catalina]
29-Oct-2024 12:24:46.711 WARNING [Thread-1] org.apache.catalina.loader.WebappClassLoaderBase.clearReferencesJdbc La aplicación web [T03_BodegaLaEsquinita_P] registró el conductor JDBC [com.microsoft.sqlserver.jdbc.SQLServerDriver] pero falló al anular el registro mientras la aplicación web estaba parada. Para prevenir un fallo de memoria, se ha anulado el registro del conductor JDBC por la fuerza.
29-Oct-2024 12:24:46.920 INFO [Thread-1] org.apache.coyote.AbstractProtocol.stop Stopping ProtocolHandler ["http-nio-8080"]
29-Oct-2024 12:24:47.031 INFO [Thread-1] org.apache.coyote.AbstractProtocol.destroy Destroying ProtocolHandler ["http-nio-8080"]
29-Oct-2024 12:25:20.692 INFO [main] org.apache.catalina.startup.VersionLoggerListener.log Nombre de la versión del servidor: Apache Tomcat/9.0.93
29-Oct-2024 12:25:20.700 INFO [main] org.apache.catalina.startup.VersionLoggerListener.log Server built:                      Aug 2 2024 21:24:59 UTC
29-Oct-2024 12:25:20.700 INFO [main] org.apache.catalina.startup.VersionLoggerListener.log Número de versión de servidor:     9.0.93.0
29-Oct-2024 12:25:20.701 INFO [main] org.apache.catalina.startup.VersionLoggerListener.log OS Name:                           Windows 11
29-Oct-2024 12:25:20.701 INFO [main] org.apache.catalina.startup.VersionLoggerListener.log Versión de Systema Operativo:      10.0
29-Oct-2024 12:25:20.701 INFO [main] org.apache.catalina.startup.VersionLoggerListener.log Arquitectura:                      amd64
29-Oct-2024 12:25:20.701 INFO [main] org.apache.catalina.startup.VersionLoggerListener.log Java Home:                         C:\Program Files\Java\jdk-17
29-Oct-2024 12:25:20.702 INFO [main] org.apache.catalina.startup.VersionLoggerListener.log JVM Version:                       17.0.10+11-LTS-240
29-Oct-2024 12:25:20.702 INFO [main] org.apache.catalina.startup.VersionLoggerListener.log Vededor JVM:                       Oracle Corporation
29-Oct-2024 12:25:20.702 INFO [main] org.apache.catalina.startup.VersionLoggerListener.log CATALINA_BASE:                     C:\Proyecto-3s\T03_BodegaLaEsquinita_P
29-Oct-2024 12:25:20.702 INFO [main] org.apache.catalina.startup.VersionLoggerListener.log CATALINA_HOME:                     C:\ValleGrande\IntelliJ\apache-tomcat-9.0.93
29-Oct-2024 12:25:20.723 INFO [main] org.apache.catalina.startup.VersionLoggerListener.log Command line argument:             --add-opens=java.base/java.lang=ALL-UNNAMED
29-Oct-2024 12:25:20.724 INFO [main] org.apache.catalina.startup.VersionLoggerListener.log Command line argument:             --add-opens=java.base/java.io=ALL-UNNAMED
29-Oct-2024 12:25:20.724 INFO [main] org.apache.catalina.startup.VersionLoggerListener.log Command line argument:             --add-opens=java.base/java.util=ALL-UNNAMED
29-Oct-2024 12:25:20.724 INFO [main] org.apache.catalina.startup.VersionLoggerListener.log Command line argument:             --add-opens=java.base/java.util.concurrent=ALL-UNNAMED
29-Oct-2024 12:25:20.725 INFO [main] org.apache.catalina.startup.VersionLoggerListener.log Command line argument:             --add-opens=java.rmi/sun.rmi.transport=ALL-UNNAMED
29-Oct-2024 12:25:20.725 INFO [main] org.apache.catalina.startup.VersionLoggerListener.log Command line argument:             -Dcatalina.home=C:\..\ValleGrande\IntelliJ\apache-tomcat-9.0.93
29-Oct-2024 12:25:20.725 INFO [main] org.apache.catalina.startup.VersionLoggerListener.log Command line argument:             -Dcatalina.base=C:\Proyecto-3s\T03_BodegaLaEsquinita_P
29-Oct-2024 12:25:20.725 INFO [main] org.apache.catalina.startup.VersionLoggerListener.log Command line argument:             -Djava.io.tmpdir=C:\Proyecto-3s\T03_BodegaLaEsquinita_P\temp
29-Oct-2024 12:25:20.725 INFO [main] org.apache.catalina.startup.VersionLoggerListener.log Command line argument:             -Djava.util.logging.config.file=C:\Proyecto-3s\T03_BodegaLaEsquinita_P\conf\logging.properties
29-Oct-2024 12:25:20.725 INFO [main] org.apache.catalina.startup.VersionLoggerListener.log Command line argument:             -Djava.util.logging.manager=org.apache.juli.ClassLoaderLogManager
29-Oct-2024 12:25:20.726 INFO [main] org.apache.catalina.startup.VersionLoggerListener.log Command line argument:             -javaagent:C:\Program Files\JetBrains\IntelliJ IDEA 2024.2.1\lib\idea_rt.jar=51695:C:\Program Files\JetBrains\IntelliJ IDEA 2024.2.1\bin
29-Oct-2024 12:25:20.726 INFO [main] org.apache.catalina.startup.VersionLoggerListener.log Command line argument:             -Dfile.encoding=UTF-8
29-Oct-2024 12:25:21.113 INFO [main] org.apache.catalina.core.AprLifecycleListener.lifecycleEvent Cargada la biblioteca nativa APR de Apache Tomcat [1.3.1] con la versión APR [1.7.4].
29-Oct-2024 12:25:21.115 INFO [main] org.apache.catalina.core.AprLifecycleListener.lifecycleEvent Capacidades APR: IPv6 [true], enviar fichero [true], aceptar filtros [false], aleatorio [true], UDS [true].
29-Oct-2024 12:25:21.116 INFO [main] org.apache.catalina.core.AprLifecycleListener.lifecycleEvent APR/OpenSSL configuration: useAprConnector [false], useOpenSSL [true]
29-Oct-2024 12:25:21.159 INFO [main] org.apache.catalina.core.AprLifecycleListener.initializeSSL OpenSSL inicializado correctamente [OpenSSL 3.0.14 4 Jun 2024]
29-Oct-2024 12:25:21.999 INFO [main] org.apache.coyote.AbstractProtocol.init Inicializando el manejador de protocolo ["http-nio-8080"]

29-Oct-2024 12:25:22.201 INFO [main] org.apache.catalina.startup.Catalina.load Server initialization in [2055] milliseconds
29-Oct-2024 12:25:22.350 INFO [main] org.apache.catalina.core.StandardService.startInternal Arrancando servicio [Catalina]
29-Oct-2024 12:25:22.352 INFO [main] org.apache.catalina.core.StandardEngine.startInternal Starting Servlet engine: [Apache Tomcat/9.0.93]
29-Oct-2024 12:25:22.384 INFO [main] org.apache.catalina.startup.HostConfig.deployDescriptor Desplieque del descriptor de configuración [C:\Proyecto-3s\T03_BodegaLaEsquinita_P\conf\Catalina\localhost\T03_BodegaLaEsquinita_P.xml]
29-Oct-2024 12:25:24.715 INFO [main] org.apache.jasper.servlet.TldScanner.scanJars Al menos un JAR, que se ha explorado buscando TLDs, aún no contenía TLDs. Activar historial de depuración para este historiador para una completa lista de los JARs que fueron explorados y de los que nos se halló TLDs. Saltarse JARs no necesarios durante la exploración puede dar lugar a una mejora de tiempo significativa en el arranque y compilación de JSP .
29-Oct-2024 12:25:25.046 INFO [main] org.apache.catalina.startup.HostConfig.deployDescriptor Deployment of deployment descriptor [C:\Proyecto-3s\T03_BodegaLaEsquinita_P\conf\Catalina\localhost\T03_BodegaLaEsquinita_P.xml] has finished in [2.654] ms
29-Oct-2024 12:25:25.056 INFO [main] org.apache.coyote.AbstractProtocol.start Starting ProtocolHandler ["http-nio-8080"]
29-Oct-2024 12:25:25.169 INFO [main] org.apache.catalina.startup.Catalina.start Server startup in [2966] milliseconds
29-Oct-2024 12:28:58.280 INFO [Thread-1] org.apache.coyote.AbstractProtocol.pause Pausing ProtocolHandler ["http-nio-8080"]
29-Oct-2024 12:29:01.119 INFO [Thread-1] org.apache.catalina.core.StandardService.stopInternal Parando servicio [Catalina]
29-Oct-2024 12:29:04.091 WARNING [Thread-1] org.apache.catalina.loader.WebappClassLoaderBase.clearReferencesJdbc La aplicación web [T03_BodegaLaEsquinita_P] registró el conductor JDBC [com.microsoft.sqlserver.jdbc.SQLServerDriver] pero falló al anular el registro mientras la aplicación web estaba parada. Para prevenir un fallo de memoria, se ha anulado el registro del conductor JDBC por la fuerza.
29-Oct-2024 12:29:05.272 INFO [Thread-1] org.apache.coyote.AbstractProtocol.stop Stopping ProtocolHandler ["http-nio-8080"]
29-Oct-2024 12:29:05.381 INFO [Thread-1] org.apache.coyote.AbstractProtocol.destroy Destroying ProtocolHandler ["http-nio-8080"]
29-Oct-2024 12:29:46.614 INFO [main] org.apache.catalina.startup.VersionLoggerListener.log Nombre de la versión del servidor: Apache Tomcat/9.0.93
29-Oct-2024 12:29:46.627 INFO [main] org.apache.catalina.startup.VersionLoggerListener.log Server built:                      Aug 2 2024 21:24:59 UTC
29-Oct-2024 12:29:46.628 INFO [main] org.apache.catalina.startup.VersionLoggerListener.log Número de versión de servidor:     9.0.93.0
29-Oct-2024 12:29:46.630 INFO [main] org.apache.catalina.startup.VersionLoggerListener.log OS Name:                           Windows 11
29-Oct-2024 12:29:46.630 INFO [main] org.apache.catalina.startup.VersionLoggerListener.log Versión de Systema Operativo:      10.0
29-Oct-2024 12:29:46.630 INFO [main] org.apache.catalina.startup.VersionLoggerListener.log Arquitectura:                      amd64
29-Oct-2024 12:29:46.631 INFO [main] org.apache.catalina.startup.VersionLoggerListener.log Java Home:                         C:\Program Files\Java\jdk-17
29-Oct-2024 12:29:46.631 INFO [main] org.apache.catalina.startup.VersionLoggerListener.log JVM Version:                       17.0.10+11-LTS-240
29-Oct-2024 12:29:46.631 INFO [main] org.apache.catalina.startup.VersionLoggerListener.log Vededor JVM:                       Oracle Corporation
29-Oct-2024 12:29:46.631 INFO [main] org.apache.catalina.startup.VersionLoggerListener.log CATALINA_BASE:                     C:\Proyecto-3s\T03_BodegaLaEsquinita_P
29-Oct-2024 12:29:46.631 INFO [main] org.apache.catalina.startup.VersionLoggerListener.log CATALINA_HOME:                     C:\ValleGrande\IntelliJ\apache-tomcat-9.0.93
29-Oct-2024 12:29:46.679 INFO [main] org.apache.catalina.startup.VersionLoggerListener.log Command line argument:             --add-opens=java.base/java.lang=ALL-UNNAMED
29-Oct-2024 12:29:46.679 INFO [main] org.apache.catalina.startup.VersionLoggerListener.log Command line argument:             --add-opens=java.base/java.io=ALL-UNNAMED
29-Oct-2024 12:29:46.680 INFO [main] org.apache.catalina.startup.VersionLoggerListener.log Command line argument:             --add-opens=java.base/java.util=ALL-UNNAMED
29-Oct-2024 12:29:46.680 INFO [main] org.apache.catalina.startup.VersionLoggerListener.log Command line argument:             --add-opens=java.base/java.util.concurrent=ALL-UNNAMED
29-Oct-2024 12:29:46.681 INFO [main] org.apache.catalina.startup.VersionLoggerListener.log Command line argument:             --add-opens=java.rmi/sun.rmi.transport=ALL-UNNAMED
29-Oct-2024 12:29:46.681 INFO [main] org.apache.catalina.startup.VersionLoggerListener.log Command line argument:             -Dcatalina.home=C:\..\ValleGrande\IntelliJ\apache-tomcat-9.0.93
29-Oct-2024 12:29:46.682 INFO [main] org.apache.catalina.startup.VersionLoggerListener.log Command line argument:             -Dcatalina.base=C:\Proyecto-3s\T03_BodegaLaEsquinita_P
29-Oct-2024 12:29:46.683 INFO [main] org.apache.catalina.startup.VersionLoggerListener.log Command line argument:             -Djava.io.tmpdir=C:\Proyecto-3s\T03_BodegaLaEsquinita_P\temp
29-Oct-2024 12:29:46.684 INFO [main] org.apache.catalina.startup.VersionLoggerListener.log Command line argument:             -Djava.util.logging.config.file=C:\Proyecto-3s\T03_BodegaLaEsquinita_P\conf\logging.properties
29-Oct-2024 12:29:46.684 INFO [main] org.apache.catalina.startup.VersionLoggerListener.log Command line argument:             -Djava.util.logging.manager=org.apache.juli.ClassLoaderLogManager
29-Oct-2024 12:29:46.684 INFO [main] org.apache.catalina.startup.VersionLoggerListener.log Command line argument:             -javaagent:C:\Program Files\JetBrains\IntelliJ IDEA 2024.2.1\lib\idea_rt.jar=51807:C:\Program Files\JetBrains\IntelliJ IDEA 2024.2.1\bin
29-Oct-2024 12:29:46.684 INFO [main] org.apache.catalina.startup.VersionLoggerListener.log Command line argument:             -Dfile.encoding=UTF-8
29-Oct-2024 12:29:47.141 INFO [main] org.apache.catalina.core.AprLifecycleListener.lifecycleEvent Cargada la biblioteca nativa APR de Apache Tomcat [1.3.1] con la versión APR [1.7.4].
29-Oct-2024 12:29:47.142 INFO [main] org.apache.catalina.core.AprLifecycleListener.lifecycleEvent Capacidades APR: IPv6 [true], enviar fichero [true], aceptar filtros [false], aleatorio [true], UDS [true].
29-Oct-2024 12:29:47.143 INFO [main] org.apache.catalina.core.AprLifecycleListener.lifecycleEvent APR/OpenSSL configuration: useAprConnector [false], useOpenSSL [true]
29-Oct-2024 12:29:47.180 INFO [main] org.apache.catalina.core.AprLifecycleListener.initializeSSL OpenSSL inicializado correctamente [OpenSSL 3.0.14 4 Jun 2024]
29-Oct-2024 12:29:47.984 INFO [main] org.apache.coyote.AbstractProtocol.init Inicializando el manejador de protocolo ["http-nio-8080"]

29-Oct-2024 12:29:48.072 INFO [main] org.apache.catalina.startup.Catalina.load Server initialization in [2127] milliseconds
29-Oct-2024 12:29:48.306 INFO [main] org.apache.catalina.core.StandardService.startInternal Arrancando servicio [Catalina]
29-Oct-2024 12:29:48.307 INFO [main] org.apache.catalina.core.StandardEngine.startInternal Starting Servlet engine: [Apache Tomcat/9.0.93]
29-Oct-2024 12:29:48.350 INFO [main] org.apache.catalina.startup.HostConfig.deployDescriptor Desplieque del descriptor de configuración [C:\Proyecto-3s\T03_BodegaLaEsquinita_P\conf\Catalina\localhost\T03_BodegaLaEsquinita_P.xml]
29-Oct-2024 12:29:50.430 INFO [main] org.apache.jasper.servlet.TldScanner.scanJars Al menos un JAR, que se ha explorado buscando TLDs, aún no contenía TLDs. Activar historial de depuración para este historiador para una completa lista de los JARs que fueron explorados y de los que nos se halló TLDs. Saltarse JARs no necesarios durante la exploración puede dar lugar a una mejora de tiempo significativa en el arranque y compilación de JSP .
29-Oct-2024 12:29:50.939 INFO [main] org.apache.catalina.startup.HostConfig.deployDescriptor Deployment of deployment descriptor [C:\Proyecto-3s\T03_BodegaLaEsquinita_P\conf\Catalina\localhost\T03_BodegaLaEsquinita_P.xml] has finished in [2.544] ms
29-Oct-2024 12:29:50.966 INFO [main] org.apache.coyote.AbstractProtocol.start Starting ProtocolHandler ["http-nio-8080"]
29-Oct-2024 12:29:51.151 INFO [main] org.apache.catalina.startup.Catalina.start Server startup in [3076] milliseconds
29-Oct-2024 12:35:08.024 INFO [Thread-1] org.apache.coyote.AbstractProtocol.pause Pausing ProtocolHandler ["http-nio-8080"]
29-Oct-2024 12:35:09.980 INFO [Thread-1] org.apache.catalina.core.StandardService.stopInternal Parando servicio [Catalina]
29-Oct-2024 12:35:11.012 WARNING [Thread-1] org.apache.catalina.loader.WebappClassLoaderBase.clearReferencesJdbc La aplicación web [T03_BodegaLaEsquinita_P] registró el conductor JDBC [com.microsoft.sqlserver.jdbc.SQLServerDriver] pero falló al anular el registro mientras la aplicación web estaba parada. Para prevenir un fallo de memoria, se ha anulado el registro del conductor JDBC por la fuerza.
29-Oct-2024 12:35:11.575 INFO [Thread-1] org.apache.coyote.AbstractProtocol.stop Stopping ProtocolHandler ["http-nio-8080"]
29-Oct-2024 12:35:11.757 INFO [Thread-1] org.apache.coyote.AbstractProtocol.destroy Destroying ProtocolHandler ["http-nio-8080"]
29-Oct-2024 12:35:51.275 INFO [main] org.apache.catalina.startup.VersionLoggerListener.log Nombre de la versión del servidor: Apache Tomcat/9.0.93
29-Oct-2024 12:35:51.294 INFO [main] org.apache.catalina.startup.VersionLoggerListener.log Server built:                      Aug 2 2024 21:24:59 UTC
29-Oct-2024 12:35:51.295 INFO [main] org.apache.catalina.startup.VersionLoggerListener.log Número de versión de servidor:     9.0.93.0
29-Oct-2024 12:35:51.296 INFO [main] org.apache.catalina.startup.VersionLoggerListener.log OS Name:                           Windows 11
29-Oct-2024 12:35:51.297 INFO [main] org.apache.catalina.startup.VersionLoggerListener.log Versión de Systema Operativo:      10.0
29-Oct-2024 12:35:51.298 INFO [main] org.apache.catalina.startup.VersionLoggerListener.log Arquitectura:                      amd64
29-Oct-2024 12:35:51.298 INFO [main] org.apache.catalina.startup.VersionLoggerListener.log Java Home:                         C:\Program Files\Java\jdk-17
29-Oct-2024 12:35:51.299 INFO [main] org.apache.catalina.startup.VersionLoggerListener.log JVM Version:                       17.0.10+11-LTS-240
29-Oct-2024 12:35:51.300 INFO [main] org.apache.catalina.startup.VersionLoggerListener.log Vededor JVM:                       Oracle Corporation
29-Oct-2024 12:35:51.300 INFO [main] org.apache.catalina.startup.VersionLoggerListener.log CATALINA_BASE:                     C:\Proyecto-3s\T03_BodegaLaEsquinita_P
29-Oct-2024 12:35:51.302 INFO [main] org.apache.catalina.startup.VersionLoggerListener.log CATALINA_HOME:                     C:\ValleGrande\IntelliJ\apache-tomcat-9.0.93
29-Oct-2024 12:35:51.551 INFO [main] org.apache.catalina.startup.VersionLoggerListener.log Command line argument:             --add-opens=java.base/java.lang=ALL-UNNAMED
29-Oct-2024 12:35:51.615 INFO [main] org.apache.catalina.startup.VersionLoggerListener.log Command line argument:             --add-opens=java.base/java.io=ALL-UNNAMED
29-Oct-2024 12:35:51.616 INFO [main] org.apache.catalina.startup.VersionLoggerListener.log Command line argument:             --add-opens=java.base/java.util=ALL-UNNAMED
29-Oct-2024 12:35:51.617 INFO [main] org.apache.catalina.startup.VersionLoggerListener.log Command line argument:             --add-opens=java.base/java.util.concurrent=ALL-UNNAMED
29-Oct-2024 12:35:51.618 INFO [main] org.apache.catalina.startup.VersionLoggerListener.log Command line argument:             --add-opens=java.rmi/sun.rmi.transport=ALL-UNNAMED
29-Oct-2024 12:35:51.618 INFO [main] org.apache.catalina.startup.VersionLoggerListener.log Command line argument:             -Dcatalina.home=C:\..\ValleGrande\IntelliJ\apache-tomcat-9.0.93
29-Oct-2024 12:35:51.619 INFO [main] org.apache.catalina.startup.VersionLoggerListener.log Command line argument:             -Dcatalina.base=C:\Proyecto-3s\T03_BodegaLaEsquinita_P
29-Oct-2024 12:35:51.621 INFO [main] org.apache.catalina.startup.VersionLoggerListener.log Command line argument:             -Djava.io.tmpdir=C:\Proyecto-3s\T03_BodegaLaEsquinita_P\temp
29-Oct-2024 12:35:51.622 INFO [main] org.apache.catalina.startup.VersionLoggerListener.log Command line argument:             -Djava.util.logging.config.file=C:\Proyecto-3s\T03_BodegaLaEsquinita_P\conf\logging.properties
29-Oct-2024 12:35:51.622 INFO [main] org.apache.catalina.startup.VersionLoggerListener.log Command line argument:             -Djava.util.logging.manager=org.apache.juli.ClassLoaderLogManager
29-Oct-2024 12:35:51.623 INFO [main] org.apache.catalina.startup.VersionLoggerListener.log Command line argument:             -javaagent:C:\Program Files\JetBrains\IntelliJ IDEA 2024.2.1\lib\idea_rt.jar=60745:C:\Program Files\JetBrains\IntelliJ IDEA 2024.2.1\bin
29-Oct-2024 12:35:51.649 INFO [main] org.apache.catalina.startup.VersionLoggerListener.log Command line argument:             -Dfile.encoding=UTF-8
29-Oct-2024 12:35:52.017 INFO [main] org.apache.catalina.core.AprLifecycleListener.lifecycleEvent Cargada la biblioteca nativa APR de Apache Tomcat [1.3.1] con la versión APR [1.7.4].
29-Oct-2024 12:35:52.021 INFO [main] org.apache.catalina.core.AprLifecycleListener.lifecycleEvent Capacidades APR: IPv6 [true], enviar fichero [true], aceptar filtros [false], aleatorio [true], UDS [true].
29-Oct-2024 12:35:52.021 INFO [main] org.apache.catalina.core.AprLifecycleListener.lifecycleEvent APR/OpenSSL configuration: useAprConnector [false], useOpenSSL [true]
29-Oct-2024 12:35:52.116 INFO [main] org.apache.catalina.core.AprLifecycleListener.initializeSSL OpenSSL inicializado correctamente [OpenSSL 3.0.14 4 Jun 2024]
29-Oct-2024 12:35:54.635 INFO [main] org.apache.coyote.AbstractProtocol.init Inicializando el manejador de protocolo ["http-nio-8080"]

29-Oct-2024 12:35:54.741 INFO [main] org.apache.catalina.startup.Catalina.load Server initialization in [5024] milliseconds
29-Oct-2024 12:35:55.014 INFO [main] org.apache.catalina.core.StandardService.startInternal Arrancando servicio [Catalina]
29-Oct-2024 12:35:55.014 INFO [main] org.apache.catalina.core.StandardEngine.startInternal Starting Servlet engine: [Apache Tomcat/9.0.93]
29-Oct-2024 12:35:55.057 INFO [main] org.apache.catalina.startup.HostConfig.deployDescriptor Desplieque del descriptor de configuración [C:\Proyecto-3s\T03_BodegaLaEsquinita_P\conf\Catalina\localhost\T03_BodegaLaEsquinita_P.xml]
29-Oct-2024 12:35:59.584 INFO [main] org.apache.jasper.servlet.TldScanner.scanJars Al menos un JAR, que se ha explorado buscando TLDs, aún no contenía TLDs. Activar historial de depuración para este historiador para una completa lista de los JARs que fueron explorados y de los que nos se halló TLDs. Saltarse JARs no necesarios durante la exploración puede dar lugar a una mejora de tiempo significativa en el arranque y compilación de JSP .
29-Oct-2024 12:36:00.184 WARNING [main] org.apache.catalina.util.SessionIdGeneratorBase.createSecureRandom Creation of SecureRandom instance for session ID generation using [SHA1PRNG] took [345] milliseconds.
29-Oct-2024 12:36:00.331 INFO [main] org.apache.catalina.startup.HostConfig.deployDescriptor Deployment of deployment descriptor [C:\Proyecto-3s\T03_BodegaLaEsquinita_P\conf\Catalina\localhost\T03_BodegaLaEsquinita_P.xml] has finished in [5.273] ms
29-Oct-2024 12:36:00.354 INFO [main] org.apache.coyote.AbstractProtocol.start Starting ProtocolHandler ["http-nio-8080"]
29-Oct-2024 12:36:00.673 INFO [main] org.apache.catalina.startup.Catalina.start Server startup in [5931] milliseconds
29-Oct-2024 12:51:44.064 INFO [Thread-1] org.apache.coyote.AbstractProtocol.pause Pausing ProtocolHandler ["http-nio-8080"]
29-Oct-2024 12:51:44.625 INFO [Thread-1] org.apache.catalina.core.StandardService.stopInternal Parando servicio [Catalina]
29-Oct-2024 12:51:45.343 WARNING [Thread-1] org.apache.catalina.loader.WebappClassLoaderBase.clearReferencesJdbc La aplicación web [T03_BodegaLaEsquinita_P] registró el conductor JDBC [com.microsoft.sqlserver.jdbc.SQLServerDriver] pero falló al anular el registro mientras la aplicación web estaba parada. Para prevenir un fallo de memoria, se ha anulado el registro del conductor JDBC por la fuerza.
29-Oct-2024 12:51:45.463 INFO [Thread-1] org.apache.coyote.AbstractProtocol.stop Stopping ProtocolHandler ["http-nio-8080"]
29-Oct-2024 12:51:45.512 INFO [Thread-1] org.apache.coyote.AbstractProtocol.destroy Destroying ProtocolHandler ["http-nio-8080"]
29-Oct-2024 12:52:16.831 INFO [main] org.apache.catalina.startup.VersionLoggerListener.log Nombre de la versión del servidor: Apache Tomcat/9.0.93
29-Oct-2024 12:52:16.843 INFO [main] org.apache.catalina.startup.VersionLoggerListener.log Server built:                      Aug 2 2024 21:24:59 UTC
29-Oct-2024 12:52:16.846 INFO [main] org.apache.catalina.startup.VersionLoggerListener.log Número de versión de servidor:     9.0.93.0
29-Oct-2024 12:52:16.846 INFO [main] org.apache.catalina.startup.VersionLoggerListener.log OS Name:                           Windows 11
29-Oct-2024 12:52:16.848 INFO [main] org.apache.catalina.startup.VersionLoggerListener.log Versión de Systema Operativo:      10.0
29-Oct-2024 12:52:16.849 INFO [main] org.apache.catalina.startup.VersionLoggerListener.log Arquitectura:                      amd64
29-Oct-2024 12:52:16.849 INFO [main] org.apache.catalina.startup.VersionLoggerListener.log Java Home:                         C:\Program Files\Java\jdk-17
29-Oct-2024 12:52:16.849 INFO [main] org.apache.catalina.startup.VersionLoggerListener.log JVM Version:                       17.0.10+11-LTS-240
29-Oct-2024 12:52:16.850 INFO [main] org.apache.catalina.startup.VersionLoggerListener.log Vededor JVM:                       Oracle Corporation
29-Oct-2024 12:52:16.851 INFO [main] org.apache.catalina.startup.VersionLoggerListener.log CATALINA_BASE:                     C:\Proyecto-3s\T03_BodegaLaEsquinita_P
29-Oct-2024 12:52:16.852 INFO [main] org.apache.catalina.startup.VersionLoggerListener.log CATALINA_HOME:                     C:\ValleGrande\IntelliJ\apache-tomcat-9.0.93
29-Oct-2024 12:52:16.892 INFO [main] org.apache.catalina.startup.VersionLoggerListener.log Command line argument:             --add-opens=java.base/java.lang=ALL-UNNAMED
29-Oct-2024 12:52:16.893 INFO [main] org.apache.catalina.startup.VersionLoggerListener.log Command line argument:             --add-opens=java.base/java.io=ALL-UNNAMED
29-Oct-2024 12:52:16.893 INFO [main] org.apache.catalina.startup.VersionLoggerListener.log Command line argument:             --add-opens=java.base/java.util=ALL-UNNAMED
29-Oct-2024 12:52:16.893 INFO [main] org.apache.catalina.startup.VersionLoggerListener.log Command line argument:             --add-opens=java.base/java.util.concurrent=ALL-UNNAMED
29-Oct-2024 12:52:16.893 INFO [main] org.apache.catalina.startup.VersionLoggerListener.log Command line argument:             --add-opens=java.rmi/sun.rmi.transport=ALL-UNNAMED
29-Oct-2024 12:52:16.893 INFO [main] org.apache.catalina.startup.VersionLoggerListener.log Command line argument:             -Dcatalina.home=C:\..\ValleGrande\IntelliJ\apache-tomcat-9.0.93
29-Oct-2024 12:52:16.893 INFO [main] org.apache.catalina.startup.VersionLoggerListener.log Command line argument:             -Dcatalina.base=C:\Proyecto-3s\T03_BodegaLaEsquinita_P
29-Oct-2024 12:52:16.893 INFO [main] org.apache.catalina.startup.VersionLoggerListener.log Command line argument:             -Djava.io.tmpdir=C:\Proyecto-3s\T03_BodegaLaEsquinita_P\temp
29-Oct-2024 12:52:16.893 INFO [main] org.apache.catalina.startup.VersionLoggerListener.log Command line argument:             -Djava.util.logging.config.file=C:\Proyecto-3s\T03_BodegaLaEsquinita_P\conf\logging.properties
29-Oct-2024 12:52:16.893 INFO [main] org.apache.catalina.startup.VersionLoggerListener.log Command line argument:             -Djava.util.logging.manager=org.apache.juli.ClassLoaderLogManager
29-Oct-2024 12:52:16.895 INFO [main] org.apache.catalina.startup.VersionLoggerListener.log Command line argument:             -javaagent:C:\Program Files\JetBrains\IntelliJ IDEA 2024.2.1\lib\idea_rt.jar=63688:C:\Program Files\JetBrains\IntelliJ IDEA 2024.2.1\bin
29-Oct-2024 12:52:16.895 INFO [main] org.apache.catalina.startup.VersionLoggerListener.log Command line argument:             -Dfile.encoding=UTF-8
29-Oct-2024 12:52:17.640 INFO [main] org.apache.catalina.core.AprLifecycleListener.lifecycleEvent Cargada la biblioteca nativa APR de Apache Tomcat [1.3.1] con la versión APR [1.7.4].
29-Oct-2024 12:52:17.641 INFO [main] org.apache.catalina.core.AprLifecycleListener.lifecycleEvent Capacidades APR: IPv6 [true], enviar fichero [true], aceptar filtros [false], aleatorio [true], UDS [true].
29-Oct-2024 12:52:17.641 INFO [main] org.apache.catalina.core.AprLifecycleListener.lifecycleEvent APR/OpenSSL configuration: useAprConnector [false], useOpenSSL [true]
29-Oct-2024 12:52:17.697 INFO [main] org.apache.catalina.core.AprLifecycleListener.initializeSSL OpenSSL inicializado correctamente [OpenSSL 3.0.14 4 Jun 2024]
29-Oct-2024 12:52:18.646 INFO [main] org.apache.coyote.AbstractProtocol.init Inicializando el manejador de protocolo ["http-nio-8080"]

29-Oct-2024 12:52:18.713 INFO [main] org.apache.catalina.startup.Catalina.load Server initialization in [2669] milliseconds
29-Oct-2024 12:52:18.853 INFO [main] org.apache.catalina.core.StandardService.startInternal Arrancando servicio [Catalina]
29-Oct-2024 12:52:18.853 INFO [main] org.apache.catalina.core.StandardEngine.startInternal Starting Servlet engine: [Apache Tomcat/9.0.93]
29-Oct-2024 12:52:18.889 INFO [main] org.apache.catalina.startup.HostConfig.deployDescriptor Desplieque del descriptor de configuración [C:\Proyecto-3s\T03_BodegaLaEsquinita_P\conf\Catalina\localhost\T03_BodegaLaEsquinita_P.xml]
29-Oct-2024 12:52:21.962 INFO [main] org.apache.jasper.servlet.TldScanner.scanJars Al menos un JAR, que se ha explorado buscando TLDs, aún no contenía TLDs. Activar historial de depuración para este historiador para una completa lista de los JARs que fueron explorados y de los que nos se halló TLDs. Saltarse JARs no necesarios durante la exploración puede dar lugar a una mejora de tiempo significativa en el arranque y compilación de JSP .
29-Oct-2024 12:52:22.774 WARNING [main] org.apache.catalina.util.SessionIdGeneratorBase.createSecureRandom Creation of SecureRandom instance for session ID generation using [SHA1PRNG] took [376] milliseconds.
29-Oct-2024 12:52:22.935 INFO [main] org.apache.catalina.startup.HostConfig.deployDescriptor Deployment of deployment descriptor [C:\Proyecto-3s\T03_BodegaLaEsquinita_P\conf\Catalina\localhost\T03_BodegaLaEsquinita_P.xml] has finished in [4.046] ms
29-Oct-2024 12:52:22.978 INFO [main] org.apache.coyote.AbstractProtocol.start Starting ProtocolHandler ["http-nio-8080"]
29-Oct-2024 12:52:23.220 INFO [main] org.apache.catalina.startup.Catalina.start Server startup in [4506] milliseconds
29-Oct-2024 14:03:22.852 INFO [Thread-1] org.apache.coyote.AbstractProtocol.pause Pausing ProtocolHandler ["http-nio-8080"]
29-Oct-2024 14:03:23.838 INFO [Thread-1] org.apache.catalina.core.StandardService.stopInternal Parando servicio [Catalina]
29-Oct-2024 14:03:24.508 WARNING [Thread-1] org.apache.catalina.loader.WebappClassLoaderBase.clearReferencesJdbc La aplicación web [T03_BodegaLaEsquinita_P] registró el conductor JDBC [com.microsoft.sqlserver.jdbc.SQLServerDriver] pero falló al anular el registro mientras la aplicación web estaba parada. Para prevenir un fallo de memoria, se ha anulado el registro del conductor JDBC por la fuerza.
29-Oct-2024 14:03:25.268 INFO [Thread-1] org.apache.coyote.AbstractProtocol.stop Stopping ProtocolHandler ["http-nio-8080"]
29-Oct-2024 14:03:25.439 INFO [Thread-1] org.apache.coyote.AbstractProtocol.destroy Destroying ProtocolHandler ["http-nio-8080"]
29-Oct-2024 14:12:30.033 INFO [main] org.apache.catalina.startup.VersionLoggerListener.log Nombre de la versión del servidor: Apache Tomcat/9.0.93
29-Oct-2024 14:12:30.048 INFO [main] org.apache.catalina.startup.VersionLoggerListener.log Server built:                      Aug 2 2024 21:24:59 UTC
29-Oct-2024 14:12:30.048 INFO [main] org.apache.catalina.startup.VersionLoggerListener.log Número de versión de servidor:     9.0.93.0
29-Oct-2024 14:12:30.050 INFO [main] org.apache.catalina.startup.VersionLoggerListener.log OS Name:                           Windows 11
29-Oct-2024 14:12:30.050 INFO [main] org.apache.catalina.startup.VersionLoggerListener.log Versión de Systema Operativo:      10.0
29-Oct-2024 14:12:30.050 INFO [main] org.apache.catalina.startup.VersionLoggerListener.log Arquitectura:                      amd64
29-Oct-2024 14:12:30.050 INFO [main] org.apache.catalina.startup.VersionLoggerListener.log Java Home:                         C:\Program Files\Java\jdk-17
29-Oct-2024 14:12:30.050 INFO [main] org.apache.catalina.startup.VersionLoggerListener.log JVM Version:                       17.0.10+11-LTS-240
29-Oct-2024 14:12:30.050 INFO [main] org.apache.catalina.startup.VersionLoggerListener.log Vededor JVM:                       Oracle Corporation
29-Oct-2024 14:12:30.050 INFO [main] org.apache.catalina.startup.VersionLoggerListener.log CATALINA_BASE:                     C:\Proyecto-3s\T03_BodegaLaEsquinita_P
29-Oct-2024 14:12:30.050 INFO [main] org.apache.catalina.startup.VersionLoggerListener.log CATALINA_HOME:                     C:\ValleGrande\IntelliJ\apache-tomcat-9.0.93
29-Oct-2024 14:12:30.108 INFO [main] org.apache.catalina.startup.VersionLoggerListener.log Command line argument:             --add-opens=java.base/java.lang=ALL-UNNAMED
29-Oct-2024 14:12:30.108 INFO [main] org.apache.catalina.startup.VersionLoggerListener.log Command line argument:             --add-opens=java.base/java.io=ALL-UNNAMED
29-Oct-2024 14:12:30.108 INFO [main] org.apache.catalina.startup.VersionLoggerListener.log Command line argument:             --add-opens=java.base/java.util=ALL-UNNAMED
29-Oct-2024 14:12:30.108 INFO [main] org.apache.catalina.startup.VersionLoggerListener.log Command line argument:             --add-opens=java.base/java.util.concurrent=ALL-UNNAMED
29-Oct-2024 14:12:30.108 INFO [main] org.apache.catalina.startup.VersionLoggerListener.log Command line argument:             --add-opens=java.rmi/sun.rmi.transport=ALL-UNNAMED
29-Oct-2024 14:12:30.108 INFO [main] org.apache.catalina.startup.VersionLoggerListener.log Command line argument:             -Dcatalina.home=C:\..\ValleGrande\IntelliJ\apache-tomcat-9.0.93
29-Oct-2024 14:12:30.108 INFO [main] org.apache.catalina.startup.VersionLoggerListener.log Command line argument:             -Dcatalina.base=C:\Proyecto-3s\T03_BodegaLaEsquinita_P
29-Oct-2024 14:12:30.113 INFO [main] org.apache.catalina.startup.VersionLoggerListener.log Command line argument:             -Djava.io.tmpdir=C:\Proyecto-3s\T03_BodegaLaEsquinita_P\temp
29-Oct-2024 14:12:30.113 INFO [main] org.apache.catalina.startup.VersionLoggerListener.log Command line argument:             -Djava.util.logging.config.file=C:\Proyecto-3s\T03_BodegaLaEsquinita_P\conf\logging.properties
29-Oct-2024 14:12:30.114 INFO [main] org.apache.catalina.startup.VersionLoggerListener.log Command line argument:             -Djava.util.logging.manager=org.apache.juli.ClassLoaderLogManager
29-Oct-2024 14:12:30.114 INFO [main] org.apache.catalina.startup.VersionLoggerListener.log Command line argument:             -javaagent:C:\Program Files\JetBrains\IntelliJ IDEA 2024.2.1\lib\idea_rt.jar=59578:C:\Program Files\JetBrains\IntelliJ IDEA 2024.2.1\bin
29-Oct-2024 14:12:30.114 INFO [main] org.apache.catalina.startup.VersionLoggerListener.log Command line argument:             -Dfile.encoding=UTF-8
29-Oct-2024 14:12:30.131 INFO [main] org.apache.catalina.core.AprLifecycleListener.lifecycleEvent Cargada la biblioteca nativa APR de Apache Tomcat [1.3.1] con la versión APR [1.7.4].
29-Oct-2024 14:12:30.131 INFO [main] org.apache.catalina.core.AprLifecycleListener.lifecycleEvent Capacidades APR: IPv6 [true], enviar fichero [true], aceptar filtros [false], aleatorio [true], UDS [true].
29-Oct-2024 14:12:30.320 INFO [main] org.apache.catalina.core.AprLifecycleListener.lifecycleEvent APR/OpenSSL configuration: useAprConnector [false], useOpenSSL [true]
29-Oct-2024 14:12:30.464 INFO [main] org.apache.catalina.core.AprLifecycleListener.initializeSSL OpenSSL inicializado correctamente [OpenSSL 3.0.14 4 Jun 2024]
29-Oct-2024 14:12:31.576 INFO [main] org.apache.coyote.AbstractProtocol.init Inicializando el manejador de protocolo ["http-nio-8080"]

29-Oct-2024 14:12:31.670 INFO [main] org.apache.catalina.startup.Catalina.load Server initialization in [2291] milliseconds
29-Oct-2024 14:12:31.814 INFO [main] org.apache.catalina.core.StandardService.startInternal Arrancando servicio [Catalina]
29-Oct-2024 14:12:31.814 INFO [main] org.apache.catalina.core.StandardEngine.startInternal Starting Servlet engine: [Apache Tomcat/9.0.93]
29-Oct-2024 14:12:31.860 INFO [main] org.apache.catalina.startup.HostConfig.deployDescriptor Desplieque del descriptor de configuración [C:\Proyecto-3s\T03_BodegaLaEsquinita_P\conf\Catalina\localhost\T03_BodegaLaEsquinita_P.xml]
29-Oct-2024 14:12:35.119 INFO [main] org.apache.jasper.servlet.TldScanner.scanJars Al menos un JAR, que se ha explorado buscando TLDs, aún no contenía TLDs. Activar historial de depuración para este historiador para una completa lista de los JARs que fueron explorados y de los que nos se halló TLDs. Saltarse JARs no necesarios durante la exploración puede dar lugar a una mejora de tiempo significativa en el arranque y compilación de JSP .
29-Oct-2024 14:12:35.903 WARNING [main] org.apache.catalina.util.SessionIdGeneratorBase.createSecureRandom Creation of SecureRandom instance for session ID generation using [SHA1PRNG] took [532] milliseconds.
29-Oct-2024 14:12:36.007 INFO [main] org.apache.catalina.startup.HostConfig.deployDescriptor Deployment of deployment descriptor [C:\Proyecto-3s\T03_BodegaLaEsquinita_P\conf\Catalina\localhost\T03_BodegaLaEsquinita_P.xml] has finished in [4.147] ms
29-Oct-2024 14:12:36.034 INFO [main] org.apache.coyote.AbstractProtocol.start Starting ProtocolHandler ["http-nio-8080"]
29-Oct-2024 14:12:36.225 INFO [main] org.apache.catalina.startup.Catalina.start Server startup in [4554] milliseconds
29-Oct-2024 14:23:32.559 INFO [Thread-1] org.apache.coyote.AbstractProtocol.pause Pausing ProtocolHandler ["http-nio-8080"]
29-Oct-2024 14:23:35.729 INFO [Thread-1] org.apache.catalina.core.StandardService.stopInternal Parando servicio [Catalina]
29-Oct-2024 14:23:38.132 WARNING [Thread-1] org.apache.catalina.loader.WebappClassLoaderBase.clearReferencesJdbc La aplicación web [T03_BodegaLaEsquinita_P] registró el conductor JDBC [com.microsoft.sqlserver.jdbc.SQLServerDriver] pero falló al anular el registro mientras la aplicación web estaba parada. Para prevenir un fallo de memoria, se ha anulado el registro del conductor JDBC por la fuerza.
29-Oct-2024 14:23:38.546 INFO [Thread-1] org.apache.coyote.AbstractProtocol.stop Stopping ProtocolHandler ["http-nio-8080"]
29-Oct-2024 14:23:38.733 INFO [Thread-1] org.apache.coyote.AbstractProtocol.destroy Destroying ProtocolHandler ["http-nio-8080"]
29-Oct-2024 14:26:00.461 INFO [main] org.apache.catalina.startup.VersionLoggerListener.log Nombre de la versión del servidor: Apache Tomcat/9.0.93
29-Oct-2024 14:26:00.773 INFO [main] org.apache.catalina.startup.VersionLoggerListener.log Server built:                      Aug 2 2024 21:24:59 UTC
29-Oct-2024 14:26:00.779 INFO [main] org.apache.catalina.startup.VersionLoggerListener.log Número de versión de servidor:     9.0.93.0
29-Oct-2024 14:26:00.779 INFO [main] org.apache.catalina.startup.VersionLoggerListener.log OS Name:                           Windows 11
29-Oct-2024 14:26:00.780 INFO [main] org.apache.catalina.startup.VersionLoggerListener.log Versión de Systema Operativo:      10.0
29-Oct-2024 14:26:00.780 INFO [main] org.apache.catalina.startup.VersionLoggerListener.log Arquitectura:                      amd64
29-Oct-2024 14:26:00.783 INFO [main] org.apache.catalina.startup.VersionLoggerListener.log Java Home:                         C:\Program Files\Java\jdk-17
29-Oct-2024 14:26:00.784 INFO [main] org.apache.catalina.startup.VersionLoggerListener.log JVM Version:                       17.0.10+11-LTS-240
29-Oct-2024 14:26:00.784 INFO [main] org.apache.catalina.startup.VersionLoggerListener.log Vededor JVM:                       Oracle Corporation
29-Oct-2024 14:26:00.786 INFO [main] org.apache.catalina.startup.VersionLoggerListener.log CATALINA_BASE:                     C:\Proyecto-3s\T03_BodegaLaEsquinita_P
29-Oct-2024 14:26:00.786 INFO [main] org.apache.catalina.startup.VersionLoggerListener.log CATALINA_HOME:                     C:\ValleGrande\IntelliJ\apache-tomcat-9.0.93
29-Oct-2024 14:26:01.009 INFO [main] org.apache.catalina.startup.VersionLoggerListener.log Command line argument:             --add-opens=java.base/java.lang=ALL-UNNAMED
29-Oct-2024 14:26:01.010 INFO [main] org.apache.catalina.startup.VersionLoggerListener.log Command line argument:             --add-opens=java.base/java.io=ALL-UNNAMED
29-Oct-2024 14:26:01.012 INFO [main] org.apache.catalina.startup.VersionLoggerListener.log Command line argument:             --add-opens=java.base/java.util=ALL-UNNAMED
29-Oct-2024 14:26:01.012 INFO [main] org.apache.catalina.startup.VersionLoggerListener.log Command line argument:             --add-opens=java.base/java.util.concurrent=ALL-UNNAMED
29-Oct-2024 14:26:01.012 INFO [main] org.apache.catalina.startup.VersionLoggerListener.log Command line argument:             --add-opens=java.rmi/sun.rmi.transport=ALL-UNNAMED
29-Oct-2024 14:26:01.014 INFO [main] org.apache.catalina.startup.VersionLoggerListener.log Command line argument:             -Dcatalina.home=C:\..\ValleGrande\IntelliJ\apache-tomcat-9.0.93
29-Oct-2024 14:26:01.015 INFO [main] org.apache.catalina.startup.VersionLoggerListener.log Command line argument:             -Dcatalina.base=C:\Proyecto-3s\T03_BodegaLaEsquinita_P
29-Oct-2024 14:26:01.016 INFO [main] org.apache.catalina.startup.VersionLoggerListener.log Command line argument:             -Djava.io.tmpdir=C:\Proyecto-3s\T03_BodegaLaEsquinita_P\temp
29-Oct-2024 14:26:01.016 INFO [main] org.apache.catalina.startup.VersionLoggerListener.log Command line argument:             -Djava.util.logging.config.file=C:\Proyecto-3s\T03_BodegaLaEsquinita_P\conf\logging.properties
29-Oct-2024 14:26:01.016 INFO [main] org.apache.catalina.startup.VersionLoggerListener.log Command line argument:             -Djava.util.logging.manager=org.apache.juli.ClassLoaderLogManager
29-Oct-2024 14:26:01.017 INFO [main] org.apache.catalina.startup.VersionLoggerListener.log Command line argument:             -javaagent:C:\Program Files\JetBrains\IntelliJ IDEA 2024.2.1\lib\idea_rt.jar=63418:C:\Program Files\JetBrains\IntelliJ IDEA 2024.2.1\bin
29-Oct-2024 14:26:01.018 INFO [main] org.apache.catalina.startup.VersionLoggerListener.log Command line argument:             -Dfile.encoding=UTF-8
29-Oct-2024 14:26:01.397 INFO [main] org.apache.catalina.core.AprLifecycleListener.lifecycleEvent Cargada la biblioteca nativa APR de Apache Tomcat [1.3.1] con la versión APR [1.7.4].
29-Oct-2024 14:26:01.398 INFO [main] org.apache.catalina.core.AprLifecycleListener.lifecycleEvent Capacidades APR: IPv6 [true], enviar fichero [true], aceptar filtros [false], aleatorio [true], UDS [true].
29-Oct-2024 14:26:01.400 INFO [main] org.apache.catalina.core.AprLifecycleListener.lifecycleEvent APR/OpenSSL configuration: useAprConnector [false], useOpenSSL [true]
29-Oct-2024 14:26:01.608 INFO [main] org.apache.catalina.core.AprLifecycleListener.initializeSSL OpenSSL inicializado correctamente [OpenSSL 3.0.14 4 Jun 2024]
29-Oct-2024 14:26:06.079 INFO [main] org.apache.coyote.AbstractProtocol.init Inicializando el manejador de protocolo ["http-nio-8080"]

29-Oct-2024 14:26:06.880 INFO [main] org.apache.catalina.startup.Catalina.load Server initialization in [8475] milliseconds
29-Oct-2024 14:26:07.706 INFO [main] org.apache.catalina.core.StandardService.startInternal Arrancando servicio [Catalina]
29-Oct-2024 14:26:07.708 INFO [main] org.apache.catalina.core.StandardEngine.startInternal Starting Servlet engine: [Apache Tomcat/9.0.93]
29-Oct-2024 14:26:07.832 INFO [main] org.apache.catalina.startup.HostConfig.deployDescriptor Desplieque del descriptor de configuración [C:\Proyecto-3s\T03_BodegaLaEsquinita_P\conf\Catalina\localhost\T03_BodegaLaEsquinita_P.xml]
29-Oct-2024 14:26:13.358 INFO [main] org.apache.jasper.servlet.TldScanner.scanJars Al menos un JAR, que se ha explorado buscando TLDs, aún no contenía TLDs. Activar historial de depuración para este historiador para una completa lista de los JARs que fueron explorados y de los que nos se halló TLDs. Saltarse JARs no necesarios durante la exploración puede dar lugar a una mejora de tiempo significativa en el arranque y compilación de JSP .
29-Oct-2024 14:26:14.095 WARNING [main] org.apache.catalina.util.SessionIdGeneratorBase.createSecureRandom Creation of SecureRandom instance for session ID generation using [SHA1PRNG] took [421] milliseconds.
29-Oct-2024 14:26:14.765 INFO [main] org.apache.catalina.startup.HostConfig.deployDescriptor Deployment of deployment descriptor [C:\Proyecto-3s\T03_BodegaLaEsquinita_P\conf\Catalina\localhost\T03_BodegaLaEsquinita_P.xml] has finished in [6.934] ms
29-Oct-2024 14:26:14.810 INFO [main] org.apache.coyote.AbstractProtocol.start Starting ProtocolHandler ["http-nio-8080"]
29-Oct-2024 14:26:15.347 INFO [main] org.apache.catalina.startup.Catalina.start Server startup in [8466] milliseconds
29-Oct-2024 14:58:00.651 INFO [Thread-1] org.apache.coyote.AbstractProtocol.pause Pausing ProtocolHandler ["http-nio-8080"]
29-Oct-2024 14:58:01.283 INFO [Thread-1] org.apache.catalina.core.StandardService.stopInternal Parando servicio [Catalina]
29-Oct-2024 14:58:01.807 WARNING [Thread-1] org.apache.catalina.loader.WebappClassLoaderBase.clearReferencesJdbc La aplicación web [T03_BodegaLaEsquinita_P] registró el conductor JDBC [com.microsoft.sqlserver.jdbc.SQLServerDriver] pero falló al anular el registro mientras la aplicación web estaba parada. Para prevenir un fallo de memoria, se ha anulado el registro del conductor JDBC por la fuerza.
29-Oct-2024 14:58:02.058 INFO [Thread-1] org.apache.coyote.AbstractProtocol.stop Stopping ProtocolHandler ["http-nio-8080"]
29-Oct-2024 14:58:02.118 INFO [Thread-1] org.apache.coyote.AbstractProtocol.destroy Destroying ProtocolHandler ["http-nio-8080"]
29-Oct-2024 14:59:23.498 INFO [main] org.apache.catalina.startup.VersionLoggerListener.log Nombre de la versión del servidor: Apache Tomcat/9.0.93
29-Oct-2024 14:59:23.510 INFO [main] org.apache.catalina.startup.VersionLoggerListener.log Server built:                      Aug 2 2024 21:24:59 UTC
29-Oct-2024 14:59:23.511 INFO [main] org.apache.catalina.startup.VersionLoggerListener.log Número de versión de servidor:     9.0.93.0
29-Oct-2024 14:59:23.511 INFO [main] org.apache.catalina.startup.VersionLoggerListener.log OS Name:                           Windows 11
29-Oct-2024 14:59:23.512 INFO [main] org.apache.catalina.startup.VersionLoggerListener.log Versión de Systema Operativo:      10.0
29-Oct-2024 14:59:23.512 INFO [main] org.apache.catalina.startup.VersionLoggerListener.log Arquitectura:                      amd64
29-Oct-2024 14:59:23.512 INFO [main] org.apache.catalina.startup.VersionLoggerListener.log Java Home:                         C:\Program Files\Java\jdk-17
29-Oct-2024 14:59:23.513 INFO [main] org.apache.catalina.startup.VersionLoggerListener.log JVM Version:                       17.0.10+11-LTS-240
29-Oct-2024 14:59:23.513 INFO [main] org.apache.catalina.startup.VersionLoggerListener.log Vededor JVM:                       Oracle Corporation
29-Oct-2024 14:59:23.514 INFO [main] org.apache.catalina.startup.VersionLoggerListener.log CATALINA_BASE:                     C:\Proyecto-3s\T03_BodegaLaEsquinita_P
29-Oct-2024 14:59:23.514 INFO [main] org.apache.catalina.startup.VersionLoggerListener.log CATALINA_HOME:                     C:\ValleGrande\IntelliJ\apache-tomcat-9.0.93
29-Oct-2024 14:59:23.551 INFO [main] org.apache.catalina.startup.VersionLoggerListener.log Command line argument:             --add-opens=java.base/java.lang=ALL-UNNAMED
29-Oct-2024 14:59:23.552 INFO [main] org.apache.catalina.startup.VersionLoggerListener.log Command line argument:             --add-opens=java.base/java.io=ALL-UNNAMED
29-Oct-2024 14:59:23.552 INFO [main] org.apache.catalina.startup.VersionLoggerListener.log Command line argument:             --add-opens=java.base/java.util=ALL-UNNAMED
29-Oct-2024 14:59:23.552 INFO [main] org.apache.catalina.startup.VersionLoggerListener.log Command line argument:             --add-opens=java.base/java.util.concurrent=ALL-UNNAMED
29-Oct-2024 14:59:23.553 INFO [main] org.apache.catalina.startup.VersionLoggerListener.log Command line argument:             --add-opens=java.rmi/sun.rmi.transport=ALL-UNNAMED
29-Oct-2024 14:59:23.553 INFO [main] org.apache.catalina.startup.VersionLoggerListener.log Command line argument:             -Dcatalina.home=C:\..\ValleGrande\IntelliJ\apache-tomcat-9.0.93
29-Oct-2024 14:59:23.554 INFO [main] org.apache.catalina.startup.VersionLoggerListener.log Command line argument:             -Dcatalina.base=C:\Proyecto-3s\T03_BodegaLaEsquinita_P
29-Oct-2024 14:59:23.554 INFO [main] org.apache.catalina.startup.VersionLoggerListener.log Command line argument:             -Djava.io.tmpdir=C:\Proyecto-3s\T03_BodegaLaEsquinita_P\temp
29-Oct-2024 14:59:23.554 INFO [main] org.apache.catalina.startup.VersionLoggerListener.log Command line argument:             -Djava.util.logging.config.file=C:\Proyecto-3s\T03_BodegaLaEsquinita_P\conf\logging.properties
29-Oct-2024 14:59:23.554 INFO [main] org.apache.catalina.startup.VersionLoggerListener.log Command line argument:             -Djava.util.logging.manager=org.apache.juli.ClassLoaderLogManager
29-Oct-2024 14:59:23.554 INFO [main] org.apache.catalina.startup.VersionLoggerListener.log Command line argument:             -javaagent:C:\Program Files\JetBrains\IntelliJ IDEA 2024.2.1\lib\idea_rt.jar=56069:C:\Program Files\JetBrains\IntelliJ IDEA 2024.2.1\bin
29-Oct-2024 14:59:23.555 INFO [main] org.apache.catalina.startup.VersionLoggerListener.log Command line argument:             -Dfile.encoding=UTF-8
29-Oct-2024 14:59:23.571 INFO [main] org.apache.catalina.core.AprLifecycleListener.lifecycleEvent Cargada la biblioteca nativa APR de Apache Tomcat [1.3.1] con la versión APR [1.7.4].
29-Oct-2024 14:59:23.572 INFO [main] org.apache.catalina.core.AprLifecycleListener.lifecycleEvent Capacidades APR: IPv6 [true], enviar fichero [true], aceptar filtros [false], aleatorio [true], UDS [true].
29-Oct-2024 14:59:23.572 INFO [main] org.apache.catalina.core.AprLifecycleListener.lifecycleEvent APR/OpenSSL configuration: useAprConnector [false], useOpenSSL [true]
29-Oct-2024 14:59:23.618 INFO [main] org.apache.catalina.core.AprLifecycleListener.initializeSSL OpenSSL inicializado correctamente [OpenSSL 3.0.14 4 Jun 2024]
29-Oct-2024 14:59:24.539 INFO [main] org.apache.coyote.AbstractProtocol.init Inicializando el manejador de protocolo ["http-nio-8080"]

29-Oct-2024 14:59:24.589 INFO [main] org.apache.catalina.startup.Catalina.load Server initialization in [1813] milliseconds
29-Oct-2024 14:59:24.738 INFO [main] org.apache.catalina.core.StandardService.startInternal Arrancando servicio [Catalina]
29-Oct-2024 14:59:24.739 INFO [main] org.apache.catalina.core.StandardEngine.startInternal Starting Servlet engine: [Apache Tomcat/9.0.93]
29-Oct-2024 14:59:24.775 INFO [main] org.apache.catalina.startup.HostConfig.deployDescriptor Desplieque del descriptor de configuración [C:\Proyecto-3s\T03_BodegaLaEsquinita_P\conf\Catalina\localhost\T03_BodegaLaEsquinita_P.xml]
29-Oct-2024 14:59:27.753 INFO [main] org.apache.jasper.servlet.TldScanner.scanJars Al menos un JAR, que se ha explorado buscando TLDs, aún no contenía TLDs. Activar historial de depuración para este historiador para una completa lista de los JARs que fueron explorados y de los que nos se halló TLDs. Saltarse JARs no necesarios durante la exploración puede dar lugar a una mejora de tiempo significativa en el arranque y compilación de JSP .
29-Oct-2024 14:59:28.060 WARNING [main] org.apache.catalina.util.SessionIdGeneratorBase.createSecureRandom Creation of SecureRandom instance for session ID generation using [SHA1PRNG] took [131] milliseconds.
29-Oct-2024 14:59:28.144 INFO [main] org.apache.catalina.startup.HostConfig.deployDescriptor Deployment of deployment descriptor [C:\Proyecto-3s\T03_BodegaLaEsquinita_P\conf\Catalina\localhost\T03_BodegaLaEsquinita_P.xml] has finished in [3.369] ms
29-Oct-2024 14:59:28.161 INFO [main] org.apache.coyote.AbstractProtocol.start Starting ProtocolHandler ["http-nio-8080"]
29-Oct-2024 14:59:28.292 INFO [main] org.apache.catalina.startup.Catalina.start Server startup in [3701] milliseconds
29-Oct-2024 15:03:19.700 INFO [Thread-1] org.apache.coyote.AbstractProtocol.pause Pausing ProtocolHandler ["http-nio-8080"]
29-Oct-2024 15:03:20.075 INFO [Thread-1] org.apache.catalina.core.StandardService.stopInternal Parando servicio [Catalina]
29-Oct-2024 15:03:20.442 WARNING [Thread-1] org.apache.catalina.loader.WebappClassLoaderBase.clearReferencesJdbc La aplicación web [T03_BodegaLaEsquinita_P] registró el conductor JDBC [com.microsoft.sqlserver.jdbc.SQLServerDriver] pero falló al anular el registro mientras la aplicación web estaba parada. Para prevenir un fallo de memoria, se ha anulado el registro del conductor JDBC por la fuerza.
29-Oct-2024 15:03:20.587 INFO [Thread-1] org.apache.coyote.AbstractProtocol.stop Stopping ProtocolHandler ["http-nio-8080"]
29-Oct-2024 15:03:20.627 INFO [Thread-1] org.apache.coyote.AbstractProtocol.destroy Destroying ProtocolHandler ["http-nio-8080"]
29-Oct-2024 15:10:41.537 INFO [main] org.apache.catalina.startup.VersionLoggerListener.log Nombre de la versión del servidor: Apache Tomcat/9.0.93
29-Oct-2024 15:10:41.546 INFO [main] org.apache.catalina.startup.VersionLoggerListener.log Server built:                      Aug 2 2024 21:24:59 UTC
29-Oct-2024 15:10:41.547 INFO [main] org.apache.catalina.startup.VersionLoggerListener.log Número de versión de servidor:     9.0.93.0
29-Oct-2024 15:10:41.547 INFO [main] org.apache.catalina.startup.VersionLoggerListener.log OS Name:                           Windows 11
29-Oct-2024 15:10:41.548 INFO [main] org.apache.catalina.startup.VersionLoggerListener.log Versión de Systema Operativo:      10.0
29-Oct-2024 15:10:41.548 INFO [main] org.apache.catalina.startup.VersionLoggerListener.log Arquitectura:                      amd64
29-Oct-2024 15:10:41.548 INFO [main] org.apache.catalina.startup.VersionLoggerListener.log Java Home:                         C:\Program Files\Java\jdk-17
29-Oct-2024 15:10:41.549 INFO [main] org.apache.catalina.startup.VersionLoggerListener.log JVM Version:                       17.0.10+11-LTS-240
29-Oct-2024 15:10:41.549 INFO [main] org.apache.catalina.startup.VersionLoggerListener.log Vededor JVM:                       Oracle Corporation
29-Oct-2024 15:10:41.549 INFO [main] org.apache.catalina.startup.VersionLoggerListener.log CATALINA_BASE:                     C:\Proyecto-3s\T03_BodegaLaEsquinita_P
29-Oct-2024 15:10:41.549 INFO [main] org.apache.catalina.startup.VersionLoggerListener.log CATALINA_HOME:                     C:\ValleGrande\IntelliJ\apache-tomcat-9.0.93
29-Oct-2024 15:10:41.573 INFO [main] org.apache.catalina.startup.VersionLoggerListener.log Command line argument:             --add-opens=java.base/java.lang=ALL-UNNAMED
29-Oct-2024 15:10:41.573 INFO [main] org.apache.catalina.startup.VersionLoggerListener.log Command line argument:             --add-opens=java.base/java.io=ALL-UNNAMED
29-Oct-2024 15:10:41.573 INFO [main] org.apache.catalina.startup.VersionLoggerListener.log Command line argument:             --add-opens=java.base/java.util=ALL-UNNAMED
29-Oct-2024 15:10:41.574 INFO [main] org.apache.catalina.startup.VersionLoggerListener.log Command line argument:             --add-opens=java.base/java.util.concurrent=ALL-UNNAMED
29-Oct-2024 15:10:41.574 INFO [main] org.apache.catalina.startup.VersionLoggerListener.log Command line argument:             --add-opens=java.rmi/sun.rmi.transport=ALL-UNNAMED
29-Oct-2024 15:10:41.574 INFO [main] org.apache.catalina.startup.VersionLoggerListener.log Command line argument:             -Dcatalina.home=C:\..\ValleGrande\IntelliJ\apache-tomcat-9.0.93
29-Oct-2024 15:10:41.574 INFO [main] org.apache.catalina.startup.VersionLoggerListener.log Command line argument:             -Dcatalina.base=C:\Proyecto-3s\T03_BodegaLaEsquinita_P
29-Oct-2024 15:10:41.575 INFO [main] org.apache.catalina.startup.VersionLoggerListener.log Command line argument:             -Djava.io.tmpdir=C:\Proyecto-3s\T03_BodegaLaEsquinita_P\temp
29-Oct-2024 15:10:41.575 INFO [main] org.apache.catalina.startup.VersionLoggerListener.log Command line argument:             -Djava.util.logging.config.file=C:\Proyecto-3s\T03_BodegaLaEsquinita_P\conf\logging.properties
29-Oct-2024 15:10:41.575 INFO [main] org.apache.catalina.startup.VersionLoggerListener.log Command line argument:             -Djava.util.logging.manager=org.apache.juli.ClassLoaderLogManager
29-Oct-2024 15:10:41.575 INFO [main] org.apache.catalina.startup.VersionLoggerListener.log Command line argument:             -javaagent:C:\Program Files\JetBrains\IntelliJ IDEA 2024.2.1\lib\idea_rt.jar=57824:C:\Program Files\JetBrains\IntelliJ IDEA 2024.2.1\bin
29-Oct-2024 15:10:41.575 INFO [main] org.apache.catalina.startup.VersionLoggerListener.log Command line argument:             -Dfile.encoding=UTF-8
29-Oct-2024 15:10:41.590 INFO [main] org.apache.catalina.core.AprLifecycleListener.lifecycleEvent Cargada la biblioteca nativa APR de Apache Tomcat [1.3.1] con la versión APR [1.7.4].
29-Oct-2024 15:10:41.592 INFO [main] org.apache.catalina.core.AprLifecycleListener.lifecycleEvent Capacidades APR: IPv6 [true], enviar fichero [true], aceptar filtros [false], aleatorio [true], UDS [true].
29-Oct-2024 15:10:41.592 INFO [main] org.apache.catalina.core.AprLifecycleListener.lifecycleEvent APR/OpenSSL configuration: useAprConnector [false], useOpenSSL [true]
29-Oct-2024 15:10:41.653 INFO [main] org.apache.catalina.core.AprLifecycleListener.initializeSSL OpenSSL inicializado correctamente [OpenSSL 3.0.14 4 Jun 2024]
29-Oct-2024 15:10:42.347 INFO [main] org.apache.coyote.AbstractProtocol.init Inicializando el manejador de protocolo ["http-nio-8080"]

29-Oct-2024 15:10:42.389 INFO [main] org.apache.catalina.startup.Catalina.load Server initialization in [1445] milliseconds
29-Oct-2024 15:10:42.489 INFO [main] org.apache.catalina.core.StandardService.startInternal Arrancando servicio [Catalina]
29-Oct-2024 15:10:42.490 INFO [main] org.apache.catalina.core.StandardEngine.startInternal Starting Servlet engine: [Apache Tomcat/9.0.93]
29-Oct-2024 15:10:42.508 INFO [main] org.apache.catalina.startup.HostConfig.deployDescriptor Desplieque del descriptor de configuración [C:\Proyecto-3s\T03_BodegaLaEsquinita_P\conf\Catalina\localhost\T03_BodegaLaEsquinita_P.xml]
29-Oct-2024 15:10:44.111 INFO [main] org.apache.jasper.servlet.TldScanner.scanJars Al menos un JAR, que se ha explorado buscando TLDs, aún no contenía TLDs. Activar historial de depuración para este historiador para una completa lista de los JARs que fueron explorados y de los que nos se halló TLDs. Saltarse JARs no necesarios durante la exploración puede dar lugar a una mejora de tiempo significativa en el arranque y compilación de JSP .
29-Oct-2024 15:10:44.347 INFO [main] org.apache.catalina.startup.HostConfig.deployDescriptor Deployment of deployment descriptor [C:\Proyecto-3s\T03_BodegaLaEsquinita_P\conf\Catalina\localhost\T03_BodegaLaEsquinita_P.xml] has finished in [1.835] ms
29-Oct-2024 15:10:44.360 INFO [main] org.apache.coyote.AbstractProtocol.start Starting ProtocolHandler ["http-nio-8080"]
29-Oct-2024 15:10:44.478 INFO [main] org.apache.catalina.startup.Catalina.start Server startup in [2087] milliseconds
29-Oct-2024 15:32:10.395 INFO [Thread-1] org.apache.coyote.AbstractProtocol.pause Pausing ProtocolHandler ["http-nio-8080"]
29-Oct-2024 15:32:10.744 INFO [Thread-1] org.apache.catalina.core.StandardService.stopInternal Parando servicio [Catalina]
29-Oct-2024 15:32:10.996 WARNING [Thread-1] org.apache.catalina.loader.WebappClassLoaderBase.clearReferencesJdbc La aplicación web [T03_BodegaLaEsquinita_P] registró el conductor JDBC [com.microsoft.sqlserver.jdbc.SQLServerDriver] pero falló al anular el registro mientras la aplicación web estaba parada. Para prevenir un fallo de memoria, se ha anulado el registro del conductor JDBC por la fuerza.
29-Oct-2024 15:32:11.089 INFO [Thread-1] org.apache.coyote.AbstractProtocol.stop Stopping ProtocolHandler ["http-nio-8080"]
29-Oct-2024 15:32:11.124 INFO [Thread-1] org.apache.coyote.AbstractProtocol.destroy Destroying ProtocolHandler ["http-nio-8080"]
29-Oct-2024 15:32:30.726 INFO [main] org.apache.catalina.startup.VersionLoggerListener.log Nombre de la versión del servidor: Apache Tomcat/9.0.93
29-Oct-2024 15:32:30.736 INFO [main] org.apache.catalina.startup.VersionLoggerListener.log Server built:                      Aug 2 2024 21:24:59 UTC
29-Oct-2024 15:32:30.736 INFO [main] org.apache.catalina.startup.VersionLoggerListener.log Número de versión de servidor:     9.0.93.0
29-Oct-2024 15:32:30.736 INFO [main] org.apache.catalina.startup.VersionLoggerListener.log OS Name:                           Windows 11
29-Oct-2024 15:32:30.737 INFO [main] org.apache.catalina.startup.VersionLoggerListener.log Versión de Systema Operativo:      10.0
29-Oct-2024 15:32:30.737 INFO [main] org.apache.catalina.startup.VersionLoggerListener.log Arquitectura:                      amd64
29-Oct-2024 15:32:30.737 INFO [main] org.apache.catalina.startup.VersionLoggerListener.log Java Home:                         C:\Program Files\Java\jdk-17
29-Oct-2024 15:32:30.737 INFO [main] org.apache.catalina.startup.VersionLoggerListener.log JVM Version:                       17.0.10+11-LTS-240
29-Oct-2024 15:32:30.737 INFO [main] org.apache.catalina.startup.VersionLoggerListener.log Vededor JVM:                       Oracle Corporation
29-Oct-2024 15:32:30.737 INFO [main] org.apache.catalina.startup.VersionLoggerListener.log CATALINA_BASE:                     C:\Proyecto-3s\T03_BodegaLaEsquinita_P
29-Oct-2024 15:32:30.737 INFO [main] org.apache.catalina.startup.VersionLoggerListener.log CATALINA_HOME:                     C:\ValleGrande\IntelliJ\apache-tomcat-9.0.93
29-Oct-2024 15:32:30.760 INFO [main] org.apache.catalina.startup.VersionLoggerListener.log Command line argument:             --add-opens=java.base/java.lang=ALL-UNNAMED
29-Oct-2024 15:32:30.761 INFO [main] org.apache.catalina.startup.VersionLoggerListener.log Command line argument:             --add-opens=java.base/java.io=ALL-UNNAMED
29-Oct-2024 15:32:30.761 INFO [main] org.apache.catalina.startup.VersionLoggerListener.log Command line argument:             --add-opens=java.base/java.util=ALL-UNNAMED
29-Oct-2024 15:32:30.761 INFO [main] org.apache.catalina.startup.VersionLoggerListener.log Command line argument:             --add-opens=java.base/java.util.concurrent=ALL-UNNAMED
29-Oct-2024 15:32:30.761 INFO [main] org.apache.catalina.startup.VersionLoggerListener.log Command line argument:             --add-opens=java.rmi/sun.rmi.transport=ALL-UNNAMED
29-Oct-2024 15:32:30.761 INFO [main] org.apache.catalina.startup.VersionLoggerListener.log Command line argument:             -Dcatalina.home=C:\..\ValleGrande\IntelliJ\apache-tomcat-9.0.93
29-Oct-2024 15:32:30.762 INFO [main] org.apache.catalina.startup.VersionLoggerListener.log Command line argument:             -Dcatalina.base=C:\Proyecto-3s\T03_BodegaLaEsquinita_P
29-Oct-2024 15:32:30.762 INFO [main] org.apache.catalina.startup.VersionLoggerListener.log Command line argument:             -Djava.io.tmpdir=C:\Proyecto-3s\T03_BodegaLaEsquinita_P\temp
29-Oct-2024 15:32:30.762 INFO [main] org.apache.catalina.startup.VersionLoggerListener.log Command line argument:             -Djava.util.logging.config.file=C:\Proyecto-3s\T03_BodegaLaEsquinita_P\conf\logging.properties
29-Oct-2024 15:32:30.762 INFO [main] org.apache.catalina.startup.VersionLoggerListener.log Command line argument:             -Djava.util.logging.manager=org.apache.juli.ClassLoaderLogManager
29-Oct-2024 15:32:30.762 INFO [main] org.apache.catalina.startup.VersionLoggerListener.log Command line argument:             -javaagent:C:\Program Files\JetBrains\IntelliJ IDEA 2024.2.1\lib\idea_rt.jar=58238:C:\Program Files\JetBrains\IntelliJ IDEA 2024.2.1\bin
29-Oct-2024 15:32:30.762 INFO [main] org.apache.catalina.startup.VersionLoggerListener.log Command line argument:             -Dfile.encoding=UTF-8
29-Oct-2024 15:32:30.776 INFO [main] org.apache.catalina.core.AprLifecycleListener.lifecycleEvent Cargada la biblioteca nativa APR de Apache Tomcat [1.3.1] con la versión APR [1.7.4].
29-Oct-2024 15:32:30.777 INFO [main] org.apache.catalina.core.AprLifecycleListener.lifecycleEvent Capacidades APR: IPv6 [true], enviar fichero [true], aceptar filtros [false], aleatorio [true], UDS [true].
29-Oct-2024 15:32:30.777 INFO [main] org.apache.catalina.core.AprLifecycleListener.lifecycleEvent APR/OpenSSL configuration: useAprConnector [false], useOpenSSL [true]
29-Oct-2024 15:32:30.807 INFO [main] org.apache.catalina.core.AprLifecycleListener.initializeSSL OpenSSL inicializado correctamente [OpenSSL 3.0.14 4 Jun 2024]
29-Oct-2024 15:32:31.590 INFO [main] org.apache.coyote.AbstractProtocol.init Inicializando el manejador de protocolo ["http-nio-8080"]

29-Oct-2024 15:32:31.641 INFO [main] org.apache.catalina.startup.Catalina.load Server initialization in [1587] milliseconds
29-Oct-2024 15:32:31.778 INFO [main] org.apache.catalina.core.StandardService.startInternal Arrancando servicio [Catalina]
29-Oct-2024 15:32:31.778 INFO [main] org.apache.catalina.core.StandardEngine.startInternal Starting Servlet engine: [Apache Tomcat/9.0.93]
29-Oct-2024 15:32:31.805 INFO [main] org.apache.catalina.startup.HostConfig.deployDescriptor Desplieque del descriptor de configuración [C:\Proyecto-3s\T03_BodegaLaEsquinita_P\conf\Catalina\localhost\T03_BodegaLaEsquinita_P.xml]
29-Oct-2024 15:32:37.612 INFO [main] org.apache.jasper.servlet.TldScanner.scanJars Al menos un JAR, que se ha explorado buscando TLDs, aún no contenía TLDs. Activar historial de depuración para este historiador para una completa lista de los JARs que fueron explorados y de los que nos se halló TLDs. Saltarse JARs no necesarios durante la exploración puede dar lugar a una mejora de tiempo significativa en el arranque y compilación de JSP .
29-Oct-2024 15:32:37.875 INFO [main] org.apache.catalina.startup.HostConfig.deployDescriptor Deployment of deployment descriptor [C:\Proyecto-3s\T03_BodegaLaEsquinita_P\conf\Catalina\localhost\T03_BodegaLaEsquinita_P.xml] has finished in [6.063] ms
29-Oct-2024 15:32:37.890 INFO [main] org.apache.coyote.AbstractProtocol.start Starting ProtocolHandler ["http-nio-8080"]
29-Oct-2024 15:32:37.983 INFO [main] org.apache.catalina.startup.Catalina.start Server startup in [6341] milliseconds
29-Oct-2024 15:38:52.482 INFO [Thread-1] org.apache.coyote.AbstractProtocol.pause Pausing ProtocolHandler ["http-nio-8080"]
29-Oct-2024 15:38:52.839 INFO [Thread-1] org.apache.catalina.core.StandardService.stopInternal Parando servicio [Catalina]
29-Oct-2024 15:38:53.029 WARNING [Thread-1] org.apache.catalina.loader.WebappClassLoaderBase.clearReferencesJdbc La aplicación web [T03_BodegaLaEsquinita_P] registró el conductor JDBC [com.microsoft.sqlserver.jdbc.SQLServerDriver] pero falló al anular el registro mientras la aplicación web estaba parada. Para prevenir un fallo de memoria, se ha anulado el registro del conductor JDBC por la fuerza.
29-Oct-2024 15:38:53.111 INFO [Thread-1] org.apache.coyote.AbstractProtocol.stop Stopping ProtocolHandler ["http-nio-8080"]
29-Oct-2024 15:38:53.136 INFO [Thread-1] org.apache.coyote.AbstractProtocol.destroy Destroying ProtocolHandler ["http-nio-8080"]
29-Oct-2024 15:39:06.342 INFO [main] org.apache.catalina.startup.VersionLoggerListener.log Nombre de la versión del servidor: Apache Tomcat/9.0.93
29-Oct-2024 15:39:06.347 INFO [main] org.apache.catalina.startup.VersionLoggerListener.log Server built:                      Aug 2 2024 21:24:59 UTC
29-Oct-2024 15:39:06.349 INFO [main] org.apache.catalina.startup.VersionLoggerListener.log Número de versión de servidor:     9.0.93.0
29-Oct-2024 15:39:06.350 INFO [main] org.apache.catalina.startup.VersionLoggerListener.log OS Name:                           Windows 11
29-Oct-2024 15:39:06.350 INFO [main] org.apache.catalina.startup.VersionLoggerListener.log Versión de Systema Operativo:      10.0
29-Oct-2024 15:39:06.351 INFO [main] org.apache.catalina.startup.VersionLoggerListener.log Arquitectura:                      amd64
29-Oct-2024 15:39:06.351 INFO [main] org.apache.catalina.startup.VersionLoggerListener.log Java Home:                         C:\Program Files\Java\jdk-17
29-Oct-2024 15:39:06.351 INFO [main] org.apache.catalina.startup.VersionLoggerListener.log JVM Version:                       17.0.10+11-LTS-240
29-Oct-2024 15:39:06.351 INFO [main] org.apache.catalina.startup.VersionLoggerListener.log Vededor JVM:                       Oracle Corporation
29-Oct-2024 15:39:06.352 INFO [main] org.apache.catalina.startup.VersionLoggerListener.log CATALINA_BASE:                     C:\Proyecto-3s\T03_BodegaLaEsquinita_P
29-Oct-2024 15:39:06.352 INFO [main] org.apache.catalina.startup.VersionLoggerListener.log CATALINA_HOME:                     C:\ValleGrande\IntelliJ\apache-tomcat-9.0.93
29-Oct-2024 15:39:06.370 INFO [main] org.apache.catalina.startup.VersionLoggerListener.log Command line argument:             --add-opens=java.base/java.lang=ALL-UNNAMED
29-Oct-2024 15:39:06.370 INFO [main] org.apache.catalina.startup.VersionLoggerListener.log Command line argument:             --add-opens=java.base/java.io=ALL-UNNAMED
29-Oct-2024 15:39:06.370 INFO [main] org.apache.catalina.startup.VersionLoggerListener.log Command line argument:             --add-opens=java.base/java.util=ALL-UNNAMED
29-Oct-2024 15:39:06.371 INFO [main] org.apache.catalina.startup.VersionLoggerListener.log Command line argument:             --add-opens=java.base/java.util.concurrent=ALL-UNNAMED
29-Oct-2024 15:39:06.371 INFO [main] org.apache.catalina.startup.VersionLoggerListener.log Command line argument:             --add-opens=java.rmi/sun.rmi.transport=ALL-UNNAMED
29-Oct-2024 15:39:06.371 INFO [main] org.apache.catalina.startup.VersionLoggerListener.log Command line argument:             -Dcatalina.home=C:\..\ValleGrande\IntelliJ\apache-tomcat-9.0.93
29-Oct-2024 15:39:06.371 INFO [main] org.apache.catalina.startup.VersionLoggerListener.log Command line argument:             -Dcatalina.base=C:\Proyecto-3s\T03_BodegaLaEsquinita_P
29-Oct-2024 15:39:06.371 INFO [main] org.apache.catalina.startup.VersionLoggerListener.log Command line argument:             -Djava.io.tmpdir=C:\Proyecto-3s\T03_BodegaLaEsquinita_P\temp
29-Oct-2024 15:39:06.371 INFO [main] org.apache.catalina.startup.VersionLoggerListener.log Command line argument:             -Djava.util.logging.config.file=C:\Proyecto-3s\T03_BodegaLaEsquinita_P\conf\logging.properties
29-Oct-2024 15:39:06.371 INFO [main] org.apache.catalina.startup.VersionLoggerListener.log Command line argument:             -Djava.util.logging.manager=org.apache.juli.ClassLoaderLogManager
29-Oct-2024 15:39:06.371 INFO [main] org.apache.catalina.startup.VersionLoggerListener.log Command line argument:             -javaagent:C:\Program Files\JetBrains\IntelliJ IDEA 2024.2.1\lib\idea_rt.jar=58329:C:\Program Files\JetBrains\IntelliJ IDEA 2024.2.1\bin
29-Oct-2024 15:39:06.371 INFO [main] org.apache.catalina.startup.VersionLoggerListener.log Command line argument:             -Dfile.encoding=UTF-8
29-Oct-2024 15:39:06.381 INFO [main] org.apache.catalina.core.AprLifecycleListener.lifecycleEvent Cargada la biblioteca nativa APR de Apache Tomcat [1.3.1] con la versión APR [1.7.4].
29-Oct-2024 15:39:06.383 INFO [main] org.apache.catalina.core.AprLifecycleListener.lifecycleEvent Capacidades APR: IPv6 [true], enviar fichero [true], aceptar filtros [false], aleatorio [true], UDS [true].
29-Oct-2024 15:39:06.383 INFO [main] org.apache.catalina.core.AprLifecycleListener.lifecycleEvent APR/OpenSSL configuration: useAprConnector [false], useOpenSSL [true]
29-Oct-2024 15:39:06.416 INFO [main] org.apache.catalina.core.AprLifecycleListener.initializeSSL OpenSSL inicializado correctamente [OpenSSL 3.0.14 4 Jun 2024]
29-Oct-2024 15:39:07.025 INFO [main] org.apache.coyote.AbstractProtocol.init Inicializando el manejador de protocolo ["http-nio-8080"]

29-Oct-2024 15:39:07.063 INFO [main] org.apache.catalina.startup.Catalina.load Server initialization in [1246] milliseconds
29-Oct-2024 15:39:07.180 INFO [main] org.apache.catalina.core.StandardService.startInternal Arrancando servicio [Catalina]
29-Oct-2024 15:39:07.181 INFO [main] org.apache.catalina.core.StandardEngine.startInternal Starting Servlet engine: [Apache Tomcat/9.0.93]
29-Oct-2024 15:39:07.203 INFO [main] org.apache.catalina.startup.HostConfig.deployDescriptor Desplieque del descriptor de configuración [C:\Proyecto-3s\T03_BodegaLaEsquinita_P\conf\Catalina\localhost\T03_BodegaLaEsquinita_P.xml]
29-Oct-2024 15:39:09.991 INFO [main] org.apache.jasper.servlet.TldScanner.scanJars Al menos un JAR, que se ha explorado buscando TLDs, aún no contenía TLDs. Activar historial de depuración para este historiador para una completa lista de los JARs que fueron explorados y de los que nos se halló TLDs. Saltarse JARs no necesarios durante la exploración puede dar lugar a una mejora de tiempo significativa en el arranque y compilación de JSP .
29-Oct-2024 15:39:10.219 INFO [main] org.apache.catalina.startup.HostConfig.deployDescriptor Deployment of deployment descriptor [C:\Proyecto-3s\T03_BodegaLaEsquinita_P\conf\Catalina\localhost\T03_BodegaLaEsquinita_P.xml] has finished in [3.010] ms
29-Oct-2024 15:39:10.229 INFO [main] org.apache.coyote.AbstractProtocol.start Starting ProtocolHandler ["http-nio-8080"]
29-Oct-2024 15:39:10.315 INFO [main] org.apache.catalina.startup.Catalina.start Server startup in [3251] milliseconds
29-Oct-2024 16:01:47.804 INFO [Thread-1] org.apache.coyote.AbstractProtocol.pause Pausing ProtocolHandler ["http-nio-8080"]
29-Oct-2024 16:01:48.190 INFO [Thread-1] org.apache.catalina.core.StandardService.stopInternal Parando servicio [Catalina]
29-Oct-2024 16:01:48.369 WARNING [Thread-1] org.apache.catalina.loader.WebappClassLoaderBase.clearReferencesJdbc La aplicación web [T03_BodegaLaEsquinita_P] registró el conductor JDBC [com.microsoft.sqlserver.jdbc.SQLServerDriver] pero falló al anular el registro mientras la aplicación web estaba parada. Para prevenir un fallo de memoria, se ha anulado el registro del conductor JDBC por la fuerza.
29-Oct-2024 16:01:48.421 INFO [Thread-1] org.apache.coyote.AbstractProtocol.stop Stopping ProtocolHandler ["http-nio-8080"]
29-Oct-2024 16:01:48.439 INFO [Thread-1] org.apache.coyote.AbstractProtocol.destroy Destroying ProtocolHandler ["http-nio-8080"]
29-Oct-2024 16:02:03.007 INFO [main] org.apache.catalina.startup.VersionLoggerListener.log Nombre de la versión del servidor: Apache Tomcat/9.0.93
29-Oct-2024 16:02:03.015 INFO [main] org.apache.catalina.startup.VersionLoggerListener.log Server built:                      Aug 2 2024 21:24:59 UTC
29-Oct-2024 16:02:03.016 INFO [main] org.apache.catalina.startup.VersionLoggerListener.log Número de versión de servidor:     9.0.93.0
29-Oct-2024 16:02:03.017 INFO [main] org.apache.catalina.startup.VersionLoggerListener.log OS Name:                           Windows 11
29-Oct-2024 16:02:03.017 INFO [main] org.apache.catalina.startup.VersionLoggerListener.log Versión de Systema Operativo:      10.0
29-Oct-2024 16:02:03.017 INFO [main] org.apache.catalina.startup.VersionLoggerListener.log Arquitectura:                      amd64
29-Oct-2024 16:02:03.017 INFO [main] org.apache.catalina.startup.VersionLoggerListener.log Java Home:                         C:\Program Files\Java\jdk-17
29-Oct-2024 16:02:03.018 INFO [main] org.apache.catalina.startup.VersionLoggerListener.log JVM Version:                       17.0.10+11-LTS-240
29-Oct-2024 16:02:03.018 INFO [main] org.apache.catalina.startup.VersionLoggerListener.log Vededor JVM:                       Oracle Corporation
29-Oct-2024 16:02:03.018 INFO [main] org.apache.catalina.startup.VersionLoggerListener.log CATALINA_BASE:                     C:\Proyecto-3s\T03_BodegaLaEsquinita_P
29-Oct-2024 16:02:03.019 INFO [main] org.apache.catalina.startup.VersionLoggerListener.log CATALINA_HOME:                     C:\ValleGrande\IntelliJ\apache-tomcat-9.0.93
29-Oct-2024 16:02:03.037 INFO [main] org.apache.catalina.startup.VersionLoggerListener.log Command line argument:             --add-opens=java.base/java.lang=ALL-UNNAMED
29-Oct-2024 16:02:03.037 INFO [main] org.apache.catalina.startup.VersionLoggerListener.log Command line argument:             --add-opens=java.base/java.io=ALL-UNNAMED
29-Oct-2024 16:02:03.038 INFO [main] org.apache.catalina.startup.VersionLoggerListener.log Command line argument:             --add-opens=java.base/java.util=ALL-UNNAMED
29-Oct-2024 16:02:03.038 INFO [main] org.apache.catalina.startup.VersionLoggerListener.log Command line argument:             --add-opens=java.base/java.util.concurrent=ALL-UNNAMED
29-Oct-2024 16:02:03.038 INFO [main] org.apache.catalina.startup.VersionLoggerListener.log Command line argument:             --add-opens=java.rmi/sun.rmi.transport=ALL-UNNAMED
29-Oct-2024 16:02:03.038 INFO [main] org.apache.catalina.startup.VersionLoggerListener.log Command line argument:             -Dcatalina.home=C:\..\ValleGrande\IntelliJ\apache-tomcat-9.0.93
29-Oct-2024 16:02:03.038 INFO [main] org.apache.catalina.startup.VersionLoggerListener.log Command line argument:             -Dcatalina.base=C:\Proyecto-3s\T03_BodegaLaEsquinita_P
29-Oct-2024 16:02:03.039 INFO [main] org.apache.catalina.startup.VersionLoggerListener.log Command line argument:             -Djava.io.tmpdir=C:\Proyecto-3s\T03_BodegaLaEsquinita_P\temp
29-Oct-2024 16:02:03.039 INFO [main] org.apache.catalina.startup.VersionLoggerListener.log Command line argument:             -Djava.util.logging.config.file=C:\Proyecto-3s\T03_BodegaLaEsquinita_P\conf\logging.properties
29-Oct-2024 16:02:03.039 INFO [main] org.apache.catalina.startup.VersionLoggerListener.log Command line argument:             -Djava.util.logging.manager=org.apache.juli.ClassLoaderLogManager
29-Oct-2024 16:02:03.039 INFO [main] org.apache.catalina.startup.VersionLoggerListener.log Command line argument:             -javaagent:C:\Program Files\JetBrains\IntelliJ IDEA 2024.2.1\lib\idea_rt.jar=60555:C:\Program Files\JetBrains\IntelliJ IDEA 2024.2.1\bin
29-Oct-2024 16:02:03.039 INFO [main] org.apache.catalina.startup.VersionLoggerListener.log Command line argument:             -Dfile.encoding=UTF-8
29-Oct-2024 16:02:03.052 INFO [main] org.apache.catalina.core.AprLifecycleListener.lifecycleEvent Cargada la biblioteca nativa APR de Apache Tomcat [1.3.1] con la versión APR [1.7.4].
29-Oct-2024 16:02:03.053 INFO [main] org.apache.catalina.core.AprLifecycleListener.lifecycleEvent Capacidades APR: IPv6 [true], enviar fichero [true], aceptar filtros [false], aleatorio [true], UDS [true].
29-Oct-2024 16:02:03.053 INFO [main] org.apache.catalina.core.AprLifecycleListener.lifecycleEvent APR/OpenSSL configuration: useAprConnector [false], useOpenSSL [true]
29-Oct-2024 16:02:03.088 INFO [main] org.apache.catalina.core.AprLifecycleListener.initializeSSL OpenSSL inicializado correctamente [OpenSSL 3.0.14 4 Jun 2024]
29-Oct-2024 16:02:03.639 INFO [main] org.apache.coyote.AbstractProtocol.init Inicializando el manejador de protocolo ["http-nio-8080"]

29-Oct-2024 16:02:03.676 INFO [main] org.apache.catalina.startup.Catalina.load Server initialization in [1180] milliseconds
29-Oct-2024 16:02:03.767 INFO [main] org.apache.catalina.core.StandardService.startInternal Arrancando servicio [Catalina]
29-Oct-2024 16:02:03.768 INFO [main] org.apache.catalina.core.StandardEngine.startInternal Starting Servlet engine: [Apache Tomcat/9.0.93]
29-Oct-2024 16:02:03.784 INFO [main] org.apache.catalina.startup.HostConfig.deployDescriptor Desplieque del descriptor de configuración [C:\Proyecto-3s\T03_BodegaLaEsquinita_P\conf\Catalina\localhost\T03_BodegaLaEsquinita_P.xml]
29-Oct-2024 16:02:06.283 INFO [main] org.apache.jasper.servlet.TldScanner.scanJars Al menos un JAR, que se ha explorado buscando TLDs, aún no contenía TLDs. Activar historial de depuración para este historiador para una completa lista de los JARs que fueron explorados y de los que nos se halló TLDs. Saltarse JARs no necesarios durante la exploración puede dar lugar a una mejora de tiempo significativa en el arranque y compilación de JSP .
29-Oct-2024 16:02:06.618 INFO [main] org.apache.catalina.startup.HostConfig.deployDescriptor Deployment of deployment descriptor [C:\Proyecto-3s\T03_BodegaLaEsquinita_P\conf\Catalina\localhost\T03_BodegaLaEsquinita_P.xml] has finished in [2.823] ms
29-Oct-2024 16:02:06.643 INFO [main] org.apache.coyote.AbstractProtocol.start Starting ProtocolHandler ["http-nio-8080"]
29-Oct-2024 16:02:06.788 INFO [main] org.apache.catalina.startup.Catalina.start Server startup in [3110] milliseconds
29-Oct-2024 16:08:20.735 INFO [Thread-1] org.apache.coyote.AbstractProtocol.pause Pausing ProtocolHandler ["http-nio-8080"]
29-Oct-2024 16:08:21.057 INFO [Thread-1] org.apache.catalina.core.StandardService.stopInternal Parando servicio [Catalina]
29-Oct-2024 16:08:21.326 WARNING [Thread-1] org.apache.catalina.loader.WebappClassLoaderBase.clearReferencesJdbc La aplicación web [T03_BodegaLaEsquinita_P] registró el conductor JDBC [com.microsoft.sqlserver.jdbc.SQLServerDriver] pero falló al anular el registro mientras la aplicación web estaba parada. Para prevenir un fallo de memoria, se ha anulado el registro del conductor JDBC por la fuerza.
29-Oct-2024 16:08:21.416 INFO [Thread-1] org.apache.coyote.AbstractProtocol.stop Stopping ProtocolHandler ["http-nio-8080"]
29-Oct-2024 16:08:21.443 INFO [Thread-1] org.apache.coyote.AbstractProtocol.destroy Destroying ProtocolHandler ["http-nio-8080"]
29-Oct-2024 16:08:34.708 INFO [main] org.apache.catalina.startup.VersionLoggerListener.log Nombre de la versión del servidor: Apache Tomcat/9.0.93
29-Oct-2024 16:08:34.728 INFO [main] org.apache.catalina.startup.VersionLoggerListener.log Server built:                      Aug 2 2024 21:24:59 UTC
29-Oct-2024 16:08:34.729 INFO [main] org.apache.catalina.startup.VersionLoggerListener.log Número de versión de servidor:     9.0.93.0
29-Oct-2024 16:08:34.729 INFO [main] org.apache.catalina.startup.VersionLoggerListener.log OS Name:                           Windows 11
29-Oct-2024 16:08:34.729 INFO [main] org.apache.catalina.startup.VersionLoggerListener.log Versión de Systema Operativo:      10.0
29-Oct-2024 16:08:34.729 INFO [main] org.apache.catalina.startup.VersionLoggerListener.log Arquitectura:                      amd64
29-Oct-2024 16:08:34.730 INFO [main] org.apache.catalina.startup.VersionLoggerListener.log Java Home:                         C:\Program Files\Java\jdk-17
29-Oct-2024 16:08:34.730 INFO [main] org.apache.catalina.startup.VersionLoggerListener.log JVM Version:                       17.0.10+11-LTS-240
29-Oct-2024 16:08:34.730 INFO [main] org.apache.catalina.startup.VersionLoggerListener.log Vededor JVM:                       Oracle Corporation
29-Oct-2024 16:08:34.730 INFO [main] org.apache.catalina.startup.VersionLoggerListener.log CATALINA_BASE:                     C:\Proyecto-3s\T03_BodegaLaEsquinita_P
29-Oct-2024 16:08:34.730 INFO [main] org.apache.catalina.startup.VersionLoggerListener.log CATALINA_HOME:                     C:\ValleGrande\IntelliJ\apache-tomcat-9.0.93
29-Oct-2024 16:08:34.766 INFO [main] org.apache.catalina.startup.VersionLoggerListener.log Command line argument:             --add-opens=java.base/java.lang=ALL-UNNAMED
29-Oct-2024 16:08:34.767 INFO [main] org.apache.catalina.startup.VersionLoggerListener.log Command line argument:             --add-opens=java.base/java.io=ALL-UNNAMED
29-Oct-2024 16:08:34.767 INFO [main] org.apache.catalina.startup.VersionLoggerListener.log Command line argument:             --add-opens=java.base/java.util=ALL-UNNAMED
29-Oct-2024 16:08:34.767 INFO [main] org.apache.catalina.startup.VersionLoggerListener.log Command line argument:             --add-opens=java.base/java.util.concurrent=ALL-UNNAMED
29-Oct-2024 16:08:34.767 INFO [main] org.apache.catalina.startup.VersionLoggerListener.log Command line argument:             --add-opens=java.rmi/sun.rmi.transport=ALL-UNNAMED
29-Oct-2024 16:08:34.769 INFO [main] org.apache.catalina.startup.VersionLoggerListener.log Command line argument:             -Dcatalina.home=C:\..\ValleGrande\IntelliJ\apache-tomcat-9.0.93
29-Oct-2024 16:08:34.769 INFO [main] org.apache.catalina.startup.VersionLoggerListener.log Command line argument:             -Dcatalina.base=C:\Proyecto-3s\T03_BodegaLaEsquinita_P
29-Oct-2024 16:08:34.769 INFO [main] org.apache.catalina.startup.VersionLoggerListener.log Command line argument:             -Djava.io.tmpdir=C:\Proyecto-3s\T03_BodegaLaEsquinita_P\temp
29-Oct-2024 16:08:34.769 INFO [main] org.apache.catalina.startup.VersionLoggerListener.log Command line argument:             -Djava.util.logging.config.file=C:\Proyecto-3s\T03_BodegaLaEsquinita_P\conf\logging.properties
29-Oct-2024 16:08:34.769 INFO [main] org.apache.catalina.startup.VersionLoggerListener.log Command line argument:             -Djava.util.logging.manager=org.apache.juli.ClassLoaderLogManager
29-Oct-2024 16:08:34.770 INFO [main] org.apache.catalina.startup.VersionLoggerListener.log Command line argument:             -javaagent:C:\Program Files\JetBrains\IntelliJ IDEA 2024.2.1\lib\idea_rt.jar=56471:C:\Program Files\JetBrains\IntelliJ IDEA 2024.2.1\bin
29-Oct-2024 16:08:34.770 INFO [main] org.apache.catalina.startup.VersionLoggerListener.log Command line argument:             -Dfile.encoding=UTF-8
29-Oct-2024 16:08:34.792 INFO [main] org.apache.catalina.core.AprLifecycleListener.lifecycleEvent Cargada la biblioteca nativa APR de Apache Tomcat [1.3.1] con la versión APR [1.7.4].
29-Oct-2024 16:08:34.793 INFO [main] org.apache.catalina.core.AprLifecycleListener.lifecycleEvent Capacidades APR: IPv6 [true], enviar fichero [true], aceptar filtros [false], aleatorio [true], UDS [true].
29-Oct-2024 16:08:34.795 INFO [main] org.apache.catalina.core.AprLifecycleListener.lifecycleEvent APR/OpenSSL configuration: useAprConnector [false], useOpenSSL [true]
29-Oct-2024 16:08:34.850 INFO [main] org.apache.catalina.core.AprLifecycleListener.initializeSSL OpenSSL inicializado correctamente [OpenSSL 3.0.14 4 Jun 2024]
29-Oct-2024 16:08:36.409 INFO [main] org.apache.coyote.AbstractProtocol.init Inicializando el manejador de protocolo ["http-nio-8080"]

29-Oct-2024 16:08:36.475 INFO [main] org.apache.catalina.startup.Catalina.load Server initialization in [2616] milliseconds
29-Oct-2024 16:08:36.642 INFO [main] org.apache.catalina.core.StandardService.startInternal Arrancando servicio [Catalina]
29-Oct-2024 16:08:36.642 INFO [main] org.apache.catalina.core.StandardEngine.startInternal Starting Servlet engine: [Apache Tomcat/9.0.93]
29-Oct-2024 16:08:36.682 INFO [main] org.apache.catalina.startup.HostConfig.deployDescriptor Desplieque del descriptor de configuración [C:\Proyecto-3s\T03_BodegaLaEsquinita_P\conf\Catalina\localhost\T03_BodegaLaEsquinita_P.xml]
29-Oct-2024 16:08:40.618 INFO [main] org.apache.jasper.servlet.TldScanner.scanJars Al menos un JAR, que se ha explorado buscando TLDs, aún no contenía TLDs. Activar historial de depuración para este historiador para una completa lista de los JARs que fueron explorados y de los que nos se halló TLDs. Saltarse JARs no necesarios durante la exploración puede dar lugar a una mejora de tiempo significativa en el arranque y compilación de JSP .
29-Oct-2024 16:08:40.951 INFO [main] org.apache.catalina.startup.HostConfig.deployDescriptor Deployment of deployment descriptor [C:\Proyecto-3s\T03_BodegaLaEsquinita_P\conf\Catalina\localhost\T03_BodegaLaEsquinita_P.xml] has finished in [4.263] ms
29-Oct-2024 16:08:40.964 INFO [main] org.apache.coyote.AbstractProtocol.start Starting ProtocolHandler ["http-nio-8080"]
29-Oct-2024 16:08:41.071 INFO [main] org.apache.catalina.startup.Catalina.start Server startup in [4595] milliseconds
29-Oct-2024 16:10:44.443 INFO [Thread-1] org.apache.coyote.AbstractProtocol.pause Pausing ProtocolHandler ["http-nio-8080"]
29-Oct-2024 16:10:44.775 INFO [Thread-1] org.apache.catalina.core.StandardService.stopInternal Parando servicio [Catalina]
29-Oct-2024 16:10:44.894 WARNING [Thread-1] org.apache.catalina.loader.WebappClassLoaderBase.clearReferencesJdbc La aplicación web [T03_BodegaLaEsquinita_P] registró el conductor JDBC [com.microsoft.sqlserver.jdbc.SQLServerDriver] pero falló al anular el registro mientras la aplicación web estaba parada. Para prevenir un fallo de memoria, se ha anulado el registro del conductor JDBC por la fuerza.
29-Oct-2024 16:10:44.930 INFO [Thread-1] org.apache.coyote.AbstractProtocol.stop Stopping ProtocolHandler ["http-nio-8080"]
29-Oct-2024 16:10:44.943 INFO [Thread-1] org.apache.coyote.AbstractProtocol.destroy Destroying ProtocolHandler ["http-nio-8080"]
29-Oct-2024 16:11:11.524 INFO [main] org.apache.catalina.startup.VersionLoggerListener.log Nombre de la versión del servidor: Apache Tomcat/9.0.93
29-Oct-2024 16:11:11.532 INFO [main] org.apache.catalina.startup.VersionLoggerListener.log Server built:                      Aug 2 2024 21:24:59 UTC
29-Oct-2024 16:11:11.532 INFO [main] org.apache.catalina.startup.VersionLoggerListener.log Número de versión de servidor:     9.0.93.0
29-Oct-2024 16:11:11.532 INFO [main] org.apache.catalina.startup.VersionLoggerListener.log OS Name:                           Windows 11
29-Oct-2024 16:11:11.532 INFO [main] org.apache.catalina.startup.VersionLoggerListener.log Versión de Systema Operativo:      10.0
29-Oct-2024 16:11:11.532 INFO [main] org.apache.catalina.startup.VersionLoggerListener.log Arquitectura:                      amd64
29-Oct-2024 16:11:11.532 INFO [main] org.apache.catalina.startup.VersionLoggerListener.log Java Home:                         C:\Program Files\Java\jdk-17
29-Oct-2024 16:11:11.534 INFO [main] org.apache.catalina.startup.VersionLoggerListener.log JVM Version:                       17.0.10+11-LTS-240
29-Oct-2024 16:11:11.534 INFO [main] org.apache.catalina.startup.VersionLoggerListener.log Vededor JVM:                       Oracle Corporation
29-Oct-2024 16:11:11.535 INFO [main] org.apache.catalina.startup.VersionLoggerListener.log CATALINA_BASE:                     C:\Proyecto-3s\T03_BodegaLaEsquinita_P
29-Oct-2024 16:11:11.535 INFO [main] org.apache.catalina.startup.VersionLoggerListener.log CATALINA_HOME:                     C:\ValleGrande\IntelliJ\apache-tomcat-9.0.93
29-Oct-2024 16:11:11.547 INFO [main] org.apache.catalina.startup.VersionLoggerListener.log Command line argument:             --add-opens=java.base/java.lang=ALL-UNNAMED
29-Oct-2024 16:11:11.548 INFO [main] org.apache.catalina.startup.VersionLoggerListener.log Command line argument:             --add-opens=java.base/java.io=ALL-UNNAMED
29-Oct-2024 16:11:11.548 INFO [main] org.apache.catalina.startup.VersionLoggerListener.log Command line argument:             --add-opens=java.base/java.util=ALL-UNNAMED
29-Oct-2024 16:11:11.548 INFO [main] org.apache.catalina.startup.VersionLoggerListener.log Command line argument:             --add-opens=java.base/java.util.concurrent=ALL-UNNAMED
29-Oct-2024 16:11:11.548 INFO [main] org.apache.catalina.startup.VersionLoggerListener.log Command line argument:             --add-opens=java.rmi/sun.rmi.transport=ALL-UNNAMED
29-Oct-2024 16:11:11.548 INFO [main] org.apache.catalina.startup.VersionLoggerListener.log Command line argument:             -Dcatalina.home=C:\..\ValleGrande\IntelliJ\apache-tomcat-9.0.93
29-Oct-2024 16:11:11.548 INFO [main] org.apache.catalina.startup.VersionLoggerListener.log Command line argument:             -Dcatalina.base=C:\Proyecto-3s\T03_BodegaLaEsquinita_P
29-Oct-2024 16:11:11.548 INFO [main] org.apache.catalina.startup.VersionLoggerListener.log Command line argument:             -Djava.io.tmpdir=C:\Proyecto-3s\T03_BodegaLaEsquinita_P\temp
29-Oct-2024 16:11:11.548 INFO [main] org.apache.catalina.startup.VersionLoggerListener.log Command line argument:             -Djava.util.logging.config.file=C:\Proyecto-3s\T03_BodegaLaEsquinita_P\conf\logging.properties
29-Oct-2024 16:11:11.550 INFO [main] org.apache.catalina.startup.VersionLoggerListener.log Command line argument:             -Djava.util.logging.manager=org.apache.juli.ClassLoaderLogManager
29-Oct-2024 16:11:11.550 INFO [main] org.apache.catalina.startup.VersionLoggerListener.log Command line argument:             -javaagent:C:\Program Files\JetBrains\IntelliJ IDEA 2024.2.1\lib\idea_rt.jar=56593:C:\Program Files\JetBrains\IntelliJ IDEA 2024.2.1\bin
29-Oct-2024 16:11:11.550 INFO [main] org.apache.catalina.startup.VersionLoggerListener.log Command line argument:             -Dfile.encoding=UTF-8
29-Oct-2024 16:11:11.558 INFO [main] org.apache.catalina.core.AprLifecycleListener.lifecycleEvent Cargada la biblioteca nativa APR de Apache Tomcat [1.3.1] con la versión APR [1.7.4].
29-Oct-2024 16:11:11.559 INFO [main] org.apache.catalina.core.AprLifecycleListener.lifecycleEvent Capacidades APR: IPv6 [true], enviar fichero [true], aceptar filtros [false], aleatorio [true], UDS [true].
29-Oct-2024 16:11:11.559 INFO [main] org.apache.catalina.core.AprLifecycleListener.lifecycleEvent APR/OpenSSL configuration: useAprConnector [false], useOpenSSL [true]
29-Oct-2024 16:11:11.595 INFO [main] org.apache.catalina.core.AprLifecycleListener.initializeSSL OpenSSL inicializado correctamente [OpenSSL 3.0.14 4 Jun 2024]
29-Oct-2024 16:11:12.348 INFO [main] org.apache.coyote.AbstractProtocol.init Inicializando el manejador de protocolo ["http-nio-8080"]

29-Oct-2024 16:11:12.466 INFO [main] org.apache.catalina.startup.Catalina.load Server initialization in [1503] milliseconds
29-Oct-2024 16:11:12.666 INFO [main] org.apache.catalina.core.StandardService.startInternal Arrancando servicio [Catalina]
29-Oct-2024 16:11:12.667 INFO [main] org.apache.catalina.core.StandardEngine.startInternal Starting Servlet engine: [Apache Tomcat/9.0.93]
29-Oct-2024 16:11:12.693 INFO [main] org.apache.catalina.startup.HostConfig.deployDescriptor Desplieque del descriptor de configuración [C:\Proyecto-3s\T03_BodegaLaEsquinita_P\conf\Catalina\localhost\T03_BodegaLaEsquinita_P.xml]
29-Oct-2024 16:11:15.688 INFO [main] org.apache.jasper.servlet.TldScanner.scanJars Al menos un JAR, que se ha explorado buscando TLDs, aún no contenía TLDs. Activar historial de depuración para este historiador para una completa lista de los JARs que fueron explorados y de los que nos se halló TLDs. Saltarse JARs no necesarios durante la exploración puede dar lugar a una mejora de tiempo significativa en el arranque y compilación de JSP .
29-Oct-2024 16:11:16.241 INFO [main] org.apache.catalina.startup.HostConfig.deployDescriptor Deployment of deployment descriptor [C:\Proyecto-3s\T03_BodegaLaEsquinita_P\conf\Catalina\localhost\T03_BodegaLaEsquinita_P.xml] has finished in [3.548] ms
29-Oct-2024 16:11:16.253 INFO [main] org.apache.coyote.AbstractProtocol.start Starting ProtocolHandler ["http-nio-8080"]
29-Oct-2024 16:11:16.354 INFO [main] org.apache.catalina.startup.Catalina.start Server startup in [3886] milliseconds
29-Oct-2024 16:23:43.954 INFO [Thread-1] org.apache.coyote.AbstractProtocol.pause Pausing ProtocolHandler ["http-nio-8080"]
29-Oct-2024 16:23:51.999 INFO [Thread-1] org.apache.catalina.core.StandardService.stopInternal Parando servicio [Catalina]
29-Oct-2024 16:24:04.426 WARNING [Thread-1] org.apache.catalina.loader.WebappClassLoaderBase.clearReferencesJdbc La aplicación web [T03_BodegaLaEsquinita_P] registró el conductor JDBC [com.microsoft.sqlserver.jdbc.SQLServerDriver] pero falló al anular el registro mientras la aplicación web estaba parada. Para prevenir un fallo de memoria, se ha anulado el registro del conductor JDBC por la fuerza.
29-Oct-2024 16:24:07.800 INFO [Thread-1] org.apache.coyote.AbstractProtocol.stop Stopping ProtocolHandler ["http-nio-8080"]
29-Oct-2024 16:24:08.457 WARNING [Thread-1] org.apache.tomcat.util.net.Acceptor.stopMillis The acceptor thread [http-nio-8080-Acceptor] did not stop cleanly
29-Oct-2024 16:24:08.919 INFO [Thread-1] org.apache.coyote.AbstractProtocol.destroy Destroying ProtocolHandler ["http-nio-8080"]
29-Oct-2024 16:27:43.170 INFO [main] org.apache.catalina.startup.VersionLoggerListener.log Nombre de la versión del servidor: Apache Tomcat/9.0.93
29-Oct-2024 16:27:43.181 INFO [main] org.apache.catalina.startup.VersionLoggerListener.log Server built:                      Aug 2 2024 21:24:59 UTC
29-Oct-2024 16:27:43.182 INFO [main] org.apache.catalina.startup.VersionLoggerListener.log Número de versión de servidor:     9.0.93.0
29-Oct-2024 16:27:43.182 INFO [main] org.apache.catalina.startup.VersionLoggerListener.log OS Name:                           Windows 11
29-Oct-2024 16:27:43.182 INFO [main] org.apache.catalina.startup.VersionLoggerListener.log Versión de Systema Operativo:      10.0
29-Oct-2024 16:27:43.182 INFO [main] org.apache.catalina.startup.VersionLoggerListener.log Arquitectura:                      amd64
29-Oct-2024 16:27:43.182 INFO [main] org.apache.catalina.startup.VersionLoggerListener.log Java Home:                         C:\Program Files\Java\jdk-17
29-Oct-2024 16:27:43.183 INFO [main] org.apache.catalina.startup.VersionLoggerListener.log JVM Version:                       17.0.10+11-LTS-240
29-Oct-2024 16:27:43.183 INFO [main] org.apache.catalina.startup.VersionLoggerListener.log Vededor JVM:                       Oracle Corporation
29-Oct-2024 16:27:43.183 INFO [main] org.apache.catalina.startup.VersionLoggerListener.log CATALINA_BASE:                     C:\Proyecto-3s\T03_BodegaLaEsquinita_P
29-Oct-2024 16:27:43.183 INFO [main] org.apache.catalina.startup.VersionLoggerListener.log CATALINA_HOME:                     C:\ValleGrande\IntelliJ\apache-tomcat-9.0.93
29-Oct-2024 16:27:43.204 INFO [main] org.apache.catalina.startup.VersionLoggerListener.log Command line argument:             --add-opens=java.base/java.lang=ALL-UNNAMED
29-Oct-2024 16:27:43.205 INFO [main] org.apache.catalina.startup.VersionLoggerListener.log Command line argument:             --add-opens=java.base/java.io=ALL-UNNAMED
29-Oct-2024 16:27:43.205 INFO [main] org.apache.catalina.startup.VersionLoggerListener.log Command line argument:             --add-opens=java.base/java.util=ALL-UNNAMED
29-Oct-2024 16:27:43.205 INFO [main] org.apache.catalina.startup.VersionLoggerListener.log Command line argument:             --add-opens=java.base/java.util.concurrent=ALL-UNNAMED
29-Oct-2024 16:27:43.206 INFO [main] org.apache.catalina.startup.VersionLoggerListener.log Command line argument:             --add-opens=java.rmi/sun.rmi.transport=ALL-UNNAMED
29-Oct-2024 16:27:43.206 INFO [main] org.apache.catalina.startup.VersionLoggerListener.log Command line argument:             -Dcatalina.home=C:\..\ValleGrande\IntelliJ\apache-tomcat-9.0.93
29-Oct-2024 16:27:43.206 INFO [main] org.apache.catalina.startup.VersionLoggerListener.log Command line argument:             -Dcatalina.base=C:\Proyecto-3s\T03_BodegaLaEsquinita_P
29-Oct-2024 16:27:43.206 INFO [main] org.apache.catalina.startup.VersionLoggerListener.log Command line argument:             -Djava.io.tmpdir=C:\Proyecto-3s\T03_BodegaLaEsquinita_P\temp
29-Oct-2024 16:27:43.206 INFO [main] org.apache.catalina.startup.VersionLoggerListener.log Command line argument:             -Djava.util.logging.config.file=C:\Proyecto-3s\T03_BodegaLaEsquinita_P\conf\logging.properties
29-Oct-2024 16:27:43.206 INFO [main] org.apache.catalina.startup.VersionLoggerListener.log Command line argument:             -Djava.util.logging.manager=org.apache.juli.ClassLoaderLogManager
29-Oct-2024 16:27:43.206 INFO [main] org.apache.catalina.startup.VersionLoggerListener.log Command line argument:             -javaagent:C:\Program Files\JetBrains\IntelliJ IDEA 2024.2.1\lib\idea_rt.jar=52820:C:\Program Files\JetBrains\IntelliJ IDEA 2024.2.1\bin
29-Oct-2024 16:27:43.207 INFO [main] org.apache.catalina.startup.VersionLoggerListener.log Command line argument:             -Dfile.encoding=UTF-8
29-Oct-2024 16:27:43.221 INFO [main] org.apache.catalina.core.AprLifecycleListener.lifecycleEvent Cargada la biblioteca nativa APR de Apache Tomcat [1.3.1] con la versión APR [1.7.4].
29-Oct-2024 16:27:43.221 INFO [main] org.apache.catalina.core.AprLifecycleListener.lifecycleEvent Capacidades APR: IPv6 [true], enviar fichero [true], aceptar filtros [false], aleatorio [true], UDS [true].
29-Oct-2024 16:27:43.221 INFO [main] org.apache.catalina.core.AprLifecycleListener.lifecycleEvent APR/OpenSSL configuration: useAprConnector [false], useOpenSSL [true]
29-Oct-2024 16:27:43.259 INFO [main] org.apache.catalina.core.AprLifecycleListener.initializeSSL OpenSSL inicializado correctamente [OpenSSL 3.0.14 4 Jun 2024]
29-Oct-2024 16:27:43.797 INFO [main] org.apache.coyote.AbstractProtocol.init Inicializando el manejador de protocolo ["http-nio-8080"]

29-Oct-2024 16:27:43.839 INFO [main] org.apache.catalina.startup.Catalina.load Server initialization in [1238] milliseconds
29-Oct-2024 16:27:43.936 INFO [main] org.apache.catalina.core.StandardService.startInternal Arrancando servicio [Catalina]
29-Oct-2024 16:27:43.937 INFO [main] org.apache.catalina.core.StandardEngine.startInternal Starting Servlet engine: [Apache Tomcat/9.0.93]
29-Oct-2024 16:27:43.953 INFO [main] org.apache.catalina.startup.HostConfig.deployDescriptor Desplieque del descriptor de configuración [C:\Proyecto-3s\T03_BodegaLaEsquinita_P\conf\Catalina\localhost\T03_BodegaLaEsquinita_P.xml]
29-Oct-2024 16:27:47.638 INFO [main] org.apache.jasper.servlet.TldScanner.scanJars Al menos un JAR, que se ha explorado buscando TLDs, aún no contenía TLDs. Activar historial de depuración para este historiador para una completa lista de los JARs que fueron explorados y de los que nos se halló TLDs. Saltarse JARs no necesarios durante la exploración puede dar lugar a una mejora de tiempo significativa en el arranque y compilación de JSP .
29-Oct-2024 16:27:47.973 INFO [main] org.apache.catalina.startup.HostConfig.deployDescriptor Deployment of deployment descriptor [C:\Proyecto-3s\T03_BodegaLaEsquinita_P\conf\Catalina\localhost\T03_BodegaLaEsquinita_P.xml] has finished in [4.019] ms
29-Oct-2024 16:27:47.980 INFO [main] org.apache.coyote.AbstractProtocol.start Starting ProtocolHandler ["http-nio-8080"]
29-Oct-2024 16:27:48.038 INFO [main] org.apache.catalina.startup.Catalina.start Server startup in [4197] milliseconds
29-Oct-2024 16:39:24.729 INFO [Thread-1] org.apache.coyote.AbstractProtocol.pause Pausing ProtocolHandler ["http-nio-8080"]
29-Oct-2024 16:39:25.678 INFO [Thread-1] org.apache.catalina.core.StandardService.stopInternal Parando servicio [Catalina]
29-Oct-2024 16:39:27.130 WARNING [Thread-1] org.apache.catalina.loader.WebappClassLoaderBase.clearReferencesJdbc La aplicación web [T03_BodegaLaEsquinita_P] registró el conductor JDBC [com.microsoft.sqlserver.jdbc.SQLServerDriver] pero falló al anular el registro mientras la aplicación web estaba parada. Para prevenir un fallo de memoria, se ha anulado el registro del conductor JDBC por la fuerza.
29-Oct-2024 16:39:27.497 INFO [Thread-1] org.apache.coyote.AbstractProtocol.stop Stopping ProtocolHandler ["http-nio-8080"]
29-Oct-2024 16:39:27.530 INFO [Thread-1] org.apache.coyote.AbstractProtocol.destroy Destroying ProtocolHandler ["http-nio-8080"]
29-Oct-2024 16:59:46.968 INFO [main] org.apache.catalina.startup.VersionLoggerListener.log Nombre de la versión del servidor: Apache Tomcat/9.0.93
29-Oct-2024 16:59:46.976 INFO [main] org.apache.catalina.startup.VersionLoggerListener.log Server built:                      Aug 2 2024 21:24:59 UTC
29-Oct-2024 16:59:46.978 INFO [main] org.apache.catalina.startup.VersionLoggerListener.log Número de versión de servidor:     9.0.93.0
29-Oct-2024 16:59:46.978 INFO [main] org.apache.catalina.startup.VersionLoggerListener.log OS Name:                           Windows 11
29-Oct-2024 16:59:46.979 INFO [main] org.apache.catalina.startup.VersionLoggerListener.log Versión de Systema Operativo:      10.0
29-Oct-2024 16:59:46.979 INFO [main] org.apache.catalina.startup.VersionLoggerListener.log Arquitectura:                      amd64
29-Oct-2024 16:59:46.979 INFO [main] org.apache.catalina.startup.VersionLoggerListener.log Java Home:                         C:\Program Files\Java\jdk-17
29-Oct-2024 16:59:46.979 INFO [main] org.apache.catalina.startup.VersionLoggerListener.log JVM Version:                       17.0.10+11-LTS-240
29-Oct-2024 16:59:46.979 INFO [main] org.apache.catalina.startup.VersionLoggerListener.log Vededor JVM:                       Oracle Corporation
29-Oct-2024 16:59:46.979 INFO [main] org.apache.catalina.startup.VersionLoggerListener.log CATALINA_BASE:                     C:\Proyecto-3s\T03_BodegaLaEsquinita_P
29-Oct-2024 16:59:46.979 INFO [main] org.apache.catalina.startup.VersionLoggerListener.log CATALINA_HOME:                     C:\ValleGrande\IntelliJ\apache-tomcat-9.0.93
29-Oct-2024 16:59:47.006 INFO [main] org.apache.catalina.startup.VersionLoggerListener.log Command line argument:             --add-opens=java.base/java.lang=ALL-UNNAMED
29-Oct-2024 16:59:47.006 INFO [main] org.apache.catalina.startup.VersionLoggerListener.log Command line argument:             --add-opens=java.base/java.io=ALL-UNNAMED
29-Oct-2024 16:59:47.006 INFO [main] org.apache.catalina.startup.VersionLoggerListener.log Command line argument:             --add-opens=java.base/java.util=ALL-UNNAMED
29-Oct-2024 16:59:47.008 INFO [main] org.apache.catalina.startup.VersionLoggerListener.log Command line argument:             --add-opens=java.base/java.util.concurrent=ALL-UNNAMED
29-Oct-2024 16:59:47.008 INFO [main] org.apache.catalina.startup.VersionLoggerListener.log Command line argument:             --add-opens=java.rmi/sun.rmi.transport=ALL-UNNAMED
29-Oct-2024 16:59:47.009 INFO [main] org.apache.catalina.startup.VersionLoggerListener.log Command line argument:             -Dcatalina.home=C:\..\ValleGrande\IntelliJ\apache-tomcat-9.0.93
29-Oct-2024 16:59:47.009 INFO [main] org.apache.catalina.startup.VersionLoggerListener.log Command line argument:             -Dcatalina.base=C:\Proyecto-3s\T03_BodegaLaEsquinita_P
29-Oct-2024 16:59:47.010 INFO [main] org.apache.catalina.startup.VersionLoggerListener.log Command line argument:             -Djava.io.tmpdir=C:\Proyecto-3s\T03_BodegaLaEsquinita_P\temp
29-Oct-2024 16:59:47.010 INFO [main] org.apache.catalina.startup.VersionLoggerListener.log Command line argument:             -Djava.util.logging.config.file=C:\Proyecto-3s\T03_BodegaLaEsquinita_P\conf\logging.properties
29-Oct-2024 16:59:47.010 INFO [main] org.apache.catalina.startup.VersionLoggerListener.log Command line argument:             -Djava.util.logging.manager=org.apache.juli.ClassLoaderLogManager
29-Oct-2024 16:59:47.010 INFO [main] org.apache.catalina.startup.VersionLoggerListener.log Command line argument:             -javaagent:C:\Program Files\JetBrains\IntelliJ IDEA 2024.2.1\lib\idea_rt.jar=63993:C:\Program Files\JetBrains\IntelliJ IDEA 2024.2.1\bin
29-Oct-2024 16:59:47.011 INFO [main] org.apache.catalina.startup.VersionLoggerListener.log Command line argument:             -Dfile.encoding=UTF-8
29-Oct-2024 16:59:47.029 INFO [main] org.apache.catalina.core.AprLifecycleListener.lifecycleEvent Cargada la biblioteca nativa APR de Apache Tomcat [1.3.1] con la versión APR [1.7.4].
29-Oct-2024 16:59:47.029 INFO [main] org.apache.catalina.core.AprLifecycleListener.lifecycleEvent Capacidades APR: IPv6 [true], enviar fichero [true], aceptar filtros [false], aleatorio [true], UDS [true].
29-Oct-2024 16:59:47.029 INFO [main] org.apache.catalina.core.AprLifecycleListener.lifecycleEvent APR/OpenSSL configuration: useAprConnector [false], useOpenSSL [true]
29-Oct-2024 16:59:47.084 INFO [main] org.apache.catalina.core.AprLifecycleListener.initializeSSL OpenSSL inicializado correctamente [OpenSSL 3.0.14 4 Jun 2024]
29-Oct-2024 16:59:47.913 INFO [main] org.apache.coyote.AbstractProtocol.init Inicializando el manejador de protocolo ["http-nio-8080"]

29-Oct-2024 16:59:47.965 INFO [main] org.apache.catalina.startup.Catalina.load Server initialization in [1690] milliseconds
29-Oct-2024 16:59:48.097 INFO [main] org.apache.catalina.core.StandardService.startInternal Arrancando servicio [Catalina]
29-Oct-2024 16:59:48.098 INFO [main] org.apache.catalina.core.StandardEngine.startInternal Starting Servlet engine: [Apache Tomcat/9.0.93]
29-Oct-2024 16:59:48.127 INFO [main] org.apache.catalina.startup.HostConfig.deployDescriptor Desplieque del descriptor de configuración [C:\Proyecto-3s\T03_BodegaLaEsquinita_P\conf\Catalina\localhost\T03_BodegaLaEsquinita_P.xml]
29-Oct-2024 16:59:55.445 INFO [main] org.apache.jasper.servlet.TldScanner.scanJars Al menos un JAR, que se ha explorado buscando TLDs, aún no contenía TLDs. Activar historial de depuración para este historiador para una completa lista de los JARs que fueron explorados y de los que nos se halló TLDs. Saltarse JARs no necesarios durante la exploración puede dar lugar a una mejora de tiempo significativa en el arranque y compilación de JSP .
29-Oct-2024 16:59:55.941 INFO [main] org.apache.catalina.startup.HostConfig.deployDescriptor Deployment of deployment descriptor [C:\Proyecto-3s\T03_BodegaLaEsquinita_P\conf\Catalina\localhost\T03_BodegaLaEsquinita_P.xml] has finished in [7.812] ms
29-Oct-2024 16:59:55.953 INFO [main] org.apache.coyote.AbstractProtocol.start Starting ProtocolHandler ["http-nio-8080"]
29-Oct-2024 16:59:56.062 INFO [main] org.apache.catalina.startup.Catalina.start Server startup in [8095] milliseconds
29-Oct-2024 17:01:30.995 INFO [Thread-1] org.apache.coyote.AbstractProtocol.pause Pausing ProtocolHandler ["http-nio-8080"]
29-Oct-2024 17:01:31.737 INFO [Thread-1] org.apache.catalina.core.StandardService.stopInternal Parando servicio [Catalina]
29-Oct-2024 17:01:32.050 INFO [Thread-1] org.apache.coyote.AbstractProtocol.stop Stopping ProtocolHandler ["http-nio-8080"]
29-Oct-2024 17:01:32.071 INFO [Thread-1] org.apache.coyote.AbstractProtocol.destroy Destroying ProtocolHandler ["http-nio-8080"]
29-Oct-2024 17:01:43.022 INFO [main] org.apache.catalina.startup.VersionLoggerListener.log Nombre de la versión del servidor: Apache Tomcat/9.0.93
29-Oct-2024 17:01:43.030 INFO [main] org.apache.catalina.startup.VersionLoggerListener.log Server built:                      Aug 2 2024 21:24:59 UTC
29-Oct-2024 17:01:43.031 INFO [main] org.apache.catalina.startup.VersionLoggerListener.log Número de versión de servidor:     9.0.93.0
29-Oct-2024 17:01:43.032 INFO [main] org.apache.catalina.startup.VersionLoggerListener.log OS Name:                           Windows 11
29-Oct-2024 17:01:43.032 INFO [main] org.apache.catalina.startup.VersionLoggerListener.log Versión de Systema Operativo:      10.0
29-Oct-2024 17:01:43.032 INFO [main] org.apache.catalina.startup.VersionLoggerListener.log Arquitectura:                      amd64
29-Oct-2024 17:01:43.033 INFO [main] org.apache.catalina.startup.VersionLoggerListener.log Java Home:                         C:\Program Files\Java\jdk-17
29-Oct-2024 17:01:43.033 INFO [main] org.apache.catalina.startup.VersionLoggerListener.log JVM Version:                       17.0.10+11-LTS-240
29-Oct-2024 17:01:43.035 INFO [main] org.apache.catalina.startup.VersionLoggerListener.log Vededor JVM:                       Oracle Corporation
29-Oct-2024 17:01:43.035 INFO [main] org.apache.catalina.startup.VersionLoggerListener.log CATALINA_BASE:                     C:\Proyecto-3s\T03_BodegaLaEsquinita_P
29-Oct-2024 17:01:43.035 INFO [main] org.apache.catalina.startup.VersionLoggerListener.log CATALINA_HOME:                     C:\ValleGrande\IntelliJ\apache-tomcat-9.0.93
29-Oct-2024 17:01:43.055 INFO [main] org.apache.catalina.startup.VersionLoggerListener.log Command line argument:             --add-opens=java.base/java.lang=ALL-UNNAMED
29-Oct-2024 17:01:43.055 INFO [main] org.apache.catalina.startup.VersionLoggerListener.log Command line argument:             --add-opens=java.base/java.io=ALL-UNNAMED
29-Oct-2024 17:01:43.055 INFO [main] org.apache.catalina.startup.VersionLoggerListener.log Command line argument:             --add-opens=java.base/java.util=ALL-UNNAMED
29-Oct-2024 17:01:43.057 INFO [main] org.apache.catalina.startup.VersionLoggerListener.log Command line argument:             --add-opens=java.base/java.util.concurrent=ALL-UNNAMED
29-Oct-2024 17:01:43.057 INFO [main] org.apache.catalina.startup.VersionLoggerListener.log Command line argument:             --add-opens=java.rmi/sun.rmi.transport=ALL-UNNAMED
29-Oct-2024 17:01:43.057 INFO [main] org.apache.catalina.startup.VersionLoggerListener.log Command line argument:             -Dcatalina.home=C:\..\ValleGrande\IntelliJ\apache-tomcat-9.0.93
29-Oct-2024 17:01:43.057 INFO [main] org.apache.catalina.startup.VersionLoggerListener.log Command line argument:             -Dcatalina.base=C:\Proyecto-3s\T03_BodegaLaEsquinita_P
29-Oct-2024 17:01:43.057 INFO [main] org.apache.catalina.startup.VersionLoggerListener.log Command line argument:             -Djava.io.tmpdir=C:\Proyecto-3s\T03_BodegaLaEsquinita_P\temp
29-Oct-2024 17:01:43.057 INFO [main] org.apache.catalina.startup.VersionLoggerListener.log Command line argument:             -Djava.util.logging.config.file=C:\Proyecto-3s\T03_BodegaLaEsquinita_P\conf\logging.properties
29-Oct-2024 17:01:43.057 INFO [main] org.apache.catalina.startup.VersionLoggerListener.log Command line argument:             -Djava.util.logging.manager=org.apache.juli.ClassLoaderLogManager
29-Oct-2024 17:01:43.057 INFO [main] org.apache.catalina.startup.VersionLoggerListener.log Command line argument:             -javaagent:C:\Program Files\JetBrains\IntelliJ IDEA 2024.2.1\lib\idea_rt.jar=64096:C:\Program Files\JetBrains\IntelliJ IDEA 2024.2.1\bin
29-Oct-2024 17:01:43.057 INFO [main] org.apache.catalina.startup.VersionLoggerListener.log Command line argument:             -Dfile.encoding=UTF-8
29-Oct-2024 17:01:43.070 INFO [main] org.apache.catalina.core.AprLifecycleListener.lifecycleEvent Cargada la biblioteca nativa APR de Apache Tomcat [1.3.1] con la versión APR [1.7.4].
29-Oct-2024 17:01:43.070 INFO [main] org.apache.catalina.core.AprLifecycleListener.lifecycleEvent Capacidades APR: IPv6 [true], enviar fichero [true], aceptar filtros [false], aleatorio [true], UDS [true].
29-Oct-2024 17:01:43.070 INFO [main] org.apache.catalina.core.AprLifecycleListener.lifecycleEvent APR/OpenSSL configuration: useAprConnector [false], useOpenSSL [true]
29-Oct-2024 17:01:43.106 INFO [main] org.apache.catalina.core.AprLifecycleListener.initializeSSL OpenSSL inicializado correctamente [OpenSSL 3.0.14 4 Jun 2024]
29-Oct-2024 17:01:43.750 INFO [main] org.apache.coyote.AbstractProtocol.init Inicializando el manejador de protocolo ["http-nio-8080"]

29-Oct-2024 17:01:43.814 INFO [main] org.apache.catalina.startup.Catalina.load Server initialization in [1392] milliseconds
29-Oct-2024 17:01:43.956 INFO [main] org.apache.catalina.core.StandardService.startInternal Arrancando servicio [Catalina]
29-Oct-2024 17:01:43.957 INFO [main] org.apache.catalina.core.StandardEngine.startInternal Starting Servlet engine: [Apache Tomcat/9.0.93]
29-Oct-2024 17:01:43.985 INFO [main] org.apache.catalina.startup.HostConfig.deployDescriptor Desplieque del descriptor de configuración [C:\Proyecto-3s\T03_BodegaLaEsquinita_P\conf\Catalina\localhost\T03_BodegaLaEsquinita_P.xml]
29-Oct-2024 17:01:53.050 INFO [main] org.apache.jasper.servlet.TldScanner.scanJars Al menos un JAR, que se ha explorado buscando TLDs, aún no contenía TLDs. Activar historial de depuración para este historiador para una completa lista de los JARs que fueron explorados y de los que nos se halló TLDs. Saltarse JARs no necesarios durante la exploración puede dar lugar a una mejora de tiempo significativa en el arranque y compilación de JSP .
29-Oct-2024 17:01:53.654 WARNING [main] org.apache.catalina.util.SessionIdGeneratorBase.createSecureRandom Creation of SecureRandom instance for session ID generation using [SHA1PRNG] took [117] milliseconds.
29-Oct-2024 17:01:53.741 INFO [main] org.apache.catalina.startup.HostConfig.deployDescriptor Deployment of deployment descriptor [C:\Proyecto-3s\T03_BodegaLaEsquinita_P\conf\Catalina\localhost\T03_BodegaLaEsquinita_P.xml] has finished in [9.756] ms
29-Oct-2024 17:01:53.762 INFO [main] org.apache.coyote.AbstractProtocol.start Starting ProtocolHandler ["http-nio-8080"]
29-Oct-2024 17:01:54.171 INFO [main] org.apache.catalina.startup.Catalina.start Server startup in [10355] milliseconds
29-Oct-2024 17:09:03.370 INFO [Thread-1] org.apache.coyote.AbstractProtocol.pause Pausing ProtocolHandler ["http-nio-8080"]
29-Oct-2024 17:09:03.676 INFO [Thread-1] org.apache.catalina.core.StandardService.stopInternal Parando servicio [Catalina]
29-Oct-2024 17:09:03.848 WARNING [Thread-1] org.apache.catalina.loader.WebappClassLoaderBase.clearReferencesJdbc La aplicación web [T03_BodegaLaEsquinita_P] registró el conductor JDBC [com.microsoft.sqlserver.jdbc.SQLServerDriver] pero falló al anular el registro mientras la aplicación web estaba parada. Para prevenir un fallo de memoria, se ha anulado el registro del conductor JDBC por la fuerza.
29-Oct-2024 17:09:03.877 INFO [Thread-1] org.apache.coyote.AbstractProtocol.stop Stopping ProtocolHandler ["http-nio-8080"]
29-Oct-2024 17:09:03.907 INFO [Thread-1] org.apache.coyote.AbstractProtocol.destroy Destroying ProtocolHandler ["http-nio-8080"]
29-Oct-2024 17:09:16.380 INFO [main] org.apache.catalina.startup.VersionLoggerListener.log Nombre de la versión del servidor: Apache Tomcat/9.0.93
29-Oct-2024 17:09:16.395 INFO [main] org.apache.catalina.startup.VersionLoggerListener.log Server built:                      Aug 2 2024 21:24:59 UTC
29-Oct-2024 17:09:16.396 INFO [main] org.apache.catalina.startup.VersionLoggerListener.log Número de versión de servidor:     9.0.93.0
29-Oct-2024 17:09:16.396 INFO [main] org.apache.catalina.startup.VersionLoggerListener.log OS Name:                           Windows 11
29-Oct-2024 17:09:16.396 INFO [main] org.apache.catalina.startup.VersionLoggerListener.log Versión de Systema Operativo:      10.0
29-Oct-2024 17:09:16.397 INFO [main] org.apache.catalina.startup.VersionLoggerListener.log Arquitectura:                      amd64
29-Oct-2024 17:09:16.397 INFO [main] org.apache.catalina.startup.VersionLoggerListener.log Java Home:                         C:\Program Files\Java\jdk-17
29-Oct-2024 17:09:16.397 INFO [main] org.apache.catalina.startup.VersionLoggerListener.log JVM Version:                       17.0.10+11-LTS-240
29-Oct-2024 17:09:16.397 INFO [main] org.apache.catalina.startup.VersionLoggerListener.log Vededor JVM:                       Oracle Corporation
29-Oct-2024 17:09:16.397 INFO [main] org.apache.catalina.startup.VersionLoggerListener.log CATALINA_BASE:                     C:\Proyecto-3s\T03_BodegaLaEsquinita_P
29-Oct-2024 17:09:16.397 INFO [main] org.apache.catalina.startup.VersionLoggerListener.log CATALINA_HOME:                     C:\ValleGrande\IntelliJ\apache-tomcat-9.0.93
29-Oct-2024 17:09:16.427 INFO [main] org.apache.catalina.startup.VersionLoggerListener.log Command line argument:             --add-opens=java.base/java.lang=ALL-UNNAMED
29-Oct-2024 17:09:16.427 INFO [main] org.apache.catalina.startup.VersionLoggerListener.log Command line argument:             --add-opens=java.base/java.io=ALL-UNNAMED
29-Oct-2024 17:09:16.427 INFO [main] org.apache.catalina.startup.VersionLoggerListener.log Command line argument:             --add-opens=java.base/java.util=ALL-UNNAMED
29-Oct-2024 17:09:16.427 INFO [main] org.apache.catalina.startup.VersionLoggerListener.log Command line argument:             --add-opens=java.base/java.util.concurrent=ALL-UNNAMED
29-Oct-2024 17:09:16.427 INFO [main] org.apache.catalina.startup.VersionLoggerListener.log Command line argument:             --add-opens=java.rmi/sun.rmi.transport=ALL-UNNAMED
29-Oct-2024 17:09:16.427 INFO [main] org.apache.catalina.startup.VersionLoggerListener.log Command line argument:             -Dcatalina.home=C:\..\ValleGrande\IntelliJ\apache-tomcat-9.0.93
29-Oct-2024 17:09:16.427 INFO [main] org.apache.catalina.startup.VersionLoggerListener.log Command line argument:             -Dcatalina.base=C:\Proyecto-3s\T03_BodegaLaEsquinita_P
29-Oct-2024 17:09:16.427 INFO [main] org.apache.catalina.startup.VersionLoggerListener.log Command line argument:             -Djava.io.tmpdir=C:\Proyecto-3s\T03_BodegaLaEsquinita_P\temp
29-Oct-2024 17:09:16.428 INFO [main] org.apache.catalina.startup.VersionLoggerListener.log Command line argument:             -Djava.util.logging.config.file=C:\Proyecto-3s\T03_BodegaLaEsquinita_P\conf\logging.properties
29-Oct-2024 17:09:16.428 INFO [main] org.apache.catalina.startup.VersionLoggerListener.log Command line argument:             -Djava.util.logging.manager=org.apache.juli.ClassLoaderLogManager
29-Oct-2024 17:09:16.429 INFO [main] org.apache.catalina.startup.VersionLoggerListener.log Command line argument:             -javaagent:C:\Program Files\JetBrains\IntelliJ IDEA 2024.2.1\lib\idea_rt.jar=64489:C:\Program Files\JetBrains\IntelliJ IDEA 2024.2.1\bin
29-Oct-2024 17:09:16.429 INFO [main] org.apache.catalina.startup.VersionLoggerListener.log Command line argument:             -Dfile.encoding=UTF-8
29-Oct-2024 17:09:16.480 INFO [main] org.apache.catalina.core.AprLifecycleListener.lifecycleEvent Cargada la biblioteca nativa APR de Apache Tomcat [1.3.1] con la versión APR [1.7.4].
29-Oct-2024 17:09:16.480 INFO [main] org.apache.catalina.core.AprLifecycleListener.lifecycleEvent Capacidades APR: IPv6 [true], enviar fichero [true], aceptar filtros [false], aleatorio [true], UDS [true].
29-Oct-2024 17:09:16.481 INFO [main] org.apache.catalina.core.AprLifecycleListener.lifecycleEvent APR/OpenSSL configuration: useAprConnector [false], useOpenSSL [true]
29-Oct-2024 17:09:16.562 INFO [main] org.apache.catalina.core.AprLifecycleListener.initializeSSL OpenSSL inicializado correctamente [OpenSSL 3.0.14 4 Jun 2024]
29-Oct-2024 17:09:17.828 INFO [main] org.apache.coyote.AbstractProtocol.init Inicializando el manejador de protocolo ["http-nio-8080"]

29-Oct-2024 17:09:17.965 INFO [main] org.apache.catalina.startup.Catalina.load Server initialization in [2271] milliseconds
29-Oct-2024 17:09:18.183 INFO [main] org.apache.catalina.core.StandardService.startInternal Arrancando servicio [Catalina]
29-Oct-2024 17:09:18.184 INFO [main] org.apache.catalina.core.StandardEngine.startInternal Starting Servlet engine: [Apache Tomcat/9.0.93]
29-Oct-2024 17:09:18.259 INFO [main] org.apache.catalina.startup.HostConfig.deployDescriptor Desplieque del descriptor de configuración [C:\Proyecto-3s\T03_BodegaLaEsquinita_P\conf\Catalina\localhost\T03_BodegaLaEsquinita_P.xml]
29-Oct-2024 17:09:23.931 INFO [main] org.apache.jasper.servlet.TldScanner.scanJars Al menos un JAR, que se ha explorado buscando TLDs, aún no contenía TLDs. Activar historial de depuración para este historiador para una completa lista de los JARs que fueron explorados y de los que nos se halló TLDs. Saltarse JARs no necesarios durante la exploración puede dar lugar a una mejora de tiempo significativa en el arranque y compilación de JSP .
29-Oct-2024 17:09:24.410 INFO [main] org.apache.catalina.startup.HostConfig.deployDescriptor Deployment of deployment descriptor [C:\Proyecto-3s\T03_BodegaLaEsquinita_P\conf\Catalina\localhost\T03_BodegaLaEsquinita_P.xml] has finished in [6.150] ms
29-Oct-2024 17:09:24.419 INFO [main] org.apache.coyote.AbstractProtocol.start Starting ProtocolHandler ["http-nio-8080"]
29-Oct-2024 17:09:24.488 INFO [main] org.apache.catalina.startup.Catalina.start Server startup in [6521] milliseconds
29-Oct-2024 17:12:15.240 INFO [Thread-1] org.apache.coyote.AbstractProtocol.pause Pausing ProtocolHandler ["http-nio-8080"]
29-Oct-2024 17:12:15.628 INFO [Thread-1] org.apache.catalina.core.StandardService.stopInternal Parando servicio [Catalina]
29-Oct-2024 17:12:15.880 WARNING [Thread-1] org.apache.catalina.loader.WebappClassLoaderBase.clearReferencesJdbc La aplicación web [T03_BodegaLaEsquinita_P] registró el conductor JDBC [com.microsoft.sqlserver.jdbc.SQLServerDriver] pero falló al anular el registro mientras la aplicación web estaba parada. Para prevenir un fallo de memoria, se ha anulado el registro del conductor JDBC por la fuerza.
29-Oct-2024 17:12:15.965 INFO [Thread-1] org.apache.coyote.AbstractProtocol.stop Stopping ProtocolHandler ["http-nio-8080"]
29-Oct-2024 17:12:15.992 INFO [Thread-1] org.apache.coyote.AbstractProtocol.destroy Destroying ProtocolHandler ["http-nio-8080"]
29-Oct-2024 17:12:44.939 INFO [main] org.apache.catalina.startup.VersionLoggerListener.log Nombre de la versión del servidor: Apache Tomcat/9.0.93
29-Oct-2024 17:12:44.953 INFO [main] org.apache.catalina.startup.VersionLoggerListener.log Server built:                      Aug 2 2024 21:24:59 UTC
29-Oct-2024 17:12:44.954 INFO [main] org.apache.catalina.startup.VersionLoggerListener.log Número de versión de servidor:     9.0.93.0
29-Oct-2024 17:12:44.954 INFO [main] org.apache.catalina.startup.VersionLoggerListener.log OS Name:                           Windows 11
29-Oct-2024 17:12:44.954 INFO [main] org.apache.catalina.startup.VersionLoggerListener.log Versión de Systema Operativo:      10.0
29-Oct-2024 17:12:44.955 INFO [main] org.apache.catalina.startup.VersionLoggerListener.log Arquitectura:                      amd64
29-Oct-2024 17:12:44.955 INFO [main] org.apache.catalina.startup.VersionLoggerListener.log Java Home:                         C:\Program Files\Java\jdk-17
29-Oct-2024 17:12:44.955 INFO [main] org.apache.catalina.startup.VersionLoggerListener.log JVM Version:                       17.0.10+11-LTS-240
29-Oct-2024 17:12:44.955 INFO [main] org.apache.catalina.startup.VersionLoggerListener.log Vededor JVM:                       Oracle Corporation
29-Oct-2024 17:12:44.955 INFO [main] org.apache.catalina.startup.VersionLoggerListener.log CATALINA_BASE:                     C:\Proyecto-3s\T03_BodegaLaEsquinita_P
29-Oct-2024 17:12:44.955 INFO [main] org.apache.catalina.startup.VersionLoggerListener.log CATALINA_HOME:                     C:\ValleGrande\IntelliJ\apache-tomcat-9.0.93
29-Oct-2024 17:12:44.999 INFO [main] org.apache.catalina.startup.VersionLoggerListener.log Command line argument:             --add-opens=java.base/java.lang=ALL-UNNAMED
29-Oct-2024 17:12:45.000 INFO [main] org.apache.catalina.startup.VersionLoggerListener.log Command line argument:             --add-opens=java.base/java.io=ALL-UNNAMED
29-Oct-2024 17:12:45.000 INFO [main] org.apache.catalina.startup.VersionLoggerListener.log Command line argument:             --add-opens=java.base/java.util=ALL-UNNAMED
29-Oct-2024 17:12:45.000 INFO [main] org.apache.catalina.startup.VersionLoggerListener.log Command line argument:             --add-opens=java.base/java.util.concurrent=ALL-UNNAMED
29-Oct-2024 17:12:45.000 INFO [main] org.apache.catalina.startup.VersionLoggerListener.log Command line argument:             --add-opens=java.rmi/sun.rmi.transport=ALL-UNNAMED
29-Oct-2024 17:12:45.001 INFO [main] org.apache.catalina.startup.VersionLoggerListener.log Command line argument:             -Dcatalina.home=C:\..\ValleGrande\IntelliJ\apache-tomcat-9.0.93
29-Oct-2024 17:12:45.001 INFO [main] org.apache.catalina.startup.VersionLoggerListener.log Command line argument:             -Dcatalina.base=C:\Proyecto-3s\T03_BodegaLaEsquinita_P
29-Oct-2024 17:12:45.001 INFO [main] org.apache.catalina.startup.VersionLoggerListener.log Command line argument:             -Djava.io.tmpdir=C:\Proyecto-3s\T03_BodegaLaEsquinita_P\temp
29-Oct-2024 17:12:45.001 INFO [main] org.apache.catalina.startup.VersionLoggerListener.log Command line argument:             -Djava.util.logging.config.file=C:\Proyecto-3s\T03_BodegaLaEsquinita_P\conf\logging.properties
29-Oct-2024 17:12:45.001 INFO [main] org.apache.catalina.startup.VersionLoggerListener.log Command line argument:             -Djava.util.logging.manager=org.apache.juli.ClassLoaderLogManager
29-Oct-2024 17:12:45.001 INFO [main] org.apache.catalina.startup.VersionLoggerListener.log Command line argument:             -javaagent:C:\Program Files\JetBrains\IntelliJ IDEA 2024.2.1\lib\idea_rt.jar=64577:C:\Program Files\JetBrains\IntelliJ IDEA 2024.2.1\bin
29-Oct-2024 17:12:45.001 INFO [main] org.apache.catalina.startup.VersionLoggerListener.log Command line argument:             -Dfile.encoding=UTF-8
29-Oct-2024 17:12:45.017 INFO [main] org.apache.catalina.core.AprLifecycleListener.lifecycleEvent Cargada la biblioteca nativa APR de Apache Tomcat [1.3.1] con la versión APR [1.7.4].
29-Oct-2024 17:12:45.017 INFO [main] org.apache.catalina.core.AprLifecycleListener.lifecycleEvent Capacidades APR: IPv6 [true], enviar fichero [true], aceptar filtros [false], aleatorio [true], UDS [true].
29-Oct-2024 17:12:45.017 INFO [main] org.apache.catalina.core.AprLifecycleListener.lifecycleEvent APR/OpenSSL configuration: useAprConnector [false], useOpenSSL [true]
29-Oct-2024 17:12:45.060 INFO [main] org.apache.catalina.core.AprLifecycleListener.initializeSSL OpenSSL inicializado correctamente [OpenSSL 3.0.14 4 Jun 2024]
29-Oct-2024 17:12:45.808 INFO [main] org.apache.coyote.AbstractProtocol.init Inicializando el manejador de protocolo ["http-nio-8080"]

29-Oct-2024 17:12:45.879 INFO [main] org.apache.catalina.startup.Catalina.load Server initialization in [1566] milliseconds
29-Oct-2024 17:12:46.040 INFO [main] org.apache.catalina.core.StandardService.startInternal Arrancando servicio [Catalina]
29-Oct-2024 17:12:46.042 INFO [main] org.apache.catalina.core.StandardEngine.startInternal Starting Servlet engine: [Apache Tomcat/9.0.93]
29-Oct-2024 17:12:46.065 INFO [main] org.apache.catalina.startup.HostConfig.deployDescriptor Desplieque del descriptor de configuración [C:\Proyecto-3s\T03_BodegaLaEsquinita_P\conf\Catalina\localhost\T03_BodegaLaEsquinita_P.xml]
29-Oct-2024 17:12:56.236 INFO [main] org.apache.jasper.servlet.TldScanner.scanJars Al menos un JAR, que se ha explorado buscando TLDs, aún no contenía TLDs. Activar historial de depuración para este historiador para una completa lista de los JARs que fueron explorados y de los que nos se halló TLDs. Saltarse JARs no necesarios durante la exploración puede dar lugar a una mejora de tiempo significativa en el arranque y compilación de JSP .
29-Oct-2024 17:12:57.856 WARNING [main] org.apache.catalina.util.SessionIdGeneratorBase.createSecureRandom Creation of SecureRandom instance for session ID generation using [SHA1PRNG] took [166] milliseconds.
29-Oct-2024 17:12:58.131 INFO [main] org.apache.catalina.startup.HostConfig.deployDescriptor Deployment of deployment descriptor [C:\Proyecto-3s\T03_BodegaLaEsquinita_P\conf\Catalina\localhost\T03_BodegaLaEsquinita_P.xml] has finished in [12.065] ms
29-Oct-2024 17:12:58.148 INFO [main] org.apache.coyote.AbstractProtocol.start Starting ProtocolHandler ["http-nio-8080"]
29-Oct-2024 17:12:58.441 INFO [main] org.apache.catalina.startup.Catalina.start Server startup in [12559] milliseconds
29-Oct-2024 17:16:12.562 INFO [Thread-1] org.apache.coyote.AbstractProtocol.pause Pausing ProtocolHandler ["http-nio-8080"]
29-Oct-2024 17:16:13.101 INFO [Thread-1] org.apache.catalina.core.StandardService.stopInternal Parando servicio [Catalina]
29-Oct-2024 17:16:13.720 WARNING [Thread-1] org.apache.catalina.loader.WebappClassLoaderBase.clearReferencesJdbc La aplicación web [T03_BodegaLaEsquinita_P] registró el conductor JDBC [com.microsoft.sqlserver.jdbc.SQLServerDriver] pero falló al anular el registro mientras la aplicación web estaba parada. Para prevenir un fallo de memoria, se ha anulado el registro del conductor JDBC por la fuerza.
29-Oct-2024 17:16:13.986 INFO [Thread-1] org.apache.coyote.AbstractProtocol.stop Stopping ProtocolHandler ["http-nio-8080"]
29-Oct-2024 17:16:14.044 INFO [Thread-1] org.apache.coyote.AbstractProtocol.destroy Destroying ProtocolHandler ["http-nio-8080"]
29-Oct-2024 17:16:56.365 INFO [main] org.apache.catalina.startup.VersionLoggerListener.log Nombre de la versión del servidor: Apache Tomcat/9.0.93
29-Oct-2024 17:16:56.369 INFO [main] org.apache.catalina.startup.VersionLoggerListener.log Server built:                      Aug 2 2024 21:24:59 UTC
29-Oct-2024 17:16:56.374 INFO [main] org.apache.catalina.startup.VersionLoggerListener.log Número de versión de servidor:     9.0.93.0
29-Oct-2024 17:16:56.374 INFO [main] org.apache.catalina.startup.VersionLoggerListener.log OS Name:                           Windows 11
29-Oct-2024 17:16:56.374 INFO [main] org.apache.catalina.startup.VersionLoggerListener.log Versión de Systema Operativo:      10.0
29-Oct-2024 17:16:56.374 INFO [main] org.apache.catalina.startup.VersionLoggerListener.log Arquitectura:                      amd64
29-Oct-2024 17:16:56.374 INFO [main] org.apache.catalina.startup.VersionLoggerListener.log Java Home:                         C:\Program Files\Java\jdk-17
29-Oct-2024 17:16:56.376 INFO [main] org.apache.catalina.startup.VersionLoggerListener.log JVM Version:                       17.0.10+11-LTS-240
29-Oct-2024 17:16:56.376 INFO [main] org.apache.catalina.startup.VersionLoggerListener.log Vededor JVM:                       Oracle Corporation
29-Oct-2024 17:16:56.376 INFO [main] org.apache.catalina.startup.VersionLoggerListener.log CATALINA_BASE:                     C:\Proyecto-3s\T03_BodegaLaEsquinita_P
29-Oct-2024 17:16:56.376 INFO [main] org.apache.catalina.startup.VersionLoggerListener.log CATALINA_HOME:                     C:\ValleGrande\IntelliJ\apache-tomcat-9.0.93
29-Oct-2024 17:16:56.393 INFO [main] org.apache.catalina.startup.VersionLoggerListener.log Command line argument:             --add-opens=java.base/java.lang=ALL-UNNAMED
29-Oct-2024 17:16:56.393 INFO [main] org.apache.catalina.startup.VersionLoggerListener.log Command line argument:             --add-opens=java.base/java.io=ALL-UNNAMED
29-Oct-2024 17:16:56.393 INFO [main] org.apache.catalina.startup.VersionLoggerListener.log Command line argument:             --add-opens=java.base/java.util=ALL-UNNAMED
29-Oct-2024 17:16:56.393 INFO [main] org.apache.catalina.startup.VersionLoggerListener.log Command line argument:             --add-opens=java.base/java.util.concurrent=ALL-UNNAMED
29-Oct-2024 17:16:56.393 INFO [main] org.apache.catalina.startup.VersionLoggerListener.log Command line argument:             --add-opens=java.rmi/sun.rmi.transport=ALL-UNNAMED
29-Oct-2024 17:16:56.393 INFO [main] org.apache.catalina.startup.VersionLoggerListener.log Command line argument:             -Dcatalina.home=C:\..\ValleGrande\IntelliJ\apache-tomcat-9.0.93
29-Oct-2024 17:16:56.393 INFO [main] org.apache.catalina.startup.VersionLoggerListener.log Command line argument:             -Dcatalina.base=C:\Proyecto-3s\T03_BodegaLaEsquinita_P
29-Oct-2024 17:16:56.393 INFO [main] org.apache.catalina.startup.VersionLoggerListener.log Command line argument:             -Djava.io.tmpdir=C:\Proyecto-3s\T03_BodegaLaEsquinita_P\temp
29-Oct-2024 17:16:56.393 INFO [main] org.apache.catalina.startup.VersionLoggerListener.log Command line argument:             -Djava.util.logging.config.file=C:\Proyecto-3s\T03_BodegaLaEsquinita_P\conf\logging.properties
29-Oct-2024 17:16:56.393 INFO [main] org.apache.catalina.startup.VersionLoggerListener.log Command line argument:             -Djava.util.logging.manager=org.apache.juli.ClassLoaderLogManager
29-Oct-2024 17:16:56.393 INFO [main] org.apache.catalina.startup.VersionLoggerListener.log Command line argument:             -javaagent:C:\Program Files\JetBrains\IntelliJ IDEA 2024.2.1\lib\idea_rt.jar=64931:C:\Program Files\JetBrains\IntelliJ IDEA 2024.2.1\bin
29-Oct-2024 17:16:56.393 INFO [main] org.apache.catalina.startup.VersionLoggerListener.log Command line argument:             -Dfile.encoding=UTF-8
29-Oct-2024 17:16:56.677 INFO [main] org.apache.catalina.core.AprLifecycleListener.lifecycleEvent Cargada la biblioteca nativa APR de Apache Tomcat [1.3.1] con la versión APR [1.7.4].
29-Oct-2024 17:16:56.677 INFO [main] org.apache.catalina.core.AprLifecycleListener.lifecycleEvent Capacidades APR: IPv6 [true], enviar fichero [true], aceptar filtros [false], aleatorio [true], UDS [true].
29-Oct-2024 17:16:56.677 INFO [main] org.apache.catalina.core.AprLifecycleListener.lifecycleEvent APR/OpenSSL configuration: useAprConnector [false], useOpenSSL [true]
29-Oct-2024 17:16:56.725 INFO [main] org.apache.catalina.core.AprLifecycleListener.initializeSSL OpenSSL inicializado correctamente [OpenSSL 3.0.14 4 Jun 2024]
29-Oct-2024 17:16:57.656 INFO [main] org.apache.coyote.AbstractProtocol.init Inicializando el manejador de protocolo ["http-nio-8080"]

29-Oct-2024 17:16:57.735 INFO [main] org.apache.catalina.startup.Catalina.load Server initialization in [2284] milliseconds
29-Oct-2024 17:16:57.977 INFO [main] org.apache.catalina.core.StandardService.startInternal Arrancando servicio [Catalina]
29-Oct-2024 17:16:57.980 INFO [main] org.apache.catalina.core.StandardEngine.startInternal Starting Servlet engine: [Apache Tomcat/9.0.93]
29-Oct-2024 17:16:58.017 INFO [main] org.apache.catalina.startup.HostConfig.deployDescriptor Desplieque del descriptor de configuración [C:\Proyecto-3s\T03_BodegaLaEsquinita_P\conf\Catalina\localhost\T03_BodegaLaEsquinita_P.xml]
29-Oct-2024 17:17:06.524 INFO [main] org.apache.jasper.servlet.TldScanner.scanJars Al menos un JAR, que se ha explorado buscando TLDs, aún no contenía TLDs. Activar historial de depuración para este historiador para una completa lista de los JARs que fueron explorados y de los que nos se halló TLDs. Saltarse JARs no necesarios durante la exploración puede dar lugar a una mejora de tiempo significativa en el arranque y compilación de JSP .
29-Oct-2024 17:17:07.186 INFO [main] org.apache.catalina.startup.HostConfig.deployDescriptor Deployment of deployment descriptor [C:\Proyecto-3s\T03_BodegaLaEsquinita_P\conf\Catalina\localhost\T03_BodegaLaEsquinita_P.xml] has finished in [9.169] ms
29-Oct-2024 17:17:07.204 INFO [main] org.apache.coyote.AbstractProtocol.start Starting ProtocolHandler ["http-nio-8080"]
29-Oct-2024 17:17:07.438 INFO [main] org.apache.catalina.startup.Catalina.start Server startup in [9702] milliseconds
29-Oct-2024 17:17:19.082 INFO [Thread-1] org.apache.coyote.AbstractProtocol.pause Pausing ProtocolHandler ["http-nio-8080"]
29-Oct-2024 17:17:19.387 INFO [Thread-1] org.apache.catalina.core.StandardService.stopInternal Parando servicio [Catalina]
29-Oct-2024 17:17:19.405 WARNING [Thread-1] org.apache.catalina.loader.WebappClassLoaderBase.clearReferencesJdbc La aplicación web [T03_BodegaLaEsquinita_P] registró el conductor JDBC [com.microsoft.sqlserver.jdbc.SQLServerDriver] pero falló al anular el registro mientras la aplicación web estaba parada. Para prevenir un fallo de memoria, se ha anulado el registro del conductor JDBC por la fuerza.
29-Oct-2024 17:17:19.413 INFO [Thread-1] org.apache.coyote.AbstractProtocol.stop Stopping ProtocolHandler ["http-nio-8080"]
29-Oct-2024 17:17:19.428 INFO [Thread-1] org.apache.coyote.AbstractProtocol.destroy Destroying ProtocolHandler ["http-nio-8080"]
