25-Oct-2024 15:54:24.197 INFO [main] org.apache.catalina.startup.VersionLoggerListener.log Nombre de la versión del servidor: Apache Tomcat/9.0.93
25-Oct-2024 15:54:24.205 INFO [main] org.apache.catalina.startup.VersionLoggerListener.log Server built:                      Aug 2 2024 21:24:59 UTC
25-Oct-2024 15:54:24.205 INFO [main] org.apache.catalina.startup.VersionLoggerListener.log Número de versión de servidor:     9.0.93.0
25-Oct-2024 15:54:24.206 INFO [main] org.apache.catalina.startup.VersionLoggerListener.log OS Name:                           Windows 11
25-Oct-2024 15:54:24.206 INFO [main] org.apache.catalina.startup.VersionLoggerListener.log Versión de Systema Operativo:      10.0
25-Oct-2024 15:54:24.206 INFO [main] org.apache.catalina.startup.VersionLoggerListener.log Arquitectura:                      amd64
25-Oct-2024 15:54:24.206 INFO [main] org.apache.catalina.startup.VersionLoggerListener.log Java Home:                         C:\Program Files\Java\jdk-17
25-Oct-2024 15:54:24.207 INFO [main] org.apache.catalina.startup.VersionLoggerListener.log JVM Version:                       17.0.10+11-LTS-240
25-Oct-2024 15:54:24.207 INFO [main] org.apache.catalina.startup.VersionLoggerListener.log Vededor JVM:                       Oracle Corporation
25-Oct-2024 15:54:24.207 INFO [main] org.apache.catalina.startup.VersionLoggerListener.log CATALINA_BASE:                     C:\Proyecto-3s\T03_BodegaLaEsquinita_P
25-Oct-2024 15:54:24.207 INFO [main] org.apache.catalina.startup.VersionLoggerListener.log CATALINA_HOME:                     C:\ValleGrande\IntelliJ\apache-tomcat-9.0.93
25-Oct-2024 15:54:24.228 INFO [main] org.apache.catalina.startup.VersionLoggerListener.log Command line argument:             --add-opens=java.base/java.lang=ALL-UNNAMED
25-Oct-2024 15:54:24.228 INFO [main] org.apache.catalina.startup.VersionLoggerListener.log Command line argument:             --add-opens=java.base/java.io=ALL-UNNAMED
25-Oct-2024 15:54:24.229 INFO [main] org.apache.catalina.startup.VersionLoggerListener.log Command line argument:             --add-opens=java.base/java.util=ALL-UNNAMED
25-Oct-2024 15:54:24.229 INFO [main] org.apache.catalina.startup.VersionLoggerListener.log Command line argument:             --add-opens=java.base/java.util.concurrent=ALL-UNNAMED
25-Oct-2024 15:54:24.229 INFO [main] org.apache.catalina.startup.VersionLoggerListener.log Command line argument:             --add-opens=java.rmi/sun.rmi.transport=ALL-UNNAMED
25-Oct-2024 15:54:24.229 INFO [main] org.apache.catalina.startup.VersionLoggerListener.log Command line argument:             -Dcatalina.home=C:\..\ValleGrande\IntelliJ\apache-tomcat-9.0.93
25-Oct-2024 15:54:24.229 INFO [main] org.apache.catalina.startup.VersionLoggerListener.log Command line argument:             -Dcatalina.base=C:\Proyecto-3s\T03_BodegaLaEsquinita_P
25-Oct-2024 15:54:24.229 INFO [main] org.apache.catalina.startup.VersionLoggerListener.log Command line argument:             -Djava.io.tmpdir=C:\Proyecto-3s\T03_BodegaLaEsquinita_P\temp
25-Oct-2024 15:54:24.229 INFO [main] org.apache.catalina.startup.VersionLoggerListener.log Command line argument:             -Djava.util.logging.config.file=C:\Proyecto-3s\T03_BodegaLaEsquinita_P\conf\logging.properties
25-Oct-2024 15:54:24.229 INFO [main] org.apache.catalina.startup.VersionLoggerListener.log Command line argument:             -Djava.util.logging.manager=org.apache.juli.ClassLoaderLogManager
25-Oct-2024 15:54:24.229 INFO [main] org.apache.catalina.startup.VersionLoggerListener.log Command line argument:             -javaagent:C:\Program Files\JetBrains\IntelliJ IDEA 2024.2.1\lib\idea_rt.jar=52342:C:\Program Files\JetBrains\IntelliJ IDEA 2024.2.1\bin
25-Oct-2024 15:54:24.230 INFO [main] org.apache.catalina.startup.VersionLoggerListener.log Command line argument:             -Dfile.encoding=UTF-8
25-Oct-2024 15:54:24.329 INFO [main] org.apache.catalina.core.AprLifecycleListener.lifecycleEvent Cargada la biblioteca nativa APR de Apache Tomcat [1.3.1] con la versión APR [1.7.4].
25-Oct-2024 15:54:24.331 INFO [main] org.apache.catalina.core.AprLifecycleListener.lifecycleEvent Capacidades APR: IPv6 [true], enviar fichero [true], aceptar filtros [false], aleatorio [true], UDS [true].
25-Oct-2024 15:54:24.331 INFO [main] org.apache.catalina.core.AprLifecycleListener.lifecycleEvent APR/OpenSSL configuration: useAprConnector [false], useOpenSSL [true]
25-Oct-2024 15:54:24.361 INFO [main] org.apache.catalina.core.AprLifecycleListener.initializeSSL OpenSSL inicializado correctamente [OpenSSL 3.0.14 4 Jun 2024]
25-Oct-2024 15:54:24.886 INFO [main] org.apache.coyote.AbstractProtocol.init Inicializando el manejador de protocolo ["http-nio-8080"]

25-Oct-2024 15:54:24.921 INFO [main] org.apache.catalina.startup.Catalina.load Server initialization in [1195] milliseconds
25-Oct-2024 15:54:25.021 INFO [main] org.apache.catalina.core.StandardService.startInternal Arrancando servicio [Catalina]
25-Oct-2024 15:54:25.021 INFO [main] org.apache.catalina.core.StandardEngine.startInternal Starting Servlet engine: [Apache Tomcat/9.0.93]
25-Oct-2024 15:54:25.039 INFO [main] org.apache.catalina.startup.HostConfig.deployDescriptor Desplieque del descriptor de configuración [C:\Proyecto-3s\T03_BodegaLaEsquinita_P\conf\Catalina\localhost\T03_BodegaLaEsquinita_P.xml]
25-Oct-2024 15:54:26.318 INFO [main] org.apache.jasper.servlet.TldScanner.scanJars Al menos un JAR, que se ha explorado buscando TLDs, aún no contenía TLDs. Activar historial de depuración para este historiador para una completa lista de los JARs que fueron explorados y de los que nos se halló TLDs. Saltarse JARs no necesarios durante la exploración puede dar lugar a una mejora de tiempo significativa en el arranque y compilación de JSP .
25-Oct-2024 15:54:26.488 INFO [main] org.apache.catalina.startup.HostConfig.deployDescriptor Deployment of deployment descriptor [C:\Proyecto-3s\T03_BodegaLaEsquinita_P\conf\Catalina\localhost\T03_BodegaLaEsquinita_P.xml] has finished in [1.444] ms
25-Oct-2024 15:54:26.495 INFO [main] org.apache.coyote.AbstractProtocol.start Starting ProtocolHandler ["http-nio-8080"]
25-Oct-2024 15:54:26.555 INFO [main] org.apache.catalina.startup.Catalina.start Server startup in [1632] milliseconds
25-Oct-2024 16:13:30.547 INFO [Thread-1] org.apache.coyote.AbstractProtocol.pause Pausing ProtocolHandler ["http-nio-8080"]
25-Oct-2024 16:13:30.850 INFO [Thread-1] org.apache.catalina.core.StandardService.stopInternal Parando servicio [Catalina]
25-Oct-2024 16:13:31.024 WARNING [Thread-1] org.apache.catalina.loader.WebappClassLoaderBase.clearReferencesJdbc La aplicación web [T03_BodegaLaEsquinita_P] registró el conductor JDBC [com.microsoft.sqlserver.jdbc.SQLServerDriver] pero falló al anular el registro mientras la aplicación web estaba parada. Para prevenir un fallo de memoria, se ha anulado el registro del conductor JDBC por la fuerza.
25-Oct-2024 16:13:31.055 INFO [Thread-1] org.apache.coyote.AbstractProtocol.stop Stopping ProtocolHandler ["http-nio-8080"]
25-Oct-2024 16:13:31.081 INFO [Thread-1] org.apache.coyote.AbstractProtocol.destroy Destroying ProtocolHandler ["http-nio-8080"]
25-Oct-2024 16:13:39.279 INFO [main] org.apache.catalina.startup.VersionLoggerListener.log Nombre de la versión del servidor: Apache Tomcat/9.0.93
25-Oct-2024 16:13:39.286 INFO [main] org.apache.catalina.startup.VersionLoggerListener.log Server built:                      Aug 2 2024 21:24:59 UTC
25-Oct-2024 16:13:39.287 INFO [main] org.apache.catalina.startup.VersionLoggerListener.log Número de versión de servidor:     9.0.93.0
25-Oct-2024 16:13:39.287 INFO [main] org.apache.catalina.startup.VersionLoggerListener.log OS Name:                           Windows 11
25-Oct-2024 16:13:39.288 INFO [main] org.apache.catalina.startup.VersionLoggerListener.log Versión de Systema Operativo:      10.0
25-Oct-2024 16:13:39.288 INFO [main] org.apache.catalina.startup.VersionLoggerListener.log Arquitectura:                      amd64
25-Oct-2024 16:13:39.288 INFO [main] org.apache.catalina.startup.VersionLoggerListener.log Java Home:                         C:\Program Files\Java\jdk-17
25-Oct-2024 16:13:39.288 INFO [main] org.apache.catalina.startup.VersionLoggerListener.log JVM Version:                       17.0.10+11-LTS-240
25-Oct-2024 16:13:39.288 INFO [main] org.apache.catalina.startup.VersionLoggerListener.log Vededor JVM:                       Oracle Corporation
25-Oct-2024 16:13:39.289 INFO [main] org.apache.catalina.startup.VersionLoggerListener.log CATALINA_BASE:                     C:\Proyecto-3s\T03_BodegaLaEsquinita_P
25-Oct-2024 16:13:39.289 INFO [main] org.apache.catalina.startup.VersionLoggerListener.log CATALINA_HOME:                     C:\ValleGrande\IntelliJ\apache-tomcat-9.0.93
25-Oct-2024 16:13:39.305 INFO [main] org.apache.catalina.startup.VersionLoggerListener.log Command line argument:             --add-opens=java.base/java.lang=ALL-UNNAMED
25-Oct-2024 16:13:39.306 INFO [main] org.apache.catalina.startup.VersionLoggerListener.log Command line argument:             --add-opens=java.base/java.io=ALL-UNNAMED
25-Oct-2024 16:13:39.306 INFO [main] org.apache.catalina.startup.VersionLoggerListener.log Command line argument:             --add-opens=java.base/java.util=ALL-UNNAMED
25-Oct-2024 16:13:39.306 INFO [main] org.apache.catalina.startup.VersionLoggerListener.log Command line argument:             --add-opens=java.base/java.util.concurrent=ALL-UNNAMED
25-Oct-2024 16:13:39.306 INFO [main] org.apache.catalina.startup.VersionLoggerListener.log Command line argument:             --add-opens=java.rmi/sun.rmi.transport=ALL-UNNAMED
25-Oct-2024 16:13:39.306 INFO [main] org.apache.catalina.startup.VersionLoggerListener.log Command line argument:             -Dcatalina.home=C:\..\ValleGrande\IntelliJ\apache-tomcat-9.0.93
25-Oct-2024 16:13:39.306 INFO [main] org.apache.catalina.startup.VersionLoggerListener.log Command line argument:             -Dcatalina.base=C:\Proyecto-3s\T03_BodegaLaEsquinita_P
25-Oct-2024 16:13:39.307 INFO [main] org.apache.catalina.startup.VersionLoggerListener.log Command line argument:             -Djava.io.tmpdir=C:\Proyecto-3s\T03_BodegaLaEsquinita_P\temp
25-Oct-2024 16:13:39.307 INFO [main] org.apache.catalina.startup.VersionLoggerListener.log Command line argument:             -Djava.util.logging.config.file=C:\Proyecto-3s\T03_BodegaLaEsquinita_P\conf\logging.properties
25-Oct-2024 16:13:39.307 INFO [main] org.apache.catalina.startup.VersionLoggerListener.log Command line argument:             -Djava.util.logging.manager=org.apache.juli.ClassLoaderLogManager
25-Oct-2024 16:13:39.307 INFO [main] org.apache.catalina.startup.VersionLoggerListener.log Command line argument:             -javaagent:C:\Program Files\JetBrains\IntelliJ IDEA 2024.2.1\lib\idea_rt.jar=52744:C:\Program Files\JetBrains\IntelliJ IDEA 2024.2.1\bin
25-Oct-2024 16:13:39.307 INFO [main] org.apache.catalina.startup.VersionLoggerListener.log Command line argument:             -Dfile.encoding=UTF-8
25-Oct-2024 16:13:39.317 INFO [main] org.apache.catalina.core.AprLifecycleListener.lifecycleEvent Cargada la biblioteca nativa APR de Apache Tomcat [1.3.1] con la versión APR [1.7.4].
25-Oct-2024 16:13:39.317 INFO [main] org.apache.catalina.core.AprLifecycleListener.lifecycleEvent Capacidades APR: IPv6 [true], enviar fichero [true], aceptar filtros [false], aleatorio [true], UDS [true].
25-Oct-2024 16:13:39.317 INFO [main] org.apache.catalina.core.AprLifecycleListener.lifecycleEvent APR/OpenSSL configuration: useAprConnector [false], useOpenSSL [true]
25-Oct-2024 16:13:39.347 INFO [main] org.apache.catalina.core.AprLifecycleListener.initializeSSL OpenSSL inicializado correctamente [OpenSSL 3.0.14 4 Jun 2024]
25-Oct-2024 16:13:39.852 INFO [main] org.apache.coyote.AbstractProtocol.init Inicializando el manejador de protocolo ["http-nio-8080"]

25-Oct-2024 16:13:39.883 INFO [main] org.apache.catalina.startup.Catalina.load Server initialization in [1079] milliseconds
25-Oct-2024 16:13:39.971 INFO [main] org.apache.catalina.core.StandardService.startInternal Arrancando servicio [Catalina]
25-Oct-2024 16:13:39.973 INFO [main] org.apache.catalina.core.StandardEngine.startInternal Starting Servlet engine: [Apache Tomcat/9.0.93]
25-Oct-2024 16:13:39.991 INFO [main] org.apache.catalina.startup.HostConfig.deployDescriptor Desplieque del descriptor de configuración [C:\Proyecto-3s\T03_BodegaLaEsquinita_P\conf\Catalina\localhost\T03_BodegaLaEsquinita_P.xml]
25-Oct-2024 16:13:41.305 INFO [main] org.apache.jasper.servlet.TldScanner.scanJars Al menos un JAR, que se ha explorado buscando TLDs, aún no contenía TLDs. Activar historial de depuración para este historiador para una completa lista de los JARs que fueron explorados y de los que nos se halló TLDs. Saltarse JARs no necesarios durante la exploración puede dar lugar a una mejora de tiempo significativa en el arranque y compilación de JSP .
25-Oct-2024 16:13:41.549 INFO [main] org.apache.catalina.startup.HostConfig.deployDescriptor Deployment of deployment descriptor [C:\Proyecto-3s\T03_BodegaLaEsquinita_P\conf\Catalina\localhost\T03_BodegaLaEsquinita_P.xml] has finished in [1.552] ms
25-Oct-2024 16:13:41.555 INFO [main] org.apache.coyote.AbstractProtocol.start Starting ProtocolHandler ["http-nio-8080"]
25-Oct-2024 16:13:41.647 INFO [main] org.apache.catalina.startup.Catalina.start Server startup in [1764] milliseconds
25-Oct-2024 16:16:27.303 INFO [Thread-1] org.apache.coyote.AbstractProtocol.pause Pausing ProtocolHandler ["http-nio-8080"]
25-Oct-2024 16:16:27.704 INFO [Thread-1] org.apache.catalina.core.StandardService.stopInternal Parando servicio [Catalina]
25-Oct-2024 16:16:27.747 WARNING [Thread-1] org.apache.catalina.loader.WebappClassLoaderBase.clearReferencesJdbc La aplicación web [T03_BodegaLaEsquinita_P] registró el conductor JDBC [com.microsoft.sqlserver.jdbc.SQLServerDriver] pero falló al anular el registro mientras la aplicación web estaba parada. Para prevenir un fallo de memoria, se ha anulado el registro del conductor JDBC por la fuerza.
25-Oct-2024 16:16:27.765 INFO [Thread-1] org.apache.coyote.AbstractProtocol.stop Stopping ProtocolHandler ["http-nio-8080"]
25-Oct-2024 16:16:27.785 INFO [Thread-1] org.apache.coyote.AbstractProtocol.destroy Destroying ProtocolHandler ["http-nio-8080"]
25-Oct-2024 16:16:36.638 INFO [main] org.apache.catalina.startup.VersionLoggerListener.log Nombre de la versión del servidor: Apache Tomcat/9.0.93
25-Oct-2024 16:16:36.645 INFO [main] org.apache.catalina.startup.VersionLoggerListener.log Server built:                      Aug 2 2024 21:24:59 UTC
25-Oct-2024 16:16:36.646 INFO [main] org.apache.catalina.startup.VersionLoggerListener.log Número de versión de servidor:     9.0.93.0
25-Oct-2024 16:16:36.646 INFO [main] org.apache.catalina.startup.VersionLoggerListener.log OS Name:                           Windows 11
25-Oct-2024 16:16:36.647 INFO [main] org.apache.catalina.startup.VersionLoggerListener.log Versión de Systema Operativo:      10.0
25-Oct-2024 16:16:36.647 INFO [main] org.apache.catalina.startup.VersionLoggerListener.log Arquitectura:                      amd64
25-Oct-2024 16:16:36.647 INFO [main] org.apache.catalina.startup.VersionLoggerListener.log Java Home:                         C:\Program Files\Java\jdk-17
25-Oct-2024 16:16:36.647 INFO [main] org.apache.catalina.startup.VersionLoggerListener.log JVM Version:                       17.0.10+11-LTS-240
25-Oct-2024 16:16:36.648 INFO [main] org.apache.catalina.startup.VersionLoggerListener.log Vededor JVM:                       Oracle Corporation
25-Oct-2024 16:16:36.648 INFO [main] org.apache.catalina.startup.VersionLoggerListener.log CATALINA_BASE:                     C:\Proyecto-3s\T03_BodegaLaEsquinita_P
25-Oct-2024 16:16:36.648 INFO [main] org.apache.catalina.startup.VersionLoggerListener.log CATALINA_HOME:                     C:\ValleGrande\IntelliJ\apache-tomcat-9.0.93
25-Oct-2024 16:16:36.664 INFO [main] org.apache.catalina.startup.VersionLoggerListener.log Command line argument:             --add-opens=java.base/java.lang=ALL-UNNAMED
25-Oct-2024 16:16:36.664 INFO [main] org.apache.catalina.startup.VersionLoggerListener.log Command line argument:             --add-opens=java.base/java.io=ALL-UNNAMED
25-Oct-2024 16:16:36.665 INFO [main] org.apache.catalina.startup.VersionLoggerListener.log Command line argument:             --add-opens=java.base/java.util=ALL-UNNAMED
25-Oct-2024 16:16:36.665 INFO [main] org.apache.catalina.startup.VersionLoggerListener.log Command line argument:             --add-opens=java.base/java.util.concurrent=ALL-UNNAMED
25-Oct-2024 16:16:36.665 INFO [main] org.apache.catalina.startup.VersionLoggerListener.log Command line argument:             --add-opens=java.rmi/sun.rmi.transport=ALL-UNNAMED
25-Oct-2024 16:16:36.665 INFO [main] org.apache.catalina.startup.VersionLoggerListener.log Command line argument:             -Dcatalina.home=C:\..\ValleGrande\IntelliJ\apache-tomcat-9.0.93
25-Oct-2024 16:16:36.665 INFO [main] org.apache.catalina.startup.VersionLoggerListener.log Command line argument:             -Dcatalina.base=C:\Proyecto-3s\T03_BodegaLaEsquinita_P
25-Oct-2024 16:16:36.666 INFO [main] org.apache.catalina.startup.VersionLoggerListener.log Command line argument:             -Djava.io.tmpdir=C:\Proyecto-3s\T03_BodegaLaEsquinita_P\temp
25-Oct-2024 16:16:36.666 INFO [main] org.apache.catalina.startup.VersionLoggerListener.log Command line argument:             -Djava.util.logging.config.file=C:\Proyecto-3s\T03_BodegaLaEsquinita_P\conf\logging.properties
25-Oct-2024 16:16:36.666 INFO [main] org.apache.catalina.startup.VersionLoggerListener.log Command line argument:             -Djava.util.logging.manager=org.apache.juli.ClassLoaderLogManager
25-Oct-2024 16:16:36.666 INFO [main] org.apache.catalina.startup.VersionLoggerListener.log Command line argument:             -javaagent:C:\Program Files\JetBrains\IntelliJ IDEA 2024.2.1\lib\idea_rt.jar=52836:C:\Program Files\JetBrains\IntelliJ IDEA 2024.2.1\bin
25-Oct-2024 16:16:36.666 INFO [main] org.apache.catalina.startup.VersionLoggerListener.log Command line argument:             -Dfile.encoding=UTF-8
25-Oct-2024 16:16:36.680 INFO [main] org.apache.catalina.core.AprLifecycleListener.lifecycleEvent Cargada la biblioteca nativa APR de Apache Tomcat [1.3.1] con la versión APR [1.7.4].
25-Oct-2024 16:16:36.680 INFO [main] org.apache.catalina.core.AprLifecycleListener.lifecycleEvent Capacidades APR: IPv6 [true], enviar fichero [true], aceptar filtros [false], aleatorio [true], UDS [true].
25-Oct-2024 16:16:36.680 INFO [main] org.apache.catalina.core.AprLifecycleListener.lifecycleEvent APR/OpenSSL configuration: useAprConnector [false], useOpenSSL [true]
25-Oct-2024 16:16:36.718 INFO [main] org.apache.catalina.core.AprLifecycleListener.initializeSSL OpenSSL inicializado correctamente [OpenSSL 3.0.14 4 Jun 2024]
25-Oct-2024 16:16:37.175 INFO [main] org.apache.coyote.AbstractProtocol.init Inicializando el manejador de protocolo ["http-nio-8080"]

25-Oct-2024 16:16:37.214 INFO [main] org.apache.catalina.startup.Catalina.load Server initialization in [1004] milliseconds
25-Oct-2024 16:16:37.310 INFO [main] org.apache.catalina.core.StandardService.startInternal Arrancando servicio [Catalina]
25-Oct-2024 16:16:37.311 INFO [main] org.apache.catalina.core.StandardEngine.startInternal Starting Servlet engine: [Apache Tomcat/9.0.93]
25-Oct-2024 16:16:37.330 INFO [main] org.apache.catalina.startup.HostConfig.deployDescriptor Desplieque del descriptor de configuración [C:\Proyecto-3s\T03_BodegaLaEsquinita_P\conf\Catalina\localhost\T03_BodegaLaEsquinita_P.xml]
25-Oct-2024 16:16:38.431 INFO [main] org.apache.jasper.servlet.TldScanner.scanJars Al menos un JAR, que se ha explorado buscando TLDs, aún no contenía TLDs. Activar historial de depuración para este historiador para una completa lista de los JARs que fueron explorados y de los que nos se halló TLDs. Saltarse JARs no necesarios durante la exploración puede dar lugar a una mejora de tiempo significativa en el arranque y compilación de JSP .
25-Oct-2024 16:16:38.599 INFO [main] org.apache.catalina.startup.HostConfig.deployDescriptor Deployment of deployment descriptor [C:\Proyecto-3s\T03_BodegaLaEsquinita_P\conf\Catalina\localhost\T03_BodegaLaEsquinita_P.xml] has finished in [1.266] ms
25-Oct-2024 16:16:38.605 INFO [main] org.apache.coyote.AbstractProtocol.start Starting ProtocolHandler ["http-nio-8080"]
25-Oct-2024 16:16:38.659 INFO [main] org.apache.catalina.startup.Catalina.start Server startup in [1444] milliseconds
25-Oct-2024 16:34:39.675 INFO [Thread-1] org.apache.coyote.AbstractProtocol.pause Pausing ProtocolHandler ["http-nio-8080"]
25-Oct-2024 16:34:40.095 INFO [Thread-1] org.apache.catalina.core.StandardService.stopInternal Parando servicio [Catalina]
25-Oct-2024 16:34:40.274 WARNING [Thread-1] org.apache.catalina.loader.WebappClassLoaderBase.clearReferencesJdbc La aplicación web [T03_BodegaLaEsquinita_P] registró el conductor JDBC [com.microsoft.sqlserver.jdbc.SQLServerDriver] pero falló al anular el registro mientras la aplicación web estaba parada. Para prevenir un fallo de memoria, se ha anulado el registro del conductor JDBC por la fuerza.
25-Oct-2024 16:34:40.334 INFO [Thread-1] org.apache.coyote.AbstractProtocol.stop Stopping ProtocolHandler ["http-nio-8080"]
25-Oct-2024 16:34:40.354 INFO [Thread-1] org.apache.coyote.AbstractProtocol.destroy Destroying ProtocolHandler ["http-nio-8080"]
25-Oct-2024 16:48:33.794 INFO [main] org.apache.catalina.startup.VersionLoggerListener.log Nombre de la versión del servidor: Apache Tomcat/9.0.93
25-Oct-2024 16:48:33.806 INFO [main] org.apache.catalina.startup.VersionLoggerListener.log Server built:                      Aug 2 2024 21:24:59 UTC
25-Oct-2024 16:48:33.807 INFO [main] org.apache.catalina.startup.VersionLoggerListener.log Número de versión de servidor:     9.0.93.0
25-Oct-2024 16:48:33.808 INFO [main] org.apache.catalina.startup.VersionLoggerListener.log OS Name:                           Windows 11
25-Oct-2024 16:48:33.808 INFO [main] org.apache.catalina.startup.VersionLoggerListener.log Versión de Systema Operativo:      10.0
25-Oct-2024 16:48:33.809 INFO [main] org.apache.catalina.startup.VersionLoggerListener.log Arquitectura:                      amd64
25-Oct-2024 16:48:33.809 INFO [main] org.apache.catalina.startup.VersionLoggerListener.log Java Home:                         C:\Program Files\Java\jdk-17
25-Oct-2024 16:48:33.809 INFO [main] org.apache.catalina.startup.VersionLoggerListener.log JVM Version:                       17.0.10+11-LTS-240
25-Oct-2024 16:48:33.809 INFO [main] org.apache.catalina.startup.VersionLoggerListener.log Vededor JVM:                       Oracle Corporation
25-Oct-2024 16:48:33.810 INFO [main] org.apache.catalina.startup.VersionLoggerListener.log CATALINA_BASE:                     C:\Proyecto-3s\T03_BodegaLaEsquinita_P
25-Oct-2024 16:48:33.810 INFO [main] org.apache.catalina.startup.VersionLoggerListener.log CATALINA_HOME:                     C:\ValleGrande\IntelliJ\apache-tomcat-9.0.93
25-Oct-2024 16:48:33.831 INFO [main] org.apache.catalina.startup.VersionLoggerListener.log Command line argument:             --add-opens=java.base/java.lang=ALL-UNNAMED
25-Oct-2024 16:48:33.832 INFO [main] org.apache.catalina.startup.VersionLoggerListener.log Command line argument:             --add-opens=java.base/java.io=ALL-UNNAMED
25-Oct-2024 16:48:33.832 INFO [main] org.apache.catalina.startup.VersionLoggerListener.log Command line argument:             --add-opens=java.base/java.util=ALL-UNNAMED
25-Oct-2024 16:48:33.832 INFO [main] org.apache.catalina.startup.VersionLoggerListener.log Command line argument:             --add-opens=java.base/java.util.concurrent=ALL-UNNAMED
25-Oct-2024 16:48:33.832 INFO [main] org.apache.catalina.startup.VersionLoggerListener.log Command line argument:             --add-opens=java.rmi/sun.rmi.transport=ALL-UNNAMED
25-Oct-2024 16:48:33.832 INFO [main] org.apache.catalina.startup.VersionLoggerListener.log Command line argument:             -Dcatalina.home=C:\..\ValleGrande\IntelliJ\apache-tomcat-9.0.93
25-Oct-2024 16:48:33.834 INFO [main] org.apache.catalina.startup.VersionLoggerListener.log Command line argument:             -Dcatalina.base=C:\Proyecto-3s\T03_BodegaLaEsquinita_P
25-Oct-2024 16:48:33.836 INFO [main] org.apache.catalina.startup.VersionLoggerListener.log Command line argument:             -Djava.io.tmpdir=C:\Proyecto-3s\T03_BodegaLaEsquinita_P\temp
25-Oct-2024 16:48:33.836 INFO [main] org.apache.catalina.startup.VersionLoggerListener.log Command line argument:             -Djava.util.logging.config.file=C:\Proyecto-3s\T03_BodegaLaEsquinita_P\conf\logging.properties
25-Oct-2024 16:48:33.837 INFO [main] org.apache.catalina.startup.VersionLoggerListener.log Command line argument:             -Djava.util.logging.manager=org.apache.juli.ClassLoaderLogManager
25-Oct-2024 16:48:33.837 INFO [main] org.apache.catalina.startup.VersionLoggerListener.log Command line argument:             -javaagent:C:\Program Files\JetBrains\IntelliJ IDEA 2024.2.1\lib\idea_rt.jar=53668:C:\Program Files\JetBrains\IntelliJ IDEA 2024.2.1\bin
25-Oct-2024 16:48:33.837 INFO [main] org.apache.catalina.startup.VersionLoggerListener.log Command line argument:             -Dfile.encoding=UTF-8
25-Oct-2024 16:48:33.854 INFO [main] org.apache.catalina.core.AprLifecycleListener.lifecycleEvent Cargada la biblioteca nativa APR de Apache Tomcat [1.3.1] con la versión APR [1.7.4].
25-Oct-2024 16:48:33.856 INFO [main] org.apache.catalina.core.AprLifecycleListener.lifecycleEvent Capacidades APR: IPv6 [true], enviar fichero [true], aceptar filtros [false], aleatorio [true], UDS [true].
25-Oct-2024 16:48:33.856 INFO [main] org.apache.catalina.core.AprLifecycleListener.lifecycleEvent APR/OpenSSL configuration: useAprConnector [false], useOpenSSL [true]
25-Oct-2024 16:48:33.895 INFO [main] org.apache.catalina.core.AprLifecycleListener.initializeSSL OpenSSL inicializado correctamente [OpenSSL 3.0.14 4 Jun 2024]
25-Oct-2024 16:48:34.439 INFO [main] org.apache.coyote.AbstractProtocol.init Inicializando el manejador de protocolo ["http-nio-8080"]

25-Oct-2024 16:48:34.475 INFO [main] org.apache.catalina.startup.Catalina.load Server initialization in [1289] milliseconds
25-Oct-2024 16:48:34.571 INFO [main] org.apache.catalina.core.StandardService.startInternal Arrancando servicio [Catalina]
25-Oct-2024 16:48:34.571 INFO [main] org.apache.catalina.core.StandardEngine.startInternal Starting Servlet engine: [Apache Tomcat/9.0.93]
25-Oct-2024 16:48:34.592 INFO [main] org.apache.catalina.startup.HostConfig.deployDescriptor Desplieque del descriptor de configuración [C:\Proyecto-3s\T03_BodegaLaEsquinita_P\conf\Catalina\localhost\T03_BodegaLaEsquinita_P.xml]
25-Oct-2024 16:48:36.660 INFO [main] org.apache.jasper.servlet.TldScanner.scanJars Al menos un JAR, que se ha explorado buscando TLDs, aún no contenía TLDs. Activar historial de depuración para este historiador para una completa lista de los JARs que fueron explorados y de los que nos se halló TLDs. Saltarse JARs no necesarios durante la exploración puede dar lugar a una mejora de tiempo significativa en el arranque y compilación de JSP .
25-Oct-2024 16:48:37.237 WARNING [main] org.apache.catalina.util.SessionIdGeneratorBase.createSecureRandom Creation of SecureRandom instance for session ID generation using [SHA1PRNG] took [278] milliseconds.
25-Oct-2024 16:48:37.456 INFO [main] org.apache.catalina.startup.HostConfig.deployDescriptor Deployment of deployment descriptor [C:\Proyecto-3s\T03_BodegaLaEsquinita_P\conf\Catalina\localhost\T03_BodegaLaEsquinita_P.xml] has finished in [2.862] ms
25-Oct-2024 16:48:37.473 INFO [main] org.apache.coyote.AbstractProtocol.start Starting ProtocolHandler ["http-nio-8080"]
25-Oct-2024 16:48:37.755 INFO [main] org.apache.catalina.startup.Catalina.start Server startup in [3280] milliseconds
25-Oct-2024 16:51:49.545 INFO [Thread-1] org.apache.coyote.AbstractProtocol.pause Pausing ProtocolHandler ["http-nio-8080"]
25-Oct-2024 16:51:49.842 INFO [Thread-1] org.apache.catalina.core.StandardService.stopInternal Parando servicio [Catalina]
25-Oct-2024 16:51:49.966 WARNING [Thread-1] org.apache.catalina.loader.WebappClassLoaderBase.clearReferencesJdbc La aplicación web [T03_BodegaLaEsquinita_P] registró el conductor JDBC [com.microsoft.sqlserver.jdbc.SQLServerDriver] pero falló al anular el registro mientras la aplicación web estaba parada. Para prevenir un fallo de memoria, se ha anulado el registro del conductor JDBC por la fuerza.
25-Oct-2024 16:51:50.003 INFO [Thread-1] org.apache.coyote.AbstractProtocol.stop Stopping ProtocolHandler ["http-nio-8080"]
25-Oct-2024 16:51:50.030 INFO [Thread-1] org.apache.coyote.AbstractProtocol.destroy Destroying ProtocolHandler ["http-nio-8080"]
25-Oct-2024 16:51:57.630 INFO [main] org.apache.catalina.startup.VersionLoggerListener.log Nombre de la versión del servidor: Apache Tomcat/9.0.93
25-Oct-2024 16:51:57.642 INFO [main] org.apache.catalina.startup.VersionLoggerListener.log Server built:                      Aug 2 2024 21:24:59 UTC
25-Oct-2024 16:51:57.645 INFO [main] org.apache.catalina.startup.VersionLoggerListener.log Número de versión de servidor:     9.0.93.0
25-Oct-2024 16:51:57.645 INFO [main] org.apache.catalina.startup.VersionLoggerListener.log OS Name:                           Windows 11
25-Oct-2024 16:51:57.646 INFO [main] org.apache.catalina.startup.VersionLoggerListener.log Versión de Systema Operativo:      10.0
25-Oct-2024 16:51:57.646 INFO [main] org.apache.catalina.startup.VersionLoggerListener.log Arquitectura:                      amd64
25-Oct-2024 16:51:57.646 INFO [main] org.apache.catalina.startup.VersionLoggerListener.log Java Home:                         C:\Program Files\Java\jdk-17
25-Oct-2024 16:51:57.647 INFO [main] org.apache.catalina.startup.VersionLoggerListener.log JVM Version:                       17.0.10+11-LTS-240
25-Oct-2024 16:51:57.647 INFO [main] org.apache.catalina.startup.VersionLoggerListener.log Vededor JVM:                       Oracle Corporation
25-Oct-2024 16:51:57.648 INFO [main] org.apache.catalina.startup.VersionLoggerListener.log CATALINA_BASE:                     C:\Proyecto-3s\T03_BodegaLaEsquinita_P
25-Oct-2024 16:51:57.648 INFO [main] org.apache.catalina.startup.VersionLoggerListener.log CATALINA_HOME:                     C:\ValleGrande\IntelliJ\apache-tomcat-9.0.93
25-Oct-2024 16:51:57.707 INFO [main] org.apache.catalina.startup.VersionLoggerListener.log Command line argument:             --add-opens=java.base/java.lang=ALL-UNNAMED
25-Oct-2024 16:51:57.707 INFO [main] org.apache.catalina.startup.VersionLoggerListener.log Command line argument:             --add-opens=java.base/java.io=ALL-UNNAMED
25-Oct-2024 16:51:57.707 INFO [main] org.apache.catalina.startup.VersionLoggerListener.log Command line argument:             --add-opens=java.base/java.util=ALL-UNNAMED
25-Oct-2024 16:51:57.708 INFO [main] org.apache.catalina.startup.VersionLoggerListener.log Command line argument:             --add-opens=java.base/java.util.concurrent=ALL-UNNAMED
25-Oct-2024 16:51:57.708 INFO [main] org.apache.catalina.startup.VersionLoggerListener.log Command line argument:             --add-opens=java.rmi/sun.rmi.transport=ALL-UNNAMED
25-Oct-2024 16:51:57.708 INFO [main] org.apache.catalina.startup.VersionLoggerListener.log Command line argument:             -Dcatalina.home=C:\..\ValleGrande\IntelliJ\apache-tomcat-9.0.93
25-Oct-2024 16:51:57.708 INFO [main] org.apache.catalina.startup.VersionLoggerListener.log Command line argument:             -Dcatalina.base=C:\Proyecto-3s\T03_BodegaLaEsquinita_P
25-Oct-2024 16:51:57.708 INFO [main] org.apache.catalina.startup.VersionLoggerListener.log Command line argument:             -Djava.io.tmpdir=C:\Proyecto-3s\T03_BodegaLaEsquinita_P\temp
25-Oct-2024 16:51:57.709 INFO [main] org.apache.catalina.startup.VersionLoggerListener.log Command line argument:             -Djava.util.logging.config.file=C:\Proyecto-3s\T03_BodegaLaEsquinita_P\conf\logging.properties
25-Oct-2024 16:51:57.709 INFO [main] org.apache.catalina.startup.VersionLoggerListener.log Command line argument:             -Djava.util.logging.manager=org.apache.juli.ClassLoaderLogManager
25-Oct-2024 16:51:57.709 INFO [main] org.apache.catalina.startup.VersionLoggerListener.log Command line argument:             -javaagent:C:\Program Files\JetBrains\IntelliJ IDEA 2024.2.1\lib\idea_rt.jar=53759:C:\Program Files\JetBrains\IntelliJ IDEA 2024.2.1\bin
25-Oct-2024 16:51:57.710 INFO [main] org.apache.catalina.startup.VersionLoggerListener.log Command line argument:             -Dfile.encoding=UTF-8
25-Oct-2024 16:51:57.733 INFO [main] org.apache.catalina.core.AprLifecycleListener.lifecycleEvent Cargada la biblioteca nativa APR de Apache Tomcat [1.3.1] con la versión APR [1.7.4].
25-Oct-2024 16:51:57.734 INFO [main] org.apache.catalina.core.AprLifecycleListener.lifecycleEvent Capacidades APR: IPv6 [true], enviar fichero [true], aceptar filtros [false], aleatorio [true], UDS [true].
25-Oct-2024 16:51:57.734 INFO [main] org.apache.catalina.core.AprLifecycleListener.lifecycleEvent APR/OpenSSL configuration: useAprConnector [false], useOpenSSL [true]
25-Oct-2024 16:51:57.790 INFO [main] org.apache.catalina.core.AprLifecycleListener.initializeSSL OpenSSL inicializado correctamente [OpenSSL 3.0.14 4 Jun 2024]
25-Oct-2024 16:51:58.668 INFO [main] org.apache.coyote.AbstractProtocol.init Inicializando el manejador de protocolo ["http-nio-8080"]

25-Oct-2024 16:51:58.719 INFO [main] org.apache.catalina.startup.Catalina.load Server initialization in [1968] milliseconds
25-Oct-2024 16:51:58.873 INFO [main] org.apache.catalina.core.StandardService.startInternal Arrancando servicio [Catalina]
25-Oct-2024 16:51:58.874 INFO [main] org.apache.catalina.core.StandardEngine.startInternal Starting Servlet engine: [Apache Tomcat/9.0.93]
25-Oct-2024 16:51:58.904 INFO [main] org.apache.catalina.startup.HostConfig.deployDescriptor Desplieque del descriptor de configuración [C:\Proyecto-3s\T03_BodegaLaEsquinita_P\conf\Catalina\localhost\T03_BodegaLaEsquinita_P.xml]
25-Oct-2024 16:52:01.455 INFO [main] org.apache.jasper.servlet.TldScanner.scanJars Al menos un JAR, que se ha explorado buscando TLDs, aún no contenía TLDs. Activar historial de depuración para este historiador para una completa lista de los JARs que fueron explorados y de los que nos se halló TLDs. Saltarse JARs no necesarios durante la exploración puede dar lugar a una mejora de tiempo significativa en el arranque y compilación de JSP .
25-Oct-2024 16:52:01.805 INFO [main] org.apache.catalina.startup.HostConfig.deployDescriptor Deployment of deployment descriptor [C:\Proyecto-3s\T03_BodegaLaEsquinita_P\conf\Catalina\localhost\T03_BodegaLaEsquinita_P.xml] has finished in [2.896] ms
25-Oct-2024 16:52:01.817 INFO [main] org.apache.coyote.AbstractProtocol.start Starting ProtocolHandler ["http-nio-8080"]
25-Oct-2024 16:52:01.939 INFO [main] org.apache.catalina.startup.Catalina.start Server startup in [3219] milliseconds
25-Oct-2024 16:54:02.296 INFO [Thread-1] org.apache.coyote.AbstractProtocol.pause Pausing ProtocolHandler ["http-nio-8080"]
25-Oct-2024 16:54:02.598 INFO [Thread-1] org.apache.catalina.core.StandardService.stopInternal Parando servicio [Catalina]
25-Oct-2024 16:54:02.703 WARNING [Thread-1] org.apache.catalina.loader.WebappClassLoaderBase.clearReferencesJdbc La aplicación web [T03_BodegaLaEsquinita_P] registró el conductor JDBC [com.microsoft.sqlserver.jdbc.SQLServerDriver] pero falló al anular el registro mientras la aplicación web estaba parada. Para prevenir un fallo de memoria, se ha anulado el registro del conductor JDBC por la fuerza.
25-Oct-2024 16:54:02.732 INFO [Thread-1] org.apache.coyote.AbstractProtocol.stop Stopping ProtocolHandler ["http-nio-8080"]
25-Oct-2024 16:54:02.758 INFO [Thread-1] org.apache.coyote.AbstractProtocol.destroy Destroying ProtocolHandler ["http-nio-8080"]
25-Oct-2024 16:54:11.123 INFO [main] org.apache.catalina.startup.VersionLoggerListener.log Nombre de la versión del servidor: Apache Tomcat/9.0.93
25-Oct-2024 16:54:11.132 INFO [main] org.apache.catalina.startup.VersionLoggerListener.log Server built:                      Aug 2 2024 21:24:59 UTC
25-Oct-2024 16:54:11.133 INFO [main] org.apache.catalina.startup.VersionLoggerListener.log Número de versión de servidor:     9.0.93.0
25-Oct-2024 16:54:11.133 INFO [main] org.apache.catalina.startup.VersionLoggerListener.log OS Name:                           Windows 11
25-Oct-2024 16:54:11.133 INFO [main] org.apache.catalina.startup.VersionLoggerListener.log Versión de Systema Operativo:      10.0
25-Oct-2024 16:54:11.134 INFO [main] org.apache.catalina.startup.VersionLoggerListener.log Arquitectura:                      amd64
25-Oct-2024 16:54:11.134 INFO [main] org.apache.catalina.startup.VersionLoggerListener.log Java Home:                         C:\Program Files\Java\jdk-17
25-Oct-2024 16:54:11.134 INFO [main] org.apache.catalina.startup.VersionLoggerListener.log JVM Version:                       17.0.10+11-LTS-240
25-Oct-2024 16:54:11.134 INFO [main] org.apache.catalina.startup.VersionLoggerListener.log Vededor JVM:                       Oracle Corporation
25-Oct-2024 16:54:11.134 INFO [main] org.apache.catalina.startup.VersionLoggerListener.log CATALINA_BASE:                     C:\Proyecto-3s\T03_BodegaLaEsquinita_P
25-Oct-2024 16:54:11.135 INFO [main] org.apache.catalina.startup.VersionLoggerListener.log CATALINA_HOME:                     C:\ValleGrande\IntelliJ\apache-tomcat-9.0.93
25-Oct-2024 16:54:11.165 INFO [main] org.apache.catalina.startup.VersionLoggerListener.log Command line argument:             --add-opens=java.base/java.lang=ALL-UNNAMED
25-Oct-2024 16:54:11.167 INFO [main] org.apache.catalina.startup.VersionLoggerListener.log Command line argument:             --add-opens=java.base/java.io=ALL-UNNAMED
25-Oct-2024 16:54:11.167 INFO [main] org.apache.catalina.startup.VersionLoggerListener.log Command line argument:             --add-opens=java.base/java.util=ALL-UNNAMED
25-Oct-2024 16:54:11.167 INFO [main] org.apache.catalina.startup.VersionLoggerListener.log Command line argument:             --add-opens=java.base/java.util.concurrent=ALL-UNNAMED
25-Oct-2024 16:54:11.167 INFO [main] org.apache.catalina.startup.VersionLoggerListener.log Command line argument:             --add-opens=java.rmi/sun.rmi.transport=ALL-UNNAMED
25-Oct-2024 16:54:11.167 INFO [main] org.apache.catalina.startup.VersionLoggerListener.log Command line argument:             -Dcatalina.home=C:\..\ValleGrande\IntelliJ\apache-tomcat-9.0.93
25-Oct-2024 16:54:11.167 INFO [main] org.apache.catalina.startup.VersionLoggerListener.log Command line argument:             -Dcatalina.base=C:\Proyecto-3s\T03_BodegaLaEsquinita_P
25-Oct-2024 16:54:11.167 INFO [main] org.apache.catalina.startup.VersionLoggerListener.log Command line argument:             -Djava.io.tmpdir=C:\Proyecto-3s\T03_BodegaLaEsquinita_P\temp
25-Oct-2024 16:54:11.167 INFO [main] org.apache.catalina.startup.VersionLoggerListener.log Command line argument:             -Djava.util.logging.config.file=C:\Proyecto-3s\T03_BodegaLaEsquinita_P\conf\logging.properties
25-Oct-2024 16:54:11.168 INFO [main] org.apache.catalina.startup.VersionLoggerListener.log Command line argument:             -Djava.util.logging.manager=org.apache.juli.ClassLoaderLogManager
25-Oct-2024 16:54:11.168 INFO [main] org.apache.catalina.startup.VersionLoggerListener.log Command line argument:             -javaagent:C:\Program Files\JetBrains\IntelliJ IDEA 2024.2.1\lib\idea_rt.jar=53818:C:\Program Files\JetBrains\IntelliJ IDEA 2024.2.1\bin
25-Oct-2024 16:54:11.168 INFO [main] org.apache.catalina.startup.VersionLoggerListener.log Command line argument:             -Dfile.encoding=UTF-8
25-Oct-2024 16:54:11.185 INFO [main] org.apache.catalina.core.AprLifecycleListener.lifecycleEvent Cargada la biblioteca nativa APR de Apache Tomcat [1.3.1] con la versión APR [1.7.4].
25-Oct-2024 16:54:11.185 INFO [main] org.apache.catalina.core.AprLifecycleListener.lifecycleEvent Capacidades APR: IPv6 [true], enviar fichero [true], aceptar filtros [false], aleatorio [true], UDS [true].
25-Oct-2024 16:54:11.185 INFO [main] org.apache.catalina.core.AprLifecycleListener.lifecycleEvent APR/OpenSSL configuration: useAprConnector [false], useOpenSSL [true]
25-Oct-2024 16:54:11.225 INFO [main] org.apache.catalina.core.AprLifecycleListener.initializeSSL OpenSSL inicializado correctamente [OpenSSL 3.0.14 4 Jun 2024]
25-Oct-2024 16:54:12.208 INFO [main] org.apache.coyote.AbstractProtocol.init Inicializando el manejador de protocolo ["http-nio-8080"]

25-Oct-2024 16:54:12.263 INFO [main] org.apache.catalina.startup.Catalina.load Server initialization in [1742] milliseconds
25-Oct-2024 16:54:12.398 INFO [main] org.apache.catalina.core.StandardService.startInternal Arrancando servicio [Catalina]
25-Oct-2024 16:54:12.399 INFO [main] org.apache.catalina.core.StandardEngine.startInternal Starting Servlet engine: [Apache Tomcat/9.0.93]
25-Oct-2024 16:54:12.422 INFO [main] org.apache.catalina.startup.HostConfig.deployDescriptor Desplieque del descriptor de configuración [C:\Proyecto-3s\T03_BodegaLaEsquinita_P\conf\Catalina\localhost\T03_BodegaLaEsquinita_P.xml]
25-Oct-2024 16:54:14.504 INFO [main] org.apache.jasper.servlet.TldScanner.scanJars Al menos un JAR, que se ha explorado buscando TLDs, aún no contenía TLDs. Activar historial de depuración para este historiador para una completa lista de los JARs que fueron explorados y de los que nos se halló TLDs. Saltarse JARs no necesarios durante la exploración puede dar lugar a una mejora de tiempo significativa en el arranque y compilación de JSP .
25-Oct-2024 16:54:14.745 INFO [main] org.apache.catalina.startup.HostConfig.deployDescriptor Deployment of deployment descriptor [C:\Proyecto-3s\T03_BodegaLaEsquinita_P\conf\Catalina\localhost\T03_BodegaLaEsquinita_P.xml] has finished in [2.317] ms
25-Oct-2024 16:54:14.754 INFO [main] org.apache.coyote.AbstractProtocol.start Starting ProtocolHandler ["http-nio-8080"]
25-Oct-2024 16:54:14.848 INFO [main] org.apache.catalina.startup.Catalina.start Server startup in [2584] milliseconds
25-Oct-2024 16:55:42.897 INFO [Thread-1] org.apache.coyote.AbstractProtocol.pause Pausing ProtocolHandler ["http-nio-8080"]
25-Oct-2024 16:55:43.214 INFO [Thread-1] org.apache.catalina.core.StandardService.stopInternal Parando servicio [Catalina]
25-Oct-2024 16:55:43.273 WARNING [Thread-1] org.apache.catalina.loader.WebappClassLoaderBase.clearReferencesJdbc La aplicación web [T03_BodegaLaEsquinita_P] registró el conductor JDBC [com.microsoft.sqlserver.jdbc.SQLServerDriver] pero falló al anular el registro mientras la aplicación web estaba parada. Para prevenir un fallo de memoria, se ha anulado el registro del conductor JDBC por la fuerza.
25-Oct-2024 16:55:43.289 INFO [Thread-1] org.apache.coyote.AbstractProtocol.stop Stopping ProtocolHandler ["http-nio-8080"]
25-Oct-2024 16:55:43.302 INFO [Thread-1] org.apache.coyote.AbstractProtocol.destroy Destroying ProtocolHandler ["http-nio-8080"]
25-Oct-2024 16:56:03.495 INFO [main] org.apache.catalina.startup.VersionLoggerListener.log Nombre de la versión del servidor: Apache Tomcat/9.0.93
25-Oct-2024 16:56:03.511 INFO [main] org.apache.catalina.startup.VersionLoggerListener.log Server built:                      Aug 2 2024 21:24:59 UTC
25-Oct-2024 16:56:03.511 INFO [main] org.apache.catalina.startup.VersionLoggerListener.log Número de versión de servidor:     9.0.93.0
25-Oct-2024 16:56:03.512 INFO [main] org.apache.catalina.startup.VersionLoggerListener.log OS Name:                           Windows 11
25-Oct-2024 16:56:03.513 INFO [main] org.apache.catalina.startup.VersionLoggerListener.log Versión de Systema Operativo:      10.0
25-Oct-2024 16:56:03.513 INFO [main] org.apache.catalina.startup.VersionLoggerListener.log Arquitectura:                      amd64
25-Oct-2024 16:56:03.514 INFO [main] org.apache.catalina.startup.VersionLoggerListener.log Java Home:                         C:\Program Files\Java\jdk-17
25-Oct-2024 16:56:03.514 INFO [main] org.apache.catalina.startup.VersionLoggerListener.log JVM Version:                       17.0.10+11-LTS-240
25-Oct-2024 16:56:03.515 INFO [main] org.apache.catalina.startup.VersionLoggerListener.log Vededor JVM:                       Oracle Corporation
25-Oct-2024 16:56:03.516 INFO [main] org.apache.catalina.startup.VersionLoggerListener.log CATALINA_BASE:                     C:\Proyecto-3s\T03_BodegaLaEsquinita_P
25-Oct-2024 16:56:03.516 INFO [main] org.apache.catalina.startup.VersionLoggerListener.log CATALINA_HOME:                     C:\ValleGrande\IntelliJ\apache-tomcat-9.0.93
25-Oct-2024 16:56:03.545 INFO [main] org.apache.catalina.startup.VersionLoggerListener.log Command line argument:             --add-opens=java.base/java.lang=ALL-UNNAMED
25-Oct-2024 16:56:03.546 INFO [main] org.apache.catalina.startup.VersionLoggerListener.log Command line argument:             --add-opens=java.base/java.io=ALL-UNNAMED
25-Oct-2024 16:56:03.546 INFO [main] org.apache.catalina.startup.VersionLoggerListener.log Command line argument:             --add-opens=java.base/java.util=ALL-UNNAMED
25-Oct-2024 16:56:03.546 INFO [main] org.apache.catalina.startup.VersionLoggerListener.log Command line argument:             --add-opens=java.base/java.util.concurrent=ALL-UNNAMED
25-Oct-2024 16:56:03.546 INFO [main] org.apache.catalina.startup.VersionLoggerListener.log Command line argument:             --add-opens=java.rmi/sun.rmi.transport=ALL-UNNAMED
25-Oct-2024 16:56:03.547 INFO [main] org.apache.catalina.startup.VersionLoggerListener.log Command line argument:             -Dcatalina.home=C:\..\ValleGrande\IntelliJ\apache-tomcat-9.0.93
25-Oct-2024 16:56:03.547 INFO [main] org.apache.catalina.startup.VersionLoggerListener.log Command line argument:             -Dcatalina.base=C:\Proyecto-3s\T03_BodegaLaEsquinita_P
25-Oct-2024 16:56:03.547 INFO [main] org.apache.catalina.startup.VersionLoggerListener.log Command line argument:             -Djava.io.tmpdir=C:\Proyecto-3s\T03_BodegaLaEsquinita_P\temp
25-Oct-2024 16:56:03.547 INFO [main] org.apache.catalina.startup.VersionLoggerListener.log Command line argument:             -Djava.util.logging.config.file=C:\Proyecto-3s\T03_BodegaLaEsquinita_P\conf\logging.properties
25-Oct-2024 16:56:03.547 INFO [main] org.apache.catalina.startup.VersionLoggerListener.log Command line argument:             -Djava.util.logging.manager=org.apache.juli.ClassLoaderLogManager
25-Oct-2024 16:56:03.547 INFO [main] org.apache.catalina.startup.VersionLoggerListener.log Command line argument:             -javaagent:C:\Program Files\JetBrains\IntelliJ IDEA 2024.2.1\lib\idea_rt.jar=53898:C:\Program Files\JetBrains\IntelliJ IDEA 2024.2.1\bin
25-Oct-2024 16:56:03.548 INFO [main] org.apache.catalina.startup.VersionLoggerListener.log Command line argument:             -Dfile.encoding=UTF-8
25-Oct-2024 16:56:03.568 INFO [main] org.apache.catalina.core.AprLifecycleListener.lifecycleEvent Cargada la biblioteca nativa APR de Apache Tomcat [1.3.1] con la versión APR [1.7.4].
25-Oct-2024 16:56:03.568 INFO [main] org.apache.catalina.core.AprLifecycleListener.lifecycleEvent Capacidades APR: IPv6 [true], enviar fichero [true], aceptar filtros [false], aleatorio [true], UDS [true].
25-Oct-2024 16:56:03.570 INFO [main] org.apache.catalina.core.AprLifecycleListener.lifecycleEvent APR/OpenSSL configuration: useAprConnector [false], useOpenSSL [true]
25-Oct-2024 16:56:03.631 INFO [main] org.apache.catalina.core.AprLifecycleListener.initializeSSL OpenSSL inicializado correctamente [OpenSSL 3.0.14 4 Jun 2024]
25-Oct-2024 16:56:04.433 INFO [main] org.apache.coyote.AbstractProtocol.init Inicializando el manejador de protocolo ["http-nio-8080"]

25-Oct-2024 16:56:04.488 INFO [main] org.apache.catalina.startup.Catalina.load Server initialization in [1789] milliseconds
25-Oct-2024 16:56:04.641 INFO [main] org.apache.catalina.core.StandardService.startInternal Arrancando servicio [Catalina]
25-Oct-2024 16:56:04.641 INFO [main] org.apache.catalina.core.StandardEngine.startInternal Starting Servlet engine: [Apache Tomcat/9.0.93]
25-Oct-2024 16:56:04.670 INFO [main] org.apache.catalina.startup.HostConfig.deployDescriptor Desplieque del descriptor de configuración [C:\Proyecto-3s\T03_BodegaLaEsquinita_P\conf\Catalina\localhost\T03_BodegaLaEsquinita_P.xml]
25-Oct-2024 16:56:07.003 INFO [main] org.apache.jasper.servlet.TldScanner.scanJars Al menos un JAR, que se ha explorado buscando TLDs, aún no contenía TLDs. Activar historial de depuración para este historiador para una completa lista de los JARs que fueron explorados y de los que nos se halló TLDs. Saltarse JARs no necesarios durante la exploración puede dar lugar a una mejora de tiempo significativa en el arranque y compilación de JSP .
25-Oct-2024 16:56:07.358 INFO [main] org.apache.catalina.startup.HostConfig.deployDescriptor Deployment of deployment descriptor [C:\Proyecto-3s\T03_BodegaLaEsquinita_P\conf\Catalina\localhost\T03_BodegaLaEsquinita_P.xml] has finished in [2.682] ms
25-Oct-2024 16:56:07.368 INFO [main] org.apache.coyote.AbstractProtocol.start Starting ProtocolHandler ["http-nio-8080"]
25-Oct-2024 16:56:07.464 INFO [main] org.apache.catalina.startup.Catalina.start Server startup in [2975] milliseconds
25-Oct-2024 16:57:47.518 INFO [Thread-1] org.apache.coyote.AbstractProtocol.pause Pausing ProtocolHandler ["http-nio-8080"]
25-Oct-2024 16:57:48.139 INFO [Thread-1] org.apache.catalina.core.StandardService.stopInternal Parando servicio [Catalina]
25-Oct-2024 16:57:48.360 WARNING [Thread-1] org.apache.catalina.loader.WebappClassLoaderBase.clearReferencesJdbc La aplicación web [T03_BodegaLaEsquinita_P] registró el conductor JDBC [com.microsoft.sqlserver.jdbc.SQLServerDriver] pero falló al anular el registro mientras la aplicación web estaba parada. Para prevenir un fallo de memoria, se ha anulado el registro del conductor JDBC por la fuerza.
25-Oct-2024 16:57:48.425 INFO [Thread-1] org.apache.coyote.AbstractProtocol.stop Stopping ProtocolHandler ["http-nio-8080"]
25-Oct-2024 16:57:48.451 INFO [Thread-1] org.apache.coyote.AbstractProtocol.destroy Destroying ProtocolHandler ["http-nio-8080"]
25-Oct-2024 16:57:55.968 INFO [main] org.apache.catalina.startup.VersionLoggerListener.log Nombre de la versión del servidor: Apache Tomcat/9.0.93
25-Oct-2024 16:57:55.979 INFO [main] org.apache.catalina.startup.VersionLoggerListener.log Server built:                      Aug 2 2024 21:24:59 UTC
25-Oct-2024 16:57:55.980 INFO [main] org.apache.catalina.startup.VersionLoggerListener.log Número de versión de servidor:     9.0.93.0
25-Oct-2024 16:57:55.980 INFO [main] org.apache.catalina.startup.VersionLoggerListener.log OS Name:                           Windows 11
25-Oct-2024 16:57:55.980 INFO [main] org.apache.catalina.startup.VersionLoggerListener.log Versión de Systema Operativo:      10.0
25-Oct-2024 16:57:55.980 INFO [main] org.apache.catalina.startup.VersionLoggerListener.log Arquitectura:                      amd64
25-Oct-2024 16:57:55.980 INFO [main] org.apache.catalina.startup.VersionLoggerListener.log Java Home:                         C:\Program Files\Java\jdk-17
25-Oct-2024 16:57:55.980 INFO [main] org.apache.catalina.startup.VersionLoggerListener.log JVM Version:                       17.0.10+11-LTS-240
25-Oct-2024 16:57:55.980 INFO [main] org.apache.catalina.startup.VersionLoggerListener.log Vededor JVM:                       Oracle Corporation
25-Oct-2024 16:57:55.981 INFO [main] org.apache.catalina.startup.VersionLoggerListener.log CATALINA_BASE:                     C:\Proyecto-3s\T03_BodegaLaEsquinita_P
25-Oct-2024 16:57:55.981 INFO [main] org.apache.catalina.startup.VersionLoggerListener.log CATALINA_HOME:                     C:\ValleGrande\IntelliJ\apache-tomcat-9.0.93
25-Oct-2024 16:57:56.003 INFO [main] org.apache.catalina.startup.VersionLoggerListener.log Command line argument:             --add-opens=java.base/java.lang=ALL-UNNAMED
25-Oct-2024 16:57:56.003 INFO [main] org.apache.catalina.startup.VersionLoggerListener.log Command line argument:             --add-opens=java.base/java.io=ALL-UNNAMED
25-Oct-2024 16:57:56.003 INFO [main] org.apache.catalina.startup.VersionLoggerListener.log Command line argument:             --add-opens=java.base/java.util=ALL-UNNAMED
25-Oct-2024 16:57:56.003 INFO [main] org.apache.catalina.startup.VersionLoggerListener.log Command line argument:             --add-opens=java.base/java.util.concurrent=ALL-UNNAMED
25-Oct-2024 16:57:56.003 INFO [main] org.apache.catalina.startup.VersionLoggerListener.log Command line argument:             --add-opens=java.rmi/sun.rmi.transport=ALL-UNNAMED
25-Oct-2024 16:57:56.003 INFO [main] org.apache.catalina.startup.VersionLoggerListener.log Command line argument:             -Dcatalina.home=C:\..\ValleGrande\IntelliJ\apache-tomcat-9.0.93
25-Oct-2024 16:57:56.003 INFO [main] org.apache.catalina.startup.VersionLoggerListener.log Command line argument:             -Dcatalina.base=C:\Proyecto-3s\T03_BodegaLaEsquinita_P
25-Oct-2024 16:57:56.004 INFO [main] org.apache.catalina.startup.VersionLoggerListener.log Command line argument:             -Djava.io.tmpdir=C:\Proyecto-3s\T03_BodegaLaEsquinita_P\temp
25-Oct-2024 16:57:56.004 INFO [main] org.apache.catalina.startup.VersionLoggerListener.log Command line argument:             -Djava.util.logging.config.file=C:\Proyecto-3s\T03_BodegaLaEsquinita_P\conf\logging.properties
25-Oct-2024 16:57:56.004 INFO [main] org.apache.catalina.startup.VersionLoggerListener.log Command line argument:             -Djava.util.logging.manager=org.apache.juli.ClassLoaderLogManager
25-Oct-2024 16:57:56.005 INFO [main] org.apache.catalina.startup.VersionLoggerListener.log Command line argument:             -javaagent:C:\Program Files\JetBrains\IntelliJ IDEA 2024.2.1\lib\idea_rt.jar=53958:C:\Program Files\JetBrains\IntelliJ IDEA 2024.2.1\bin
25-Oct-2024 16:57:56.005 INFO [main] org.apache.catalina.startup.VersionLoggerListener.log Command line argument:             -Dfile.encoding=UTF-8
25-Oct-2024 16:57:56.019 INFO [main] org.apache.catalina.core.AprLifecycleListener.lifecycleEvent Cargada la biblioteca nativa APR de Apache Tomcat [1.3.1] con la versión APR [1.7.4].
25-Oct-2024 16:57:56.020 INFO [main] org.apache.catalina.core.AprLifecycleListener.lifecycleEvent Capacidades APR: IPv6 [true], enviar fichero [true], aceptar filtros [false], aleatorio [true], UDS [true].
25-Oct-2024 16:57:56.020 INFO [main] org.apache.catalina.core.AprLifecycleListener.lifecycleEvent APR/OpenSSL configuration: useAprConnector [false], useOpenSSL [true]
25-Oct-2024 16:57:56.067 INFO [main] org.apache.catalina.core.AprLifecycleListener.initializeSSL OpenSSL inicializado correctamente [OpenSSL 3.0.14 4 Jun 2024]
25-Oct-2024 16:57:56.771 INFO [main] org.apache.coyote.AbstractProtocol.init Inicializando el manejador de protocolo ["http-nio-8080"]

25-Oct-2024 16:57:56.842 INFO [main] org.apache.catalina.startup.Catalina.load Server initialization in [1522] milliseconds
25-Oct-2024 16:57:56.984 INFO [main] org.apache.catalina.core.StandardService.startInternal Arrancando servicio [Catalina]
25-Oct-2024 16:57:56.985 INFO [main] org.apache.catalina.core.StandardEngine.startInternal Starting Servlet engine: [Apache Tomcat/9.0.93]
25-Oct-2024 16:57:57.013 INFO [main] org.apache.catalina.startup.HostConfig.deployDescriptor Desplieque del descriptor de configuración [C:\Proyecto-3s\T03_BodegaLaEsquinita_P\conf\Catalina\localhost\T03_BodegaLaEsquinita_P.xml]
25-Oct-2024 16:57:58.873 INFO [main] org.apache.jasper.servlet.TldScanner.scanJars Al menos un JAR, que se ha explorado buscando TLDs, aún no contenía TLDs. Activar historial de depuración para este historiador para una completa lista de los JARs que fueron explorados y de los que nos se halló TLDs. Saltarse JARs no necesarios durante la exploración puede dar lugar a una mejora de tiempo significativa en el arranque y compilación de JSP .
25-Oct-2024 16:57:59.204 INFO [main] org.apache.catalina.startup.HostConfig.deployDescriptor Deployment of deployment descriptor [C:\Proyecto-3s\T03_BodegaLaEsquinita_P\conf\Catalina\localhost\T03_BodegaLaEsquinita_P.xml] has finished in [2.184] ms
25-Oct-2024 16:57:59.217 INFO [main] org.apache.coyote.AbstractProtocol.start Starting ProtocolHandler ["http-nio-8080"]
25-Oct-2024 16:57:59.300 INFO [main] org.apache.catalina.startup.Catalina.start Server startup in [2456] milliseconds
25-Oct-2024 17:13:00.894 INFO [Thread-1] org.apache.coyote.AbstractProtocol.pause Pausing ProtocolHandler ["http-nio-8080"]
25-Oct-2024 17:13:01.263 INFO [Thread-1] org.apache.catalina.core.StandardService.stopInternal Parando servicio [Catalina]
25-Oct-2024 17:13:01.609 WARNING [Thread-1] org.apache.catalina.loader.WebappClassLoaderBase.clearReferencesJdbc La aplicación web [T03_BodegaLaEsquinita_P] registró el conductor JDBC [com.microsoft.sqlserver.jdbc.SQLServerDriver] pero falló al anular el registro mientras la aplicación web estaba parada. Para prevenir un fallo de memoria, se ha anulado el registro del conductor JDBC por la fuerza.
25-Oct-2024 17:13:01.725 INFO [Thread-1] org.apache.coyote.AbstractProtocol.stop Stopping ProtocolHandler ["http-nio-8080"]
25-Oct-2024 17:13:01.768 INFO [Thread-1] org.apache.coyote.AbstractProtocol.destroy Destroying ProtocolHandler ["http-nio-8080"]
25-Oct-2024 17:13:21.164 INFO [main] org.apache.catalina.startup.VersionLoggerListener.log Nombre de la versión del servidor: Apache Tomcat/9.0.93
25-Oct-2024 17:13:21.174 INFO [main] org.apache.catalina.startup.VersionLoggerListener.log Server built:                      Aug 2 2024 21:24:59 UTC
25-Oct-2024 17:13:21.175 INFO [main] org.apache.catalina.startup.VersionLoggerListener.log Número de versión de servidor:     9.0.93.0
25-Oct-2024 17:13:21.175 INFO [main] org.apache.catalina.startup.VersionLoggerListener.log OS Name:                           Windows 11
25-Oct-2024 17:13:21.176 INFO [main] org.apache.catalina.startup.VersionLoggerListener.log Versión de Systema Operativo:      10.0
25-Oct-2024 17:13:21.177 INFO [main] org.apache.catalina.startup.VersionLoggerListener.log Arquitectura:                      amd64
25-Oct-2024 17:13:21.177 INFO [main] org.apache.catalina.startup.VersionLoggerListener.log Java Home:                         C:\Program Files\Java\jdk-17
25-Oct-2024 17:13:21.177 INFO [main] org.apache.catalina.startup.VersionLoggerListener.log JVM Version:                       17.0.10+11-LTS-240
25-Oct-2024 17:13:21.179 INFO [main] org.apache.catalina.startup.VersionLoggerListener.log Vededor JVM:                       Oracle Corporation
25-Oct-2024 17:13:21.179 INFO [main] org.apache.catalina.startup.VersionLoggerListener.log CATALINA_BASE:                     C:\Proyecto-3s\T03_BodegaLaEsquinita_P
25-Oct-2024 17:13:21.179 INFO [main] org.apache.catalina.startup.VersionLoggerListener.log CATALINA_HOME:                     C:\ValleGrande\IntelliJ\apache-tomcat-9.0.93
25-Oct-2024 17:13:21.200 INFO [main] org.apache.catalina.startup.VersionLoggerListener.log Command line argument:             --add-opens=java.base/java.lang=ALL-UNNAMED
25-Oct-2024 17:13:21.200 INFO [main] org.apache.catalina.startup.VersionLoggerListener.log Command line argument:             --add-opens=java.base/java.io=ALL-UNNAMED
25-Oct-2024 17:13:21.201 INFO [main] org.apache.catalina.startup.VersionLoggerListener.log Command line argument:             --add-opens=java.base/java.util=ALL-UNNAMED
25-Oct-2024 17:13:21.201 INFO [main] org.apache.catalina.startup.VersionLoggerListener.log Command line argument:             --add-opens=java.base/java.util.concurrent=ALL-UNNAMED
25-Oct-2024 17:13:21.201 INFO [main] org.apache.catalina.startup.VersionLoggerListener.log Command line argument:             --add-opens=java.rmi/sun.rmi.transport=ALL-UNNAMED
25-Oct-2024 17:13:21.201 INFO [main] org.apache.catalina.startup.VersionLoggerListener.log Command line argument:             -Dcatalina.home=C:\..\ValleGrande\IntelliJ\apache-tomcat-9.0.93
25-Oct-2024 17:13:21.201 INFO [main] org.apache.catalina.startup.VersionLoggerListener.log Command line argument:             -Dcatalina.base=C:\Proyecto-3s\T03_BodegaLaEsquinita_P
25-Oct-2024 17:13:21.201 INFO [main] org.apache.catalina.startup.VersionLoggerListener.log Command line argument:             -Djava.io.tmpdir=C:\Proyecto-3s\T03_BodegaLaEsquinita_P\temp
25-Oct-2024 17:13:21.201 INFO [main] org.apache.catalina.startup.VersionLoggerListener.log Command line argument:             -Djava.util.logging.config.file=C:\Proyecto-3s\T03_BodegaLaEsquinita_P\conf\logging.properties
25-Oct-2024 17:13:21.201 INFO [main] org.apache.catalina.startup.VersionLoggerListener.log Command line argument:             -Djava.util.logging.manager=org.apache.juli.ClassLoaderLogManager
25-Oct-2024 17:13:21.202 INFO [main] org.apache.catalina.startup.VersionLoggerListener.log Command line argument:             -javaagent:C:\Program Files\JetBrains\IntelliJ IDEA 2024.2.1\lib\idea_rt.jar=58221:C:\Program Files\JetBrains\IntelliJ IDEA 2024.2.1\bin
25-Oct-2024 17:13:21.202 INFO [main] org.apache.catalina.startup.VersionLoggerListener.log Command line argument:             -Dfile.encoding=UTF-8
25-Oct-2024 17:13:21.215 INFO [main] org.apache.catalina.core.AprLifecycleListener.lifecycleEvent Cargada la biblioteca nativa APR de Apache Tomcat [1.3.1] con la versión APR [1.7.4].
25-Oct-2024 17:13:21.217 INFO [main] org.apache.catalina.core.AprLifecycleListener.lifecycleEvent Capacidades APR: IPv6 [true], enviar fichero [true], aceptar filtros [false], aleatorio [true], UDS [true].
25-Oct-2024 17:13:21.217 INFO [main] org.apache.catalina.core.AprLifecycleListener.lifecycleEvent APR/OpenSSL configuration: useAprConnector [false], useOpenSSL [true]
25-Oct-2024 17:13:21.271 INFO [main] org.apache.catalina.core.AprLifecycleListener.initializeSSL OpenSSL inicializado correctamente [OpenSSL 3.0.14 4 Jun 2024]
25-Oct-2024 17:13:21.866 INFO [main] org.apache.coyote.AbstractProtocol.init Inicializando el manejador de protocolo ["http-nio-8080"]

25-Oct-2024 17:13:21.913 INFO [main] org.apache.catalina.startup.Catalina.load Server initialization in [1272] milliseconds
25-Oct-2024 17:13:22.050 INFO [main] org.apache.catalina.core.StandardService.startInternal Arrancando servicio [Catalina]
25-Oct-2024 17:13:22.050 INFO [main] org.apache.catalina.core.StandardEngine.startInternal Starting Servlet engine: [Apache Tomcat/9.0.93]
25-Oct-2024 17:13:22.071 INFO [main] org.apache.catalina.startup.HostConfig.deployDescriptor Desplieque del descriptor de configuración [C:\Proyecto-3s\T03_BodegaLaEsquinita_P\conf\Catalina\localhost\T03_BodegaLaEsquinita_P.xml]
25-Oct-2024 17:13:23.707 INFO [main] org.apache.jasper.servlet.TldScanner.scanJars Al menos un JAR, que se ha explorado buscando TLDs, aún no contenía TLDs. Activar historial de depuración para este historiador para una completa lista de los JARs que fueron explorados y de los que nos se halló TLDs. Saltarse JARs no necesarios durante la exploración puede dar lugar a una mejora de tiempo significativa en el arranque y compilación de JSP .
25-Oct-2024 17:13:24.087 INFO [main] org.apache.catalina.startup.HostConfig.deployDescriptor Deployment of deployment descriptor [C:\Proyecto-3s\T03_BodegaLaEsquinita_P\conf\Catalina\localhost\T03_BodegaLaEsquinita_P.xml] has finished in [2.007] ms
25-Oct-2024 17:13:24.102 INFO [main] org.apache.coyote.AbstractProtocol.start Starting ProtocolHandler ["http-nio-8080"]
25-Oct-2024 17:13:24.231 INFO [main] org.apache.catalina.startup.Catalina.start Server startup in [2317] milliseconds
25-Oct-2024 17:19:20.756 INFO [Thread-1] org.apache.coyote.AbstractProtocol.pause Pausing ProtocolHandler ["http-nio-8080"]
25-Oct-2024 17:19:21.299 INFO [Thread-1] org.apache.catalina.core.StandardService.stopInternal Parando servicio [Catalina]
25-Oct-2024 17:19:21.661 WARNING [Thread-1] org.apache.catalina.loader.WebappClassLoaderBase.clearReferencesJdbc La aplicación web [T03_BodegaLaEsquinita_P] registró el conductor JDBC [com.microsoft.sqlserver.jdbc.SQLServerDriver] pero falló al anular el registro mientras la aplicación web estaba parada. Para prevenir un fallo de memoria, se ha anulado el registro del conductor JDBC por la fuerza.
25-Oct-2024 17:19:21.766 INFO [Thread-1] org.apache.coyote.AbstractProtocol.stop Stopping ProtocolHandler ["http-nio-8080"]
25-Oct-2024 17:19:21.804 INFO [Thread-1] org.apache.coyote.AbstractProtocol.destroy Destroying ProtocolHandler ["http-nio-8080"]
25-Oct-2024 17:19:30.747 INFO [main] org.apache.catalina.startup.VersionLoggerListener.log Nombre de la versión del servidor: Apache Tomcat/9.0.93
25-Oct-2024 17:19:30.756 INFO [main] org.apache.catalina.startup.VersionLoggerListener.log Server built:                      Aug 2 2024 21:24:59 UTC
25-Oct-2024 17:19:30.756 INFO [main] org.apache.catalina.startup.VersionLoggerListener.log Número de versión de servidor:     9.0.93.0
25-Oct-2024 17:19:30.757 INFO [main] org.apache.catalina.startup.VersionLoggerListener.log OS Name:                           Windows 11
25-Oct-2024 17:19:30.757 INFO [main] org.apache.catalina.startup.VersionLoggerListener.log Versión de Systema Operativo:      10.0
25-Oct-2024 17:19:30.757 INFO [main] org.apache.catalina.startup.VersionLoggerListener.log Arquitectura:                      amd64
25-Oct-2024 17:19:30.757 INFO [main] org.apache.catalina.startup.VersionLoggerListener.log Java Home:                         C:\Program Files\Java\jdk-17
25-Oct-2024 17:19:30.758 INFO [main] org.apache.catalina.startup.VersionLoggerListener.log JVM Version:                       17.0.10+11-LTS-240
25-Oct-2024 17:19:30.758 INFO [main] org.apache.catalina.startup.VersionLoggerListener.log Vededor JVM:                       Oracle Corporation
25-Oct-2024 17:19:30.758 INFO [main] org.apache.catalina.startup.VersionLoggerListener.log CATALINA_BASE:                     C:\Proyecto-3s\T03_BodegaLaEsquinita_P
25-Oct-2024 17:19:30.758 INFO [main] org.apache.catalina.startup.VersionLoggerListener.log CATALINA_HOME:                     C:\ValleGrande\IntelliJ\apache-tomcat-9.0.93
25-Oct-2024 17:19:30.776 INFO [main] org.apache.catalina.startup.VersionLoggerListener.log Command line argument:             --add-opens=java.base/java.lang=ALL-UNNAMED
25-Oct-2024 17:19:30.776 INFO [main] org.apache.catalina.startup.VersionLoggerListener.log Command line argument:             --add-opens=java.base/java.io=ALL-UNNAMED
25-Oct-2024 17:19:30.777 INFO [main] org.apache.catalina.startup.VersionLoggerListener.log Command line argument:             --add-opens=java.base/java.util=ALL-UNNAMED
25-Oct-2024 17:19:30.777 INFO [main] org.apache.catalina.startup.VersionLoggerListener.log Command line argument:             --add-opens=java.base/java.util.concurrent=ALL-UNNAMED
25-Oct-2024 17:19:30.777 INFO [main] org.apache.catalina.startup.VersionLoggerListener.log Command line argument:             --add-opens=java.rmi/sun.rmi.transport=ALL-UNNAMED
25-Oct-2024 17:19:30.777 INFO [main] org.apache.catalina.startup.VersionLoggerListener.log Command line argument:             -Dcatalina.home=C:\..\ValleGrande\IntelliJ\apache-tomcat-9.0.93
25-Oct-2024 17:19:30.777 INFO [main] org.apache.catalina.startup.VersionLoggerListener.log Command line argument:             -Dcatalina.base=C:\Proyecto-3s\T03_BodegaLaEsquinita_P
25-Oct-2024 17:19:30.777 INFO [main] org.apache.catalina.startup.VersionLoggerListener.log Command line argument:             -Djava.io.tmpdir=C:\Proyecto-3s\T03_BodegaLaEsquinita_P\temp
25-Oct-2024 17:19:30.778 INFO [main] org.apache.catalina.startup.VersionLoggerListener.log Command line argument:             -Djava.util.logging.config.file=C:\Proyecto-3s\T03_BodegaLaEsquinita_P\conf\logging.properties
25-Oct-2024 17:19:30.779 INFO [main] org.apache.catalina.startup.VersionLoggerListener.log Command line argument:             -Djava.util.logging.manager=org.apache.juli.ClassLoaderLogManager
25-Oct-2024 17:19:30.779 INFO [main] org.apache.catalina.startup.VersionLoggerListener.log Command line argument:             -javaagent:C:\Program Files\JetBrains\IntelliJ IDEA 2024.2.1\lib\idea_rt.jar=58328:C:\Program Files\JetBrains\IntelliJ IDEA 2024.2.1\bin
25-Oct-2024 17:19:30.780 INFO [main] org.apache.catalina.startup.VersionLoggerListener.log Command line argument:             -Dfile.encoding=UTF-8
25-Oct-2024 17:19:30.793 INFO [main] org.apache.catalina.core.AprLifecycleListener.lifecycleEvent Cargada la biblioteca nativa APR de Apache Tomcat [1.3.1] con la versión APR [1.7.4].
25-Oct-2024 17:19:30.794 INFO [main] org.apache.catalina.core.AprLifecycleListener.lifecycleEvent Capacidades APR: IPv6 [true], enviar fichero [true], aceptar filtros [false], aleatorio [true], UDS [true].
25-Oct-2024 17:19:30.794 INFO [main] org.apache.catalina.core.AprLifecycleListener.lifecycleEvent APR/OpenSSL configuration: useAprConnector [false], useOpenSSL [true]
25-Oct-2024 17:19:30.836 INFO [main] org.apache.catalina.core.AprLifecycleListener.initializeSSL OpenSSL inicializado correctamente [OpenSSL 3.0.14 4 Jun 2024]
25-Oct-2024 17:19:31.487 INFO [main] org.apache.coyote.AbstractProtocol.init Inicializando el manejador de protocolo ["http-nio-8080"]

25-Oct-2024 17:19:31.537 INFO [main] org.apache.catalina.startup.Catalina.load Server initialization in [1310] milliseconds
25-Oct-2024 17:19:31.654 INFO [main] org.apache.catalina.core.StandardService.startInternal Arrancando servicio [Catalina]
25-Oct-2024 17:19:31.654 INFO [main] org.apache.catalina.core.StandardEngine.startInternal Starting Servlet engine: [Apache Tomcat/9.0.93]
25-Oct-2024 17:19:31.672 INFO [main] org.apache.catalina.startup.HostConfig.deployDescriptor Desplieque del descriptor de configuración [C:\Proyecto-3s\T03_BodegaLaEsquinita_P\conf\Catalina\localhost\T03_BodegaLaEsquinita_P.xml]
25-Oct-2024 17:19:33.127 INFO [main] org.apache.jasper.servlet.TldScanner.scanJars Al menos un JAR, que se ha explorado buscando TLDs, aún no contenía TLDs. Activar historial de depuración para este historiador para una completa lista de los JARs que fueron explorados y de los que nos se halló TLDs. Saltarse JARs no necesarios durante la exploración puede dar lugar a una mejora de tiempo significativa en el arranque y compilación de JSP .
25-Oct-2024 17:19:33.376 INFO [main] org.apache.catalina.startup.HostConfig.deployDescriptor Deployment of deployment descriptor [C:\Proyecto-3s\T03_BodegaLaEsquinita_P\conf\Catalina\localhost\T03_BodegaLaEsquinita_P.xml] has finished in [1.698] ms
25-Oct-2024 17:19:33.388 INFO [main] org.apache.coyote.AbstractProtocol.start Starting ProtocolHandler ["http-nio-8080"]
25-Oct-2024 17:19:33.507 INFO [main] org.apache.catalina.startup.Catalina.start Server startup in [1970] milliseconds
25-Oct-2024 17:52:24.040 INFO [Thread-1] org.apache.coyote.AbstractProtocol.pause Pausing ProtocolHandler ["http-nio-8080"]
25-Oct-2024 17:52:24.585 INFO [Thread-1] org.apache.catalina.core.StandardService.stopInternal Parando servicio [Catalina]
25-Oct-2024 17:52:25.104 WARNING [Thread-1] org.apache.catalina.loader.WebappClassLoaderBase.clearReferencesJdbc La aplicación web [T03_BodegaLaEsquinita_P] registró el conductor JDBC [com.microsoft.sqlserver.jdbc.SQLServerDriver] pero falló al anular el registro mientras la aplicación web estaba parada. Para prevenir un fallo de memoria, se ha anulado el registro del conductor JDBC por la fuerza.
25-Oct-2024 17:52:25.352 INFO [Thread-1] org.apache.coyote.AbstractProtocol.stop Stopping ProtocolHandler ["http-nio-8080"]
25-Oct-2024 17:52:25.416 INFO [Thread-1] org.apache.coyote.AbstractProtocol.destroy Destroying ProtocolHandler ["http-nio-8080"]
25-Oct-2024 17:52:52.538 INFO [main] org.apache.catalina.startup.VersionLoggerListener.log Nombre de la versión del servidor: Apache Tomcat/9.0.93
25-Oct-2024 17:52:52.565 INFO [main] org.apache.catalina.startup.VersionLoggerListener.log Server built:                      Aug 2 2024 21:24:59 UTC
25-Oct-2024 17:52:52.566 INFO [main] org.apache.catalina.startup.VersionLoggerListener.log Número de versión de servidor:     9.0.93.0
25-Oct-2024 17:52:52.567 INFO [main] org.apache.catalina.startup.VersionLoggerListener.log OS Name:                           Windows 11
25-Oct-2024 17:52:52.572 INFO [main] org.apache.catalina.startup.VersionLoggerListener.log Versión de Systema Operativo:      10.0
25-Oct-2024 17:52:52.576 INFO [main] org.apache.catalina.startup.VersionLoggerListener.log Arquitectura:                      amd64
25-Oct-2024 17:52:52.577 INFO [main] org.apache.catalina.startup.VersionLoggerListener.log Java Home:                         C:\Program Files\Java\jdk-17
25-Oct-2024 17:52:52.578 INFO [main] org.apache.catalina.startup.VersionLoggerListener.log JVM Version:                       17.0.10+11-LTS-240
25-Oct-2024 17:52:52.578 INFO [main] org.apache.catalina.startup.VersionLoggerListener.log Vededor JVM:                       Oracle Corporation
25-Oct-2024 17:52:52.578 INFO [main] org.apache.catalina.startup.VersionLoggerListener.log CATALINA_BASE:                     C:\Proyecto-3s\T03_BodegaLaEsquinita_P
25-Oct-2024 17:52:52.579 INFO [main] org.apache.catalina.startup.VersionLoggerListener.log CATALINA_HOME:                     C:\ValleGrande\IntelliJ\apache-tomcat-9.0.93
25-Oct-2024 17:52:52.611 INFO [main] org.apache.catalina.startup.VersionLoggerListener.log Command line argument:             --add-opens=java.base/java.lang=ALL-UNNAMED
25-Oct-2024 17:52:52.612 INFO [main] org.apache.catalina.startup.VersionLoggerListener.log Command line argument:             --add-opens=java.base/java.io=ALL-UNNAMED
25-Oct-2024 17:52:52.612 INFO [main] org.apache.catalina.startup.VersionLoggerListener.log Command line argument:             --add-opens=java.base/java.util=ALL-UNNAMED
25-Oct-2024 17:52:52.612 INFO [main] org.apache.catalina.startup.VersionLoggerListener.log Command line argument:             --add-opens=java.base/java.util.concurrent=ALL-UNNAMED
25-Oct-2024 17:52:52.613 INFO [main] org.apache.catalina.startup.VersionLoggerListener.log Command line argument:             --add-opens=java.rmi/sun.rmi.transport=ALL-UNNAMED
25-Oct-2024 17:52:52.613 INFO [main] org.apache.catalina.startup.VersionLoggerListener.log Command line argument:             -Dcatalina.home=C:\..\ValleGrande\IntelliJ\apache-tomcat-9.0.93
25-Oct-2024 17:52:52.614 INFO [main] org.apache.catalina.startup.VersionLoggerListener.log Command line argument:             -Dcatalina.base=C:\Proyecto-3s\T03_BodegaLaEsquinita_P
25-Oct-2024 17:52:52.614 INFO [main] org.apache.catalina.startup.VersionLoggerListener.log Command line argument:             -Djava.io.tmpdir=C:\Proyecto-3s\T03_BodegaLaEsquinita_P\temp
25-Oct-2024 17:52:52.614 INFO [main] org.apache.catalina.startup.VersionLoggerListener.log Command line argument:             -Djava.util.logging.config.file=C:\Proyecto-3s\T03_BodegaLaEsquinita_P\conf\logging.properties
25-Oct-2024 17:52:52.614 INFO [main] org.apache.catalina.startup.VersionLoggerListener.log Command line argument:             -Djava.util.logging.manager=org.apache.juli.ClassLoaderLogManager
25-Oct-2024 17:52:52.615 INFO [main] org.apache.catalina.startup.VersionLoggerListener.log Command line argument:             -javaagent:C:\Program Files\JetBrains\IntelliJ IDEA 2024.2.1\lib\idea_rt.jar=49929:C:\Program Files\JetBrains\IntelliJ IDEA 2024.2.1\bin
25-Oct-2024 17:52:52.615 INFO [main] org.apache.catalina.startup.VersionLoggerListener.log Command line argument:             -Dfile.encoding=UTF-8
25-Oct-2024 17:52:52.644 INFO [main] org.apache.catalina.core.AprLifecycleListener.lifecycleEvent Cargada la biblioteca nativa APR de Apache Tomcat [1.3.1] con la versión APR [1.7.4].
25-Oct-2024 17:52:52.645 INFO [main] org.apache.catalina.core.AprLifecycleListener.lifecycleEvent Capacidades APR: IPv6 [true], enviar fichero [true], aceptar filtros [false], aleatorio [true], UDS [true].
25-Oct-2024 17:52:52.645 INFO [main] org.apache.catalina.core.AprLifecycleListener.lifecycleEvent APR/OpenSSL configuration: useAprConnector [false], useOpenSSL [true]
25-Oct-2024 17:52:52.718 INFO [main] org.apache.catalina.core.AprLifecycleListener.initializeSSL OpenSSL inicializado correctamente [OpenSSL 3.0.14 4 Jun 2024]
25-Oct-2024 17:52:53.632 INFO [main] org.apache.coyote.AbstractProtocol.init Inicializando el manejador de protocolo ["http-nio-8080"]

25-Oct-2024 17:52:53.695 INFO [main] org.apache.catalina.startup.Catalina.load Server initialization in [1843] milliseconds
25-Oct-2024 17:52:53.830 INFO [main] org.apache.catalina.core.StandardService.startInternal Arrancando servicio [Catalina]
25-Oct-2024 17:52:53.831 INFO [main] org.apache.catalina.core.StandardEngine.startInternal Starting Servlet engine: [Apache Tomcat/9.0.93]
25-Oct-2024 17:52:53.864 INFO [main] org.apache.catalina.startup.HostConfig.deployDescriptor Desplieque del descriptor de configuración [C:\Proyecto-3s\T03_BodegaLaEsquinita_P\conf\Catalina\localhost\T03_BodegaLaEsquinita_P.xml]
25-Oct-2024 17:52:55.994 INFO [main] org.apache.jasper.servlet.TldScanner.scanJars Al menos un JAR, que se ha explorado buscando TLDs, aún no contenía TLDs. Activar historial de depuración para este historiador para una completa lista de los JARs que fueron explorados y de los que nos se halló TLDs. Saltarse JARs no necesarios durante la exploración puede dar lugar a una mejora de tiempo significativa en el arranque y compilación de JSP .
25-Oct-2024 17:52:56.325 INFO [main] org.apache.catalina.startup.HostConfig.deployDescriptor Deployment of deployment descriptor [C:\Proyecto-3s\T03_BodegaLaEsquinita_P\conf\Catalina\localhost\T03_BodegaLaEsquinita_P.xml] has finished in [2.455] ms
25-Oct-2024 17:52:56.339 INFO [main] org.apache.coyote.AbstractProtocol.start Starting ProtocolHandler ["http-nio-8080"]
25-Oct-2024 17:52:56.457 INFO [main] org.apache.catalina.startup.Catalina.start Server startup in [2761] milliseconds
25-Oct-2024 18:55:12.538 INFO [Thread-1] org.apache.coyote.AbstractProtocol.pause Pausing ProtocolHandler ["http-nio-8080"]
25-Oct-2024 18:55:13.114 INFO [Thread-1] org.apache.catalina.core.StandardService.stopInternal Parando servicio [Catalina]
25-Oct-2024 18:55:13.857 WARNING [Thread-1] org.apache.catalina.loader.WebappClassLoaderBase.clearReferencesJdbc La aplicación web [T03_BodegaLaEsquinita_P] registró el conductor JDBC [com.microsoft.sqlserver.jdbc.SQLServerDriver] pero falló al anular el registro mientras la aplicación web estaba parada. Para prevenir un fallo de memoria, se ha anulado el registro del conductor JDBC por la fuerza.
25-Oct-2024 18:55:14.135 INFO [Thread-1] org.apache.coyote.AbstractProtocol.stop Stopping ProtocolHandler ["http-nio-8080"]
25-Oct-2024 18:55:14.205 INFO [Thread-1] org.apache.coyote.AbstractProtocol.destroy Destroying ProtocolHandler ["http-nio-8080"]
25-Oct-2024 18:55:35.690 INFO [main] org.apache.catalina.startup.VersionLoggerListener.log Nombre de la versión del servidor: Apache Tomcat/9.0.93
25-Oct-2024 18:55:35.698 INFO [main] org.apache.catalina.startup.VersionLoggerListener.log Server built:                      Aug 2 2024 21:24:59 UTC
25-Oct-2024 18:55:35.698 INFO [main] org.apache.catalina.startup.VersionLoggerListener.log Número de versión de servidor:     9.0.93.0
25-Oct-2024 18:55:35.698 INFO [main] org.apache.catalina.startup.VersionLoggerListener.log OS Name:                           Windows 11
25-Oct-2024 18:55:35.698 INFO [main] org.apache.catalina.startup.VersionLoggerListener.log Versión de Systema Operativo:      10.0
25-Oct-2024 18:55:35.698 INFO [main] org.apache.catalina.startup.VersionLoggerListener.log Arquitectura:                      amd64
25-Oct-2024 18:55:35.699 INFO [main] org.apache.catalina.startup.VersionLoggerListener.log Java Home:                         C:\Program Files\Java\jdk-17
25-Oct-2024 18:55:35.699 INFO [main] org.apache.catalina.startup.VersionLoggerListener.log JVM Version:                       17.0.10+11-LTS-240
25-Oct-2024 18:55:35.699 INFO [main] org.apache.catalina.startup.VersionLoggerListener.log Vededor JVM:                       Oracle Corporation
25-Oct-2024 18:55:35.699 INFO [main] org.apache.catalina.startup.VersionLoggerListener.log CATALINA_BASE:                     C:\Proyecto-3s\T03_BodegaLaEsquinita_P
25-Oct-2024 18:55:35.699 INFO [main] org.apache.catalina.startup.VersionLoggerListener.log CATALINA_HOME:                     C:\ValleGrande\IntelliJ\apache-tomcat-9.0.93
25-Oct-2024 18:55:35.717 INFO [main] org.apache.catalina.startup.VersionLoggerListener.log Command line argument:             --add-opens=java.base/java.lang=ALL-UNNAMED
25-Oct-2024 18:55:35.717 INFO [main] org.apache.catalina.startup.VersionLoggerListener.log Command line argument:             --add-opens=java.base/java.io=ALL-UNNAMED
25-Oct-2024 18:55:35.717 INFO [main] org.apache.catalina.startup.VersionLoggerListener.log Command line argument:             --add-opens=java.base/java.util=ALL-UNNAMED
25-Oct-2024 18:55:35.717 INFO [main] org.apache.catalina.startup.VersionLoggerListener.log Command line argument:             --add-opens=java.base/java.util.concurrent=ALL-UNNAMED
25-Oct-2024 18:55:35.717 INFO [main] org.apache.catalina.startup.VersionLoggerListener.log Command line argument:             --add-opens=java.rmi/sun.rmi.transport=ALL-UNNAMED
25-Oct-2024 18:55:35.717 INFO [main] org.apache.catalina.startup.VersionLoggerListener.log Command line argument:             -Dcatalina.home=C:\..\ValleGrande\IntelliJ\apache-tomcat-9.0.93
25-Oct-2024 18:55:35.717 INFO [main] org.apache.catalina.startup.VersionLoggerListener.log Command line argument:             -Dcatalina.base=C:\Proyecto-3s\T03_BodegaLaEsquinita_P
25-Oct-2024 18:55:35.717 INFO [main] org.apache.catalina.startup.VersionLoggerListener.log Command line argument:             -Djava.io.tmpdir=C:\Proyecto-3s\T03_BodegaLaEsquinita_P\temp
25-Oct-2024 18:55:35.718 INFO [main] org.apache.catalina.startup.VersionLoggerListener.log Command line argument:             -Djava.util.logging.config.file=C:\Proyecto-3s\T03_BodegaLaEsquinita_P\conf\logging.properties
25-Oct-2024 18:55:35.718 INFO [main] org.apache.catalina.startup.VersionLoggerListener.log Command line argument:             -Djava.util.logging.manager=org.apache.juli.ClassLoaderLogManager
25-Oct-2024 18:55:35.718 INFO [main] org.apache.catalina.startup.VersionLoggerListener.log Command line argument:             -javaagent:C:\Program Files\JetBrains\IntelliJ IDEA 2024.2.1\lib\idea_rt.jar=51125:C:\Program Files\JetBrains\IntelliJ IDEA 2024.2.1\bin
25-Oct-2024 18:55:35.718 INFO [main] org.apache.catalina.startup.VersionLoggerListener.log Command line argument:             -Dfile.encoding=UTF-8
25-Oct-2024 18:55:35.729 INFO [main] org.apache.catalina.core.AprLifecycleListener.lifecycleEvent Cargada la biblioteca nativa APR de Apache Tomcat [1.3.1] con la versión APR [1.7.4].
25-Oct-2024 18:55:35.730 INFO [main] org.apache.catalina.core.AprLifecycleListener.lifecycleEvent Capacidades APR: IPv6 [true], enviar fichero [true], aceptar filtros [false], aleatorio [true], UDS [true].
25-Oct-2024 18:55:35.730 INFO [main] org.apache.catalina.core.AprLifecycleListener.lifecycleEvent APR/OpenSSL configuration: useAprConnector [false], useOpenSSL [true]
25-Oct-2024 18:55:35.758 INFO [main] org.apache.catalina.core.AprLifecycleListener.initializeSSL OpenSSL inicializado correctamente [OpenSSL 3.0.14 4 Jun 2024]
25-Oct-2024 18:55:36.308 INFO [main] org.apache.coyote.AbstractProtocol.init Inicializando el manejador de protocolo ["http-nio-8080"]

25-Oct-2024 18:55:36.354 INFO [main] org.apache.catalina.startup.Catalina.load Server initialization in [1176] milliseconds
25-Oct-2024 18:55:36.471 INFO [main] org.apache.catalina.core.StandardService.startInternal Arrancando servicio [Catalina]
25-Oct-2024 18:55:36.472 INFO [main] org.apache.catalina.core.StandardEngine.startInternal Starting Servlet engine: [Apache Tomcat/9.0.93]
25-Oct-2024 18:55:36.495 INFO [main] org.apache.catalina.startup.HostConfig.deployDescriptor Desplieque del descriptor de configuración [C:\Proyecto-3s\T03_BodegaLaEsquinita_P\conf\Catalina\localhost\T03_BodegaLaEsquinita_P.xml]
25-Oct-2024 18:55:38.356 INFO [main] org.apache.jasper.servlet.TldScanner.scanJars Al menos un JAR, que se ha explorado buscando TLDs, aún no contenía TLDs. Activar historial de depuración para este historiador para una completa lista de los JARs que fueron explorados y de los que nos se halló TLDs. Saltarse JARs no necesarios durante la exploración puede dar lugar a una mejora de tiempo significativa en el arranque y compilación de JSP .
25-Oct-2024 18:55:38.616 INFO [main] org.apache.catalina.startup.HostConfig.deployDescriptor Deployment of deployment descriptor [C:\Proyecto-3s\T03_BodegaLaEsquinita_P\conf\Catalina\localhost\T03_BodegaLaEsquinita_P.xml] has finished in [2.117] ms
25-Oct-2024 18:55:38.625 INFO [main] org.apache.coyote.AbstractProtocol.start Starting ProtocolHandler ["http-nio-8080"]
25-Oct-2024 18:55:38.724 INFO [main] org.apache.catalina.startup.Catalina.start Server startup in [2370] milliseconds
25-Oct-2024 18:56:59.637 INFO [Thread-1] org.apache.coyote.AbstractProtocol.pause Pausing ProtocolHandler ["http-nio-8080"]
25-Oct-2024 18:57:00.137 INFO [Thread-1] org.apache.catalina.core.StandardService.stopInternal Parando servicio [Catalina]
25-Oct-2024 18:57:00.467 INFO [Thread-1] org.apache.coyote.AbstractProtocol.stop Stopping ProtocolHandler ["http-nio-8080"]
25-Oct-2024 18:57:00.504 INFO [Thread-1] org.apache.coyote.AbstractProtocol.destroy Destroying ProtocolHandler ["http-nio-8080"]
25-Oct-2024 18:57:20.483 INFO [main] org.apache.catalina.startup.VersionLoggerListener.log Nombre de la versión del servidor: Apache Tomcat/9.0.93
25-Oct-2024 18:57:20.495 INFO [main] org.apache.catalina.startup.VersionLoggerListener.log Server built:                      Aug 2 2024 21:24:59 UTC
25-Oct-2024 18:57:20.496 INFO [main] org.apache.catalina.startup.VersionLoggerListener.log Número de versión de servidor:     9.0.93.0
25-Oct-2024 18:57:20.496 INFO [main] org.apache.catalina.startup.VersionLoggerListener.log OS Name:                           Windows 11
25-Oct-2024 18:57:20.496 INFO [main] org.apache.catalina.startup.VersionLoggerListener.log Versión de Systema Operativo:      10.0
25-Oct-2024 18:57:20.498 INFO [main] org.apache.catalina.startup.VersionLoggerListener.log Arquitectura:                      amd64
25-Oct-2024 18:57:20.498 INFO [main] org.apache.catalina.startup.VersionLoggerListener.log Java Home:                         C:\Program Files\Java\jdk-17
25-Oct-2024 18:57:20.498 INFO [main] org.apache.catalina.startup.VersionLoggerListener.log JVM Version:                       17.0.10+11-LTS-240
25-Oct-2024 18:57:20.498 INFO [main] org.apache.catalina.startup.VersionLoggerListener.log Vededor JVM:                       Oracle Corporation
25-Oct-2024 18:57:20.498 INFO [main] org.apache.catalina.startup.VersionLoggerListener.log CATALINA_BASE:                     C:\Proyecto-3s\T03_BodegaLaEsquinita_P
25-Oct-2024 18:57:20.499 INFO [main] org.apache.catalina.startup.VersionLoggerListener.log CATALINA_HOME:                     C:\ValleGrande\IntelliJ\apache-tomcat-9.0.93
25-Oct-2024 18:57:20.528 INFO [main] org.apache.catalina.startup.VersionLoggerListener.log Command line argument:             --add-opens=java.base/java.lang=ALL-UNNAMED
25-Oct-2024 18:57:20.528 INFO [main] org.apache.catalina.startup.VersionLoggerListener.log Command line argument:             --add-opens=java.base/java.io=ALL-UNNAMED
25-Oct-2024 18:57:20.529 INFO [main] org.apache.catalina.startup.VersionLoggerListener.log Command line argument:             --add-opens=java.base/java.util=ALL-UNNAMED
25-Oct-2024 18:57:20.529 INFO [main] org.apache.catalina.startup.VersionLoggerListener.log Command line argument:             --add-opens=java.base/java.util.concurrent=ALL-UNNAMED
25-Oct-2024 18:57:20.529 INFO [main] org.apache.catalina.startup.VersionLoggerListener.log Command line argument:             --add-opens=java.rmi/sun.rmi.transport=ALL-UNNAMED
25-Oct-2024 18:57:20.529 INFO [main] org.apache.catalina.startup.VersionLoggerListener.log Command line argument:             -Dcatalina.home=C:\..\ValleGrande\IntelliJ\apache-tomcat-9.0.93
25-Oct-2024 18:57:20.529 INFO [main] org.apache.catalina.startup.VersionLoggerListener.log Command line argument:             -Dcatalina.base=C:\Proyecto-3s\T03_BodegaLaEsquinita_P
25-Oct-2024 18:57:20.529 INFO [main] org.apache.catalina.startup.VersionLoggerListener.log Command line argument:             -Djava.io.tmpdir=C:\Proyecto-3s\T03_BodegaLaEsquinita_P\temp
25-Oct-2024 18:57:20.530 INFO [main] org.apache.catalina.startup.VersionLoggerListener.log Command line argument:             -Djava.util.logging.config.file=C:\Proyecto-3s\T03_BodegaLaEsquinita_P\conf\logging.properties
25-Oct-2024 18:57:20.530 INFO [main] org.apache.catalina.startup.VersionLoggerListener.log Command line argument:             -Djava.util.logging.manager=org.apache.juli.ClassLoaderLogManager
25-Oct-2024 18:57:20.530 INFO [main] org.apache.catalina.startup.VersionLoggerListener.log Command line argument:             -javaagent:C:\Program Files\JetBrains\IntelliJ IDEA 2024.2.1\lib\idea_rt.jar=51174:C:\Program Files\JetBrains\IntelliJ IDEA 2024.2.1\bin
25-Oct-2024 18:57:20.530 INFO [main] org.apache.catalina.startup.VersionLoggerListener.log Command line argument:             -Dfile.encoding=UTF-8
25-Oct-2024 18:57:20.576 INFO [main] org.apache.catalina.core.AprLifecycleListener.lifecycleEvent Cargada la biblioteca nativa APR de Apache Tomcat [1.3.1] con la versión APR [1.7.4].
25-Oct-2024 18:57:20.578 INFO [main] org.apache.catalina.core.AprLifecycleListener.lifecycleEvent Capacidades APR: IPv6 [true], enviar fichero [true], aceptar filtros [false], aleatorio [true], UDS [true].
25-Oct-2024 18:57:20.578 INFO [main] org.apache.catalina.core.AprLifecycleListener.lifecycleEvent APR/OpenSSL configuration: useAprConnector [false], useOpenSSL [true]
25-Oct-2024 18:57:20.618 INFO [main] org.apache.catalina.core.AprLifecycleListener.initializeSSL OpenSSL inicializado correctamente [OpenSSL 3.0.14 4 Jun 2024]
25-Oct-2024 18:57:21.384 INFO [main] org.apache.coyote.AbstractProtocol.init Inicializando el manejador de protocolo ["http-nio-8080"]

25-Oct-2024 18:57:21.531 INFO [main] org.apache.catalina.startup.Catalina.load Server initialization in [1844] milliseconds
25-Oct-2024 18:57:21.810 INFO [main] org.apache.catalina.core.StandardService.startInternal Arrancando servicio [Catalina]
25-Oct-2024 18:57:21.810 INFO [main] org.apache.catalina.core.StandardEngine.startInternal Starting Servlet engine: [Apache Tomcat/9.0.93]
25-Oct-2024 18:57:21.848 INFO [main] org.apache.catalina.startup.HostConfig.deployDescriptor Desplieque del descriptor de configuración [C:\Proyecto-3s\T03_BodegaLaEsquinita_P\conf\Catalina\localhost\T03_BodegaLaEsquinita_P.xml]
25-Oct-2024 18:57:23.907 INFO [main] org.apache.jasper.servlet.TldScanner.scanJars Al menos un JAR, que se ha explorado buscando TLDs, aún no contenía TLDs. Activar historial de depuración para este historiador para una completa lista de los JARs que fueron explorados y de los que nos se halló TLDs. Saltarse JARs no necesarios durante la exploración puede dar lugar a una mejora de tiempo significativa en el arranque y compilación de JSP .
25-Oct-2024 18:57:24.179 WARNING [main] org.apache.catalina.util.SessionIdGeneratorBase.createSecureRandom Creation of SecureRandom instance for session ID generation using [SHA1PRNG] took [105] milliseconds.
25-Oct-2024 18:57:24.232 INFO [main] org.apache.catalina.startup.HostConfig.deployDescriptor Deployment of deployment descriptor [C:\Proyecto-3s\T03_BodegaLaEsquinita_P\conf\Catalina\localhost\T03_BodegaLaEsquinita_P.xml] has finished in [2.383] ms
25-Oct-2024 18:57:24.247 INFO [main] org.apache.coyote.AbstractProtocol.start Starting ProtocolHandler ["http-nio-8080"]
25-Oct-2024 18:57:24.384 INFO [main] org.apache.catalina.startup.Catalina.start Server startup in [2852] milliseconds
25-Oct-2024 19:00:33.800 INFO [Thread-1] org.apache.coyote.AbstractProtocol.pause Pausing ProtocolHandler ["http-nio-8080"]
25-Oct-2024 19:00:34.498 INFO [Thread-1] org.apache.catalina.core.StandardService.stopInternal Parando servicio [Catalina]
25-Oct-2024 19:00:36.561 INFO [Thread-1] org.apache.coyote.AbstractProtocol.stop Stopping ProtocolHandler ["http-nio-8080"]
25-Oct-2024 19:00:36.679 INFO [Thread-1] org.apache.coyote.AbstractProtocol.destroy Destroying ProtocolHandler ["http-nio-8080"]
25-Oct-2024 19:01:01.183 INFO [main] org.apache.catalina.startup.VersionLoggerListener.log Nombre de la versión del servidor: Apache Tomcat/9.0.93
25-Oct-2024 19:01:01.193 INFO [main] org.apache.catalina.startup.VersionLoggerListener.log Server built:                      Aug 2 2024 21:24:59 UTC
25-Oct-2024 19:01:01.193 INFO [main] org.apache.catalina.startup.VersionLoggerListener.log Número de versión de servidor:     9.0.93.0
25-Oct-2024 19:01:01.194 INFO [main] org.apache.catalina.startup.VersionLoggerListener.log OS Name:                           Windows 11
25-Oct-2024 19:01:01.194 INFO [main] org.apache.catalina.startup.VersionLoggerListener.log Versión de Systema Operativo:      10.0
25-Oct-2024 19:01:01.194 INFO [main] org.apache.catalina.startup.VersionLoggerListener.log Arquitectura:                      amd64
25-Oct-2024 19:01:01.194 INFO [main] org.apache.catalina.startup.VersionLoggerListener.log Java Home:                         C:\Program Files\Java\jdk-17
25-Oct-2024 19:01:01.194 INFO [main] org.apache.catalina.startup.VersionLoggerListener.log JVM Version:                       17.0.10+11-LTS-240
25-Oct-2024 19:01:01.194 INFO [main] org.apache.catalina.startup.VersionLoggerListener.log Vededor JVM:                       Oracle Corporation
25-Oct-2024 19:01:01.195 INFO [main] org.apache.catalina.startup.VersionLoggerListener.log CATALINA_BASE:                     C:\Proyecto-3s\T03_BodegaLaEsquinita_P
25-Oct-2024 19:01:01.195 INFO [main] org.apache.catalina.startup.VersionLoggerListener.log CATALINA_HOME:                     C:\ValleGrande\IntelliJ\apache-tomcat-9.0.93
25-Oct-2024 19:01:01.217 INFO [main] org.apache.catalina.startup.VersionLoggerListener.log Command line argument:             --add-opens=java.base/java.lang=ALL-UNNAMED
25-Oct-2024 19:01:01.219 INFO [main] org.apache.catalina.startup.VersionLoggerListener.log Command line argument:             --add-opens=java.base/java.io=ALL-UNNAMED
25-Oct-2024 19:01:01.219 INFO [main] org.apache.catalina.startup.VersionLoggerListener.log Command line argument:             --add-opens=java.base/java.util=ALL-UNNAMED
25-Oct-2024 19:01:01.220 INFO [main] org.apache.catalina.startup.VersionLoggerListener.log Command line argument:             --add-opens=java.base/java.util.concurrent=ALL-UNNAMED
25-Oct-2024 19:01:01.220 INFO [main] org.apache.catalina.startup.VersionLoggerListener.log Command line argument:             --add-opens=java.rmi/sun.rmi.transport=ALL-UNNAMED
25-Oct-2024 19:01:01.220 INFO [main] org.apache.catalina.startup.VersionLoggerListener.log Command line argument:             -Dcatalina.home=C:\..\ValleGrande\IntelliJ\apache-tomcat-9.0.93
25-Oct-2024 19:01:01.222 INFO [main] org.apache.catalina.startup.VersionLoggerListener.log Command line argument:             -Dcatalina.base=C:\Proyecto-3s\T03_BodegaLaEsquinita_P
25-Oct-2024 19:01:01.222 INFO [main] org.apache.catalina.startup.VersionLoggerListener.log Command line argument:             -Djava.io.tmpdir=C:\Proyecto-3s\T03_BodegaLaEsquinita_P\temp
25-Oct-2024 19:01:01.223 INFO [main] org.apache.catalina.startup.VersionLoggerListener.log Command line argument:             -Djava.util.logging.config.file=C:\Proyecto-3s\T03_BodegaLaEsquinita_P\conf\logging.properties
25-Oct-2024 19:01:01.223 INFO [main] org.apache.catalina.startup.VersionLoggerListener.log Command line argument:             -Djava.util.logging.manager=org.apache.juli.ClassLoaderLogManager
25-Oct-2024 19:01:01.223 INFO [main] org.apache.catalina.startup.VersionLoggerListener.log Command line argument:             -javaagent:C:\Program Files\JetBrains\IntelliJ IDEA 2024.2.1\lib\idea_rt.jar=51229:C:\Program Files\JetBrains\IntelliJ IDEA 2024.2.1\bin
25-Oct-2024 19:01:01.223 INFO [main] org.apache.catalina.startup.VersionLoggerListener.log Command line argument:             -Dfile.encoding=UTF-8
25-Oct-2024 19:01:01.238 INFO [main] org.apache.catalina.core.AprLifecycleListener.lifecycleEvent Cargada la biblioteca nativa APR de Apache Tomcat [1.3.1] con la versión APR [1.7.4].
25-Oct-2024 19:01:01.239 INFO [main] org.apache.catalina.core.AprLifecycleListener.lifecycleEvent Capacidades APR: IPv6 [true], enviar fichero [true], aceptar filtros [false], aleatorio [true], UDS [true].
25-Oct-2024 19:01:01.239 INFO [main] org.apache.catalina.core.AprLifecycleListener.lifecycleEvent APR/OpenSSL configuration: useAprConnector [false], useOpenSSL [true]
25-Oct-2024 19:01:01.281 INFO [main] org.apache.catalina.core.AprLifecycleListener.initializeSSL OpenSSL inicializado correctamente [OpenSSL 3.0.14 4 Jun 2024]
25-Oct-2024 19:01:02.010 INFO [main] org.apache.coyote.AbstractProtocol.init Inicializando el manejador de protocolo ["http-nio-8080"]

25-Oct-2024 19:01:02.063 INFO [main] org.apache.catalina.startup.Catalina.load Server initialization in [1569] milliseconds
25-Oct-2024 19:01:02.197 INFO [main] org.apache.catalina.core.StandardService.startInternal Arrancando servicio [Catalina]
25-Oct-2024 19:01:02.197 INFO [main] org.apache.catalina.core.StandardEngine.startInternal Starting Servlet engine: [Apache Tomcat/9.0.93]
25-Oct-2024 19:01:02.234 INFO [main] org.apache.catalina.startup.HostConfig.deployDescriptor Desplieque del descriptor de configuración [C:\Proyecto-3s\T03_BodegaLaEsquinita_P\conf\Catalina\localhost\T03_BodegaLaEsquinita_P.xml]
25-Oct-2024 19:01:04.902 INFO [main] org.apache.jasper.servlet.TldScanner.scanJars Al menos un JAR, que se ha explorado buscando TLDs, aún no contenía TLDs. Activar historial de depuración para este historiador para una completa lista de los JARs que fueron explorados y de los que nos se halló TLDs. Saltarse JARs no necesarios durante la exploración puede dar lugar a una mejora de tiempo significativa en el arranque y compilación de JSP .
25-Oct-2024 19:01:05.250 WARNING [main] org.apache.catalina.util.SessionIdGeneratorBase.createSecureRandom Creation of SecureRandom instance for session ID generation using [SHA1PRNG] took [146] milliseconds.
25-Oct-2024 19:01:05.352 INFO [main] org.apache.catalina.startup.HostConfig.deployDescriptor Deployment of deployment descriptor [C:\Proyecto-3s\T03_BodegaLaEsquinita_P\conf\Catalina\localhost\T03_BodegaLaEsquinita_P.xml] has finished in [3.118] ms
25-Oct-2024 19:01:05.362 INFO [main] org.apache.coyote.AbstractProtocol.start Starting ProtocolHandler ["http-nio-8080"]
25-Oct-2024 19:01:05.509 INFO [main] org.apache.catalina.startup.Catalina.start Server startup in [3444] milliseconds
25-Oct-2024 19:01:53.896 INFO [Thread-1] org.apache.coyote.AbstractProtocol.pause Pausing ProtocolHandler ["http-nio-8080"]
25-Oct-2024 19:01:54.933 INFO [Thread-1] org.apache.catalina.core.StandardService.stopInternal Parando servicio [Catalina]
25-Oct-2024 19:01:56.521 INFO [Thread-1] org.apache.coyote.AbstractProtocol.stop Stopping ProtocolHandler ["http-nio-8080"]
25-Oct-2024 19:01:56.723 INFO [Thread-1] org.apache.coyote.AbstractProtocol.destroy Destroying ProtocolHandler ["http-nio-8080"]
25-Oct-2024 19:02:28.699 INFO [main] org.apache.catalina.startup.VersionLoggerListener.log Nombre de la versión del servidor: Apache Tomcat/9.0.93
25-Oct-2024 19:02:28.712 INFO [main] org.apache.catalina.startup.VersionLoggerListener.log Server built:                      Aug 2 2024 21:24:59 UTC
25-Oct-2024 19:02:28.713 INFO [main] org.apache.catalina.startup.VersionLoggerListener.log Número de versión de servidor:     9.0.93.0
25-Oct-2024 19:02:28.713 INFO [main] org.apache.catalina.startup.VersionLoggerListener.log OS Name:                           Windows 11
25-Oct-2024 19:02:28.714 INFO [main] org.apache.catalina.startup.VersionLoggerListener.log Versión de Systema Operativo:      10.0
25-Oct-2024 19:02:28.714 INFO [main] org.apache.catalina.startup.VersionLoggerListener.log Arquitectura:                      amd64
25-Oct-2024 19:02:28.714 INFO [main] org.apache.catalina.startup.VersionLoggerListener.log Java Home:                         C:\Program Files\Java\jdk-17
25-Oct-2024 19:02:28.715 INFO [main] org.apache.catalina.startup.VersionLoggerListener.log JVM Version:                       17.0.10+11-LTS-240
25-Oct-2024 19:02:28.716 INFO [main] org.apache.catalina.startup.VersionLoggerListener.log Vededor JVM:                       Oracle Corporation
25-Oct-2024 19:02:28.716 INFO [main] org.apache.catalina.startup.VersionLoggerListener.log CATALINA_BASE:                     C:\Proyecto-3s\T03_BodegaLaEsquinita_P
25-Oct-2024 19:02:28.716 INFO [main] org.apache.catalina.startup.VersionLoggerListener.log CATALINA_HOME:                     C:\ValleGrande\IntelliJ\apache-tomcat-9.0.93
25-Oct-2024 19:02:28.740 INFO [main] org.apache.catalina.startup.VersionLoggerListener.log Command line argument:             --add-opens=java.base/java.lang=ALL-UNNAMED
25-Oct-2024 19:02:28.741 INFO [main] org.apache.catalina.startup.VersionLoggerListener.log Command line argument:             --add-opens=java.base/java.io=ALL-UNNAMED
25-Oct-2024 19:02:28.741 INFO [main] org.apache.catalina.startup.VersionLoggerListener.log Command line argument:             --add-opens=java.base/java.util=ALL-UNNAMED
25-Oct-2024 19:02:28.741 INFO [main] org.apache.catalina.startup.VersionLoggerListener.log Command line argument:             --add-opens=java.base/java.util.concurrent=ALL-UNNAMED
25-Oct-2024 19:02:28.742 INFO [main] org.apache.catalina.startup.VersionLoggerListener.log Command line argument:             --add-opens=java.rmi/sun.rmi.transport=ALL-UNNAMED
25-Oct-2024 19:02:28.742 INFO [main] org.apache.catalina.startup.VersionLoggerListener.log Command line argument:             -Dcatalina.home=C:\..\ValleGrande\IntelliJ\apache-tomcat-9.0.93
25-Oct-2024 19:02:28.742 INFO [main] org.apache.catalina.startup.VersionLoggerListener.log Command line argument:             -Dcatalina.base=C:\Proyecto-3s\T03_BodegaLaEsquinita_P
25-Oct-2024 19:02:28.742 INFO [main] org.apache.catalina.startup.VersionLoggerListener.log Command line argument:             -Djava.io.tmpdir=C:\Proyecto-3s\T03_BodegaLaEsquinita_P\temp
25-Oct-2024 19:02:28.742 INFO [main] org.apache.catalina.startup.VersionLoggerListener.log Command line argument:             -Djava.util.logging.config.file=C:\Proyecto-3s\T03_BodegaLaEsquinita_P\conf\logging.properties
25-Oct-2024 19:02:28.742 INFO [main] org.apache.catalina.startup.VersionLoggerListener.log Command line argument:             -Djava.util.logging.manager=org.apache.juli.ClassLoaderLogManager
25-Oct-2024 19:02:28.743 INFO [main] org.apache.catalina.startup.VersionLoggerListener.log Command line argument:             -javaagent:C:\Program Files\JetBrains\IntelliJ IDEA 2024.2.1\lib\idea_rt.jar=51249:C:\Program Files\JetBrains\IntelliJ IDEA 2024.2.1\bin
25-Oct-2024 19:02:28.743 INFO [main] org.apache.catalina.startup.VersionLoggerListener.log Command line argument:             -Dfile.encoding=UTF-8
25-Oct-2024 19:02:28.782 INFO [main] org.apache.catalina.core.AprLifecycleListener.lifecycleEvent Cargada la biblioteca nativa APR de Apache Tomcat [1.3.1] con la versión APR [1.7.4].
25-Oct-2024 19:02:28.782 INFO [main] org.apache.catalina.core.AprLifecycleListener.lifecycleEvent Capacidades APR: IPv6 [true], enviar fichero [true], aceptar filtros [false], aleatorio [true], UDS [true].
25-Oct-2024 19:02:28.782 INFO [main] org.apache.catalina.core.AprLifecycleListener.lifecycleEvent APR/OpenSSL configuration: useAprConnector [false], useOpenSSL [true]
25-Oct-2024 19:02:28.873 INFO [main] org.apache.catalina.core.AprLifecycleListener.initializeSSL OpenSSL inicializado correctamente [OpenSSL 3.0.14 4 Jun 2024]
25-Oct-2024 19:02:29.503 INFO [main] org.apache.coyote.AbstractProtocol.init Inicializando el manejador de protocolo ["http-nio-8080"]

25-Oct-2024 19:02:29.546 INFO [main] org.apache.catalina.startup.Catalina.load Server initialization in [1452] milliseconds
25-Oct-2024 19:02:29.657 INFO [main] org.apache.catalina.core.StandardService.startInternal Arrancando servicio [Catalina]
25-Oct-2024 19:02:29.657 INFO [main] org.apache.catalina.core.StandardEngine.startInternal Starting Servlet engine: [Apache Tomcat/9.0.93]
25-Oct-2024 19:02:29.679 INFO [main] org.apache.catalina.startup.HostConfig.deployDescriptor Desplieque del descriptor de configuración [C:\Proyecto-3s\T03_BodegaLaEsquinita_P\conf\Catalina\localhost\T03_BodegaLaEsquinita_P.xml]
25-Oct-2024 19:02:31.868 INFO [main] org.apache.jasper.servlet.TldScanner.scanJars Al menos un JAR, que se ha explorado buscando TLDs, aún no contenía TLDs. Activar historial de depuración para este historiador para una completa lista de los JARs que fueron explorados y de los que nos se halló TLDs. Saltarse JARs no necesarios durante la exploración puede dar lugar a una mejora de tiempo significativa en el arranque y compilación de JSP .
25-Oct-2024 19:02:32.159 WARNING [main] org.apache.catalina.util.SessionIdGeneratorBase.createSecureRandom Creation of SecureRandom instance for session ID generation using [SHA1PRNG] took [113] milliseconds.
25-Oct-2024 19:02:32.272 INFO [main] org.apache.catalina.startup.HostConfig.deployDescriptor Deployment of deployment descriptor [C:\Proyecto-3s\T03_BodegaLaEsquinita_P\conf\Catalina\localhost\T03_BodegaLaEsquinita_P.xml] has finished in [2.591] ms
25-Oct-2024 19:02:32.298 INFO [main] org.apache.coyote.AbstractProtocol.start Starting ProtocolHandler ["http-nio-8080"]
25-Oct-2024 19:02:32.439 INFO [main] org.apache.catalina.startup.Catalina.start Server startup in [2892] milliseconds
25-Oct-2024 19:03:36.342 INFO [Thread-1] org.apache.coyote.AbstractProtocol.pause Pausing ProtocolHandler ["http-nio-8080"]
25-Oct-2024 19:03:37.106 INFO [Thread-1] org.apache.catalina.core.StandardService.stopInternal Parando servicio [Catalina]
25-Oct-2024 19:03:55.572 INFO [main] org.apache.catalina.startup.VersionLoggerListener.log Nombre de la versión del servidor: Apache Tomcat/9.0.93
25-Oct-2024 19:03:55.580 INFO [main] org.apache.catalina.startup.VersionLoggerListener.log Server built:                      Aug 2 2024 21:24:59 UTC
25-Oct-2024 19:03:55.580 INFO [main] org.apache.catalina.startup.VersionLoggerListener.log Número de versión de servidor:     9.0.93.0
25-Oct-2024 19:03:55.580 INFO [main] org.apache.catalina.startup.VersionLoggerListener.log OS Name:                           Windows 11
25-Oct-2024 19:03:55.582 INFO [main] org.apache.catalina.startup.VersionLoggerListener.log Versión de Systema Operativo:      10.0
25-Oct-2024 19:03:55.582 INFO [main] org.apache.catalina.startup.VersionLoggerListener.log Arquitectura:                      amd64
25-Oct-2024 19:03:55.582 INFO [main] org.apache.catalina.startup.VersionLoggerListener.log Java Home:                         C:\Program Files\Java\jdk-17
25-Oct-2024 19:03:55.582 INFO [main] org.apache.catalina.startup.VersionLoggerListener.log JVM Version:                       17.0.10+11-LTS-240
25-Oct-2024 19:03:55.582 INFO [main] org.apache.catalina.startup.VersionLoggerListener.log Vededor JVM:                       Oracle Corporation
25-Oct-2024 19:03:55.582 INFO [main] org.apache.catalina.startup.VersionLoggerListener.log CATALINA_BASE:                     C:\Proyecto-3s\T03_BodegaLaEsquinita_P
25-Oct-2024 19:03:55.582 INFO [main] org.apache.catalina.startup.VersionLoggerListener.log CATALINA_HOME:                     C:\ValleGrande\IntelliJ\apache-tomcat-9.0.93
25-Oct-2024 19:03:55.601 INFO [main] org.apache.catalina.startup.VersionLoggerListener.log Command line argument:             --add-opens=java.base/java.lang=ALL-UNNAMED
25-Oct-2024 19:03:55.601 INFO [main] org.apache.catalina.startup.VersionLoggerListener.log Command line argument:             --add-opens=java.base/java.io=ALL-UNNAMED
25-Oct-2024 19:03:55.602 INFO [main] org.apache.catalina.startup.VersionLoggerListener.log Command line argument:             --add-opens=java.base/java.util=ALL-UNNAMED
25-Oct-2024 19:03:55.602 INFO [main] org.apache.catalina.startup.VersionLoggerListener.log Command line argument:             --add-opens=java.base/java.util.concurrent=ALL-UNNAMED
25-Oct-2024 19:03:55.602 INFO [main] org.apache.catalina.startup.VersionLoggerListener.log Command line argument:             --add-opens=java.rmi/sun.rmi.transport=ALL-UNNAMED
25-Oct-2024 19:03:55.602 INFO [main] org.apache.catalina.startup.VersionLoggerListener.log Command line argument:             -Dcatalina.home=C:\..\ValleGrande\IntelliJ\apache-tomcat-9.0.93
25-Oct-2024 19:03:55.602 INFO [main] org.apache.catalina.startup.VersionLoggerListener.log Command line argument:             -Dcatalina.base=C:\Proyecto-3s\T03_BodegaLaEsquinita_P
25-Oct-2024 19:03:55.602 INFO [main] org.apache.catalina.startup.VersionLoggerListener.log Command line argument:             -Djava.io.tmpdir=C:\Proyecto-3s\T03_BodegaLaEsquinita_P\temp
25-Oct-2024 19:03:55.602 INFO [main] org.apache.catalina.startup.VersionLoggerListener.log Command line argument:             -Djava.util.logging.config.file=C:\Proyecto-3s\T03_BodegaLaEsquinita_P\conf\logging.properties
25-Oct-2024 19:03:55.602 INFO [main] org.apache.catalina.startup.VersionLoggerListener.log Command line argument:             -Djava.util.logging.manager=org.apache.juli.ClassLoaderLogManager
25-Oct-2024 19:03:55.602 INFO [main] org.apache.catalina.startup.VersionLoggerListener.log Command line argument:             -javaagent:C:\Program Files\JetBrains\IntelliJ IDEA 2024.2.1\lib\idea_rt.jar=51267:C:\Program Files\JetBrains\IntelliJ IDEA 2024.2.1\bin
25-Oct-2024 19:03:55.602 INFO [main] org.apache.catalina.startup.VersionLoggerListener.log Command line argument:             -Dfile.encoding=UTF-8
25-Oct-2024 19:03:55.615 INFO [main] org.apache.catalina.core.AprLifecycleListener.lifecycleEvent Cargada la biblioteca nativa APR de Apache Tomcat [1.3.1] con la versión APR [1.7.4].
25-Oct-2024 19:03:55.615 INFO [main] org.apache.catalina.core.AprLifecycleListener.lifecycleEvent Capacidades APR: IPv6 [true], enviar fichero [true], aceptar filtros [false], aleatorio [true], UDS [true].
25-Oct-2024 19:03:55.615 INFO [main] org.apache.catalina.core.AprLifecycleListener.lifecycleEvent APR/OpenSSL configuration: useAprConnector [false], useOpenSSL [true]
25-Oct-2024 19:03:55.648 INFO [main] org.apache.catalina.core.AprLifecycleListener.initializeSSL OpenSSL inicializado correctamente [OpenSSL 3.0.14 4 Jun 2024]
25-Oct-2024 19:03:56.284 INFO [main] org.apache.coyote.AbstractProtocol.init Inicializando el manejador de protocolo ["http-nio-8080"]

25-Oct-2024 19:03:56.323 INFO [main] org.apache.catalina.startup.Catalina.load Server initialization in [1292] milliseconds
25-Oct-2024 19:03:56.419 INFO [main] org.apache.catalina.core.StandardService.startInternal Arrancando servicio [Catalina]
25-Oct-2024 19:03:56.419 INFO [main] org.apache.catalina.core.StandardEngine.startInternal Starting Servlet engine: [Apache Tomcat/9.0.93]
25-Oct-2024 19:03:56.438 INFO [main] org.apache.catalina.startup.HostConfig.deployDescriptor Desplieque del descriptor de configuración [C:\Proyecto-3s\T03_BodegaLaEsquinita_P\conf\Catalina\localhost\T03_BodegaLaEsquinita_P.xml]
25-Oct-2024 19:03:57.857 INFO [main] org.apache.jasper.servlet.TldScanner.scanJars Al menos un JAR, que se ha explorado buscando TLDs, aún no contenía TLDs. Activar historial de depuración para este historiador para una completa lista de los JARs que fueron explorados y de los que nos se halló TLDs. Saltarse JARs no necesarios durante la exploración puede dar lugar a una mejora de tiempo significativa en el arranque y compilación de JSP .
25-Oct-2024 19:03:57.999 WARNING [main] org.apache.catalina.session.StandardManager.doLoad Imposible borrar [C:\Proyecto-3s\T03_BodegaLaEsquinita_P\work\Catalina\localhost\T03_BodegaLaEsquinita_P\SESSIONS.ser] luego de leer las sessiones persistentes. La prensencia continua de este archivo causará que los intentos futuros de sesiones persistentes fallen.
25-Oct-2024 19:03:58.000 SEVERE [main] org.apache.catalina.session.StandardManager.startInternal Excepción cargando sesiones desde almacenamiento persistente
	java.io.EOFException
		at java.base/java.io.ObjectInputStream$PeekInputStream.readFully(ObjectInputStream.java:2926)
		at java.base/java.io.ObjectInputStream$BlockDataInputStream.readShort(ObjectInputStream.java:3421)
		at java.base/java.io.ObjectInputStream.readStreamHeader(ObjectInputStream.java:959)
		at java.base/java.io.ObjectInputStream.<init>(ObjectInputStream.java:397)
		at org.apache.catalina.util.CustomObjectInputStream.<init>(CustomObjectInputStream.java:87)
		at org.apache.catalina.session.StandardManager.doLoad(StandardManager.java:202)
		at org.apache.catalina.session.StandardManager.load(StandardManager.java:156)
		at org.apache.catalina.session.StandardManager.startInternal(StandardManager.java:345)
		at org.apache.catalina.util.LifecycleBase.start(LifecycleBase.java:164)
		at org.apache.catalina.core.StandardContext.startInternal(StandardContext.java:4465)
		at org.apache.catalina.util.LifecycleBase.start(LifecycleBase.java:164)
		at org.apache.catalina.core.ContainerBase.addChildInternal(ContainerBase.java:599)
		at org.apache.catalina.core.ContainerBase.addChild(ContainerBase.java:571)
		at org.apache.catalina.core.StandardHost.addChild(StandardHost.java:603)
		at org.apache.catalina.startup.HostConfig.deployDescriptor(HostConfig.java:680)
		at org.apache.catalina.startup.HostConfig$DeployDescriptor.run(HostConfig.java:1844)
		at java.base/java.util.concurrent.Executors$RunnableAdapter.call(Executors.java:539)
		at java.base/java.util.concurrent.FutureTask.run(FutureTask.java:264)
		at org.apache.tomcat.util.threads.InlineExecutorService.execute(InlineExecutorService.java:75)
		at java.base/java.util.concurrent.AbstractExecutorService.submit(AbstractExecutorService.java:123)
		at org.apache.catalina.startup.HostConfig.deployDescriptors(HostConfig.java:575)
		at org.apache.catalina.startup.HostConfig.deployApps(HostConfig.java:466)
		at org.apache.catalina.startup.HostConfig.start(HostConfig.java:1584)
		at org.apache.catalina.startup.HostConfig.lifecycleEvent(HostConfig.java:312)
		at org.apache.catalina.util.LifecycleBase.fireLifecycleEvent(LifecycleBase.java:109)
		at org.apache.catalina.util.LifecycleBase.setStateInternal(LifecycleBase.java:385)
		at org.apache.catalina.util.LifecycleBase.setState(LifecycleBase.java:332)
		at org.apache.catalina.core.ContainerBase.startInternal(ContainerBase.java:776)
		at org.apache.catalina.core.StandardHost.startInternal(StandardHost.java:721)
		at org.apache.catalina.util.LifecycleBase.start(LifecycleBase.java:164)
		at org.apache.catalina.core.ContainerBase$StartChild.call(ContainerBase.java:1203)
		at org.apache.catalina.core.ContainerBase$StartChild.call(ContainerBase.java:1193)
		at java.base/java.util.concurrent.FutureTask.run(FutureTask.java:264)
		at org.apache.tomcat.util.threads.InlineExecutorService.execute(InlineExecutorService.java:75)
		at java.base/java.util.concurrent.AbstractExecutorService.submit(AbstractExecutorService.java:145)
		at org.apache.catalina.core.ContainerBase.startInternal(ContainerBase.java:749)
		at org.apache.catalina.core.StandardEngine.startInternal(StandardEngine.java:211)
		at org.apache.catalina.util.LifecycleBase.start(LifecycleBase.java:164)
		at org.apache.catalina.core.StandardService.startInternal(StandardService.java:415)
		at org.apache.catalina.util.LifecycleBase.start(LifecycleBase.java:164)
		at org.apache.catalina.core.StandardServer.startInternal(StandardServer.java:878)
		at org.apache.catalina.util.LifecycleBase.start(LifecycleBase.java:164)
		at org.apache.catalina.startup.Catalina.start(Catalina.java:735)
		at java.base/jdk.internal.reflect.NativeMethodAccessorImpl.invoke0(Native Method)
		at java.base/jdk.internal.reflect.NativeMethodAccessorImpl.invoke(NativeMethodAccessorImpl.java:77)
		at java.base/jdk.internal.reflect.DelegatingMethodAccessorImpl.invoke(DelegatingMethodAccessorImpl.java:43)
		at java.base/java.lang.reflect.Method.invoke(Method.java:568)
		at org.apache.catalina.startup.Bootstrap.start(Bootstrap.java:345)
		at org.apache.catalina.startup.Bootstrap.main(Bootstrap.java:473)
25-Oct-2024 19:03:58.047 INFO [main] org.apache.catalina.startup.HostConfig.deployDescriptor Deployment of deployment descriptor [C:\Proyecto-3s\T03_BodegaLaEsquinita_P\conf\Catalina\localhost\T03_BodegaLaEsquinita_P.xml] has finished in [1.604] ms
25-Oct-2024 19:03:58.057 INFO [main] org.apache.coyote.AbstractProtocol.start Starting ProtocolHandler ["http-nio-8080"]
25-Oct-2024 19:03:58.170 INFO [main] org.apache.catalina.startup.Catalina.start Server startup in [1846] milliseconds
25-Oct-2024 19:07:32.230 INFO [Thread-1] org.apache.coyote.AbstractProtocol.pause Pausing ProtocolHandler ["http-nio-8080"]
25-Oct-2024 19:07:34.284 INFO [Thread-1] org.apache.catalina.core.StandardService.stopInternal Parando servicio [Catalina]
25-Oct-2024 19:07:36.526 INFO [Thread-1] org.apache.coyote.AbstractProtocol.stop Stopping ProtocolHandler ["http-nio-8080"]
25-Oct-2024 19:07:36.614 INFO [Thread-1] org.apache.coyote.AbstractProtocol.destroy Destroying ProtocolHandler ["http-nio-8080"]
25-Oct-2024 19:08:02.376 INFO [main] org.apache.catalina.startup.VersionLoggerListener.log Nombre de la versión del servidor: Apache Tomcat/9.0.93
25-Oct-2024 19:08:02.387 INFO [main] org.apache.catalina.startup.VersionLoggerListener.log Server built:                      Aug 2 2024 21:24:59 UTC
25-Oct-2024 19:08:02.388 INFO [main] org.apache.catalina.startup.VersionLoggerListener.log Número de versión de servidor:     9.0.93.0
25-Oct-2024 19:08:02.388 INFO [main] org.apache.catalina.startup.VersionLoggerListener.log OS Name:                           Windows 11
25-Oct-2024 19:08:02.388 INFO [main] org.apache.catalina.startup.VersionLoggerListener.log Versión de Systema Operativo:      10.0
25-Oct-2024 19:08:02.388 INFO [main] org.apache.catalina.startup.VersionLoggerListener.log Arquitectura:                      amd64
25-Oct-2024 19:08:02.388 INFO [main] org.apache.catalina.startup.VersionLoggerListener.log Java Home:                         C:\Program Files\Java\jdk-17
25-Oct-2024 19:08:02.388 INFO [main] org.apache.catalina.startup.VersionLoggerListener.log JVM Version:                       17.0.10+11-LTS-240
25-Oct-2024 19:08:02.389 INFO [main] org.apache.catalina.startup.VersionLoggerListener.log Vededor JVM:                       Oracle Corporation
25-Oct-2024 19:08:02.389 INFO [main] org.apache.catalina.startup.VersionLoggerListener.log CATALINA_BASE:                     C:\Proyecto-3s\T03_BodegaLaEsquinita_P
25-Oct-2024 19:08:02.389 INFO [main] org.apache.catalina.startup.VersionLoggerListener.log CATALINA_HOME:                     C:\ValleGrande\IntelliJ\apache-tomcat-9.0.93
25-Oct-2024 19:08:02.420 INFO [main] org.apache.catalina.startup.VersionLoggerListener.log Command line argument:             --add-opens=java.base/java.lang=ALL-UNNAMED
25-Oct-2024 19:08:02.422 INFO [main] org.apache.catalina.startup.VersionLoggerListener.log Command line argument:             --add-opens=java.base/java.io=ALL-UNNAMED
25-Oct-2024 19:08:02.422 INFO [main] org.apache.catalina.startup.VersionLoggerListener.log Command line argument:             --add-opens=java.base/java.util=ALL-UNNAMED
25-Oct-2024 19:08:02.422 INFO [main] org.apache.catalina.startup.VersionLoggerListener.log Command line argument:             --add-opens=java.base/java.util.concurrent=ALL-UNNAMED
25-Oct-2024 19:08:02.423 INFO [main] org.apache.catalina.startup.VersionLoggerListener.log Command line argument:             --add-opens=java.rmi/sun.rmi.transport=ALL-UNNAMED
25-Oct-2024 19:08:02.423 INFO [main] org.apache.catalina.startup.VersionLoggerListener.log Command line argument:             -Dcatalina.home=C:\..\ValleGrande\IntelliJ\apache-tomcat-9.0.93
25-Oct-2024 19:08:02.423 INFO [main] org.apache.catalina.startup.VersionLoggerListener.log Command line argument:             -Dcatalina.base=C:\Proyecto-3s\T03_BodegaLaEsquinita_P
25-Oct-2024 19:08:02.423 INFO [main] org.apache.catalina.startup.VersionLoggerListener.log Command line argument:             -Djava.io.tmpdir=C:\Proyecto-3s\T03_BodegaLaEsquinita_P\temp
25-Oct-2024 19:08:02.423 INFO [main] org.apache.catalina.startup.VersionLoggerListener.log Command line argument:             -Djava.util.logging.config.file=C:\Proyecto-3s\T03_BodegaLaEsquinita_P\conf\logging.properties
25-Oct-2024 19:08:02.424 INFO [main] org.apache.catalina.startup.VersionLoggerListener.log Command line argument:             -Djava.util.logging.manager=org.apache.juli.ClassLoaderLogManager
25-Oct-2024 19:08:02.424 INFO [main] org.apache.catalina.startup.VersionLoggerListener.log Command line argument:             -javaagent:C:\Program Files\JetBrains\IntelliJ IDEA 2024.2.1\lib\idea_rt.jar=51297:C:\Program Files\JetBrains\IntelliJ IDEA 2024.2.1\bin
25-Oct-2024 19:08:02.424 INFO [main] org.apache.catalina.startup.VersionLoggerListener.log Command line argument:             -Dfile.encoding=UTF-8
25-Oct-2024 19:08:03.786 INFO [main] org.apache.catalina.core.AprLifecycleListener.lifecycleEvent Cargada la biblioteca nativa APR de Apache Tomcat [1.3.1] con la versión APR [1.7.4].
25-Oct-2024 19:08:03.787 INFO [main] org.apache.catalina.core.AprLifecycleListener.lifecycleEvent Capacidades APR: IPv6 [true], enviar fichero [true], aceptar filtros [false], aleatorio [true], UDS [true].
25-Oct-2024 19:08:03.788 INFO [main] org.apache.catalina.core.AprLifecycleListener.lifecycleEvent APR/OpenSSL configuration: useAprConnector [false], useOpenSSL [true]
25-Oct-2024 19:08:03.931 INFO [main] org.apache.catalina.core.AprLifecycleListener.initializeSSL OpenSSL inicializado correctamente [OpenSSL 3.0.14 4 Jun 2024]
25-Oct-2024 19:08:04.507 INFO [main] org.apache.coyote.AbstractProtocol.init Inicializando el manejador de protocolo ["http-nio-8080"]

25-Oct-2024 19:08:04.555 INFO [main] org.apache.catalina.startup.Catalina.load Server initialization in [2839] milliseconds
25-Oct-2024 19:08:04.661 INFO [main] org.apache.catalina.core.StandardService.startInternal Arrancando servicio [Catalina]
25-Oct-2024 19:08:04.662 INFO [main] org.apache.catalina.core.StandardEngine.startInternal Starting Servlet engine: [Apache Tomcat/9.0.93]
25-Oct-2024 19:08:04.686 INFO [main] org.apache.catalina.startup.HostConfig.deployDescriptor Desplieque del descriptor de configuración [C:\Proyecto-3s\T03_BodegaLaEsquinita_P\conf\Catalina\localhost\T03_BodegaLaEsquinita_P.xml]
25-Oct-2024 19:08:06.743 INFO [main] org.apache.jasper.servlet.TldScanner.scanJars Al menos un JAR, que se ha explorado buscando TLDs, aún no contenía TLDs. Activar historial de depuración para este historiador para una completa lista de los JARs que fueron explorados y de los que nos se halló TLDs. Saltarse JARs no necesarios durante la exploración puede dar lugar a una mejora de tiempo significativa en el arranque y compilación de JSP .
25-Oct-2024 19:08:07.056 INFO [main] org.apache.catalina.startup.HostConfig.deployDescriptor Deployment of deployment descriptor [C:\Proyecto-3s\T03_BodegaLaEsquinita_P\conf\Catalina\localhost\T03_BodegaLaEsquinita_P.xml] has finished in [2.362] ms
25-Oct-2024 19:08:07.072 INFO [main] org.apache.coyote.AbstractProtocol.start Starting ProtocolHandler ["http-nio-8080"]
25-Oct-2024 19:08:07.176 INFO [main] org.apache.catalina.startup.Catalina.start Server startup in [2619] milliseconds
25-Oct-2024 19:10:03.744 INFO [Thread-1] org.apache.coyote.AbstractProtocol.pause Pausing ProtocolHandler ["http-nio-8080"]
25-Oct-2024 19:10:05.246 INFO [Thread-1] org.apache.catalina.core.StandardService.stopInternal Parando servicio [Catalina]
25-Oct-2024 19:10:07.851 INFO [Thread-1] org.apache.coyote.AbstractProtocol.stop Stopping ProtocolHandler ["http-nio-8080"]
25-Oct-2024 19:10:08.151 INFO [Thread-1] org.apache.coyote.AbstractProtocol.destroy Destroying ProtocolHandler ["http-nio-8080"]
25-Oct-2024 19:10:54.006 INFO [main] org.apache.catalina.startup.VersionLoggerListener.log Nombre de la versión del servidor: Apache Tomcat/9.0.93
25-Oct-2024 19:10:54.018 INFO [main] org.apache.catalina.startup.VersionLoggerListener.log Server built:                      Aug 2 2024 21:24:59 UTC
25-Oct-2024 19:10:54.018 INFO [main] org.apache.catalina.startup.VersionLoggerListener.log Número de versión de servidor:     9.0.93.0
25-Oct-2024 19:10:54.018 INFO [main] org.apache.catalina.startup.VersionLoggerListener.log OS Name:                           Windows 11
25-Oct-2024 19:10:54.019 INFO [main] org.apache.catalina.startup.VersionLoggerListener.log Versión de Systema Operativo:      10.0
25-Oct-2024 19:10:54.019 INFO [main] org.apache.catalina.startup.VersionLoggerListener.log Arquitectura:                      amd64
25-Oct-2024 19:10:54.019 INFO [main] org.apache.catalina.startup.VersionLoggerListener.log Java Home:                         C:\Program Files\Java\jdk-17
25-Oct-2024 19:10:54.019 INFO [main] org.apache.catalina.startup.VersionLoggerListener.log JVM Version:                       17.0.10+11-LTS-240
25-Oct-2024 19:10:54.019 INFO [main] org.apache.catalina.startup.VersionLoggerListener.log Vededor JVM:                       Oracle Corporation
25-Oct-2024 19:10:54.019 INFO [main] org.apache.catalina.startup.VersionLoggerListener.log CATALINA_BASE:                     C:\Proyecto-3s\T03_BodegaLaEsquinita_P
25-Oct-2024 19:10:54.019 INFO [main] org.apache.catalina.startup.VersionLoggerListener.log CATALINA_HOME:                     C:\ValleGrande\IntelliJ\apache-tomcat-9.0.93
25-Oct-2024 19:10:54.055 INFO [main] org.apache.catalina.startup.VersionLoggerListener.log Command line argument:             --add-opens=java.base/java.lang=ALL-UNNAMED
25-Oct-2024 19:10:54.055 INFO [main] org.apache.catalina.startup.VersionLoggerListener.log Command line argument:             --add-opens=java.base/java.io=ALL-UNNAMED
25-Oct-2024 19:10:54.056 INFO [main] org.apache.catalina.startup.VersionLoggerListener.log Command line argument:             --add-opens=java.base/java.util=ALL-UNNAMED
25-Oct-2024 19:10:54.056 INFO [main] org.apache.catalina.startup.VersionLoggerListener.log Command line argument:             --add-opens=java.base/java.util.concurrent=ALL-UNNAMED
25-Oct-2024 19:10:54.056 INFO [main] org.apache.catalina.startup.VersionLoggerListener.log Command line argument:             --add-opens=java.rmi/sun.rmi.transport=ALL-UNNAMED
25-Oct-2024 19:10:54.056 INFO [main] org.apache.catalina.startup.VersionLoggerListener.log Command line argument:             -Dcatalina.home=C:\..\ValleGrande\IntelliJ\apache-tomcat-9.0.93
25-Oct-2024 19:10:54.056 INFO [main] org.apache.catalina.startup.VersionLoggerListener.log Command line argument:             -Dcatalina.base=C:\Proyecto-3s\T03_BodegaLaEsquinita_P
25-Oct-2024 19:10:54.056 INFO [main] org.apache.catalina.startup.VersionLoggerListener.log Command line argument:             -Djava.io.tmpdir=C:\Proyecto-3s\T03_BodegaLaEsquinita_P\temp
25-Oct-2024 19:10:54.056 INFO [main] org.apache.catalina.startup.VersionLoggerListener.log Command line argument:             -Djava.util.logging.config.file=C:\Proyecto-3s\T03_BodegaLaEsquinita_P\conf\logging.properties
25-Oct-2024 19:10:54.057 INFO [main] org.apache.catalina.startup.VersionLoggerListener.log Command line argument:             -Djava.util.logging.manager=org.apache.juli.ClassLoaderLogManager
25-Oct-2024 19:10:54.057 INFO [main] org.apache.catalina.startup.VersionLoggerListener.log Command line argument:             -javaagent:C:\Program Files\JetBrains\IntelliJ IDEA 2024.2.1\lib\idea_rt.jar=54775:C:\Program Files\JetBrains\IntelliJ IDEA 2024.2.1\bin
25-Oct-2024 19:10:54.057 INFO [main] org.apache.catalina.startup.VersionLoggerListener.log Command line argument:             -Dfile.encoding=UTF-8
25-Oct-2024 19:10:54.645 INFO [main] org.apache.catalina.core.AprLifecycleListener.lifecycleEvent Cargada la biblioteca nativa APR de Apache Tomcat [1.3.1] con la versión APR [1.7.4].
25-Oct-2024 19:10:54.645 INFO [main] org.apache.catalina.core.AprLifecycleListener.lifecycleEvent Capacidades APR: IPv6 [true], enviar fichero [true], aceptar filtros [false], aleatorio [true], UDS [true].
25-Oct-2024 19:10:54.646 INFO [main] org.apache.catalina.core.AprLifecycleListener.lifecycleEvent APR/OpenSSL configuration: useAprConnector [false], useOpenSSL [true]
25-Oct-2024 19:10:54.686 INFO [main] org.apache.catalina.core.AprLifecycleListener.initializeSSL OpenSSL inicializado correctamente [OpenSSL 3.0.14 4 Jun 2024]
25-Oct-2024 19:10:55.536 INFO [main] org.apache.coyote.AbstractProtocol.init Inicializando el manejador de protocolo ["http-nio-8080"]

25-Oct-2024 19:10:55.604 INFO [main] org.apache.catalina.startup.Catalina.load Server initialization in [2445] milliseconds
25-Oct-2024 19:10:55.753 INFO [main] org.apache.catalina.core.StandardService.startInternal Arrancando servicio [Catalina]
25-Oct-2024 19:10:55.753 INFO [main] org.apache.catalina.core.StandardEngine.startInternal Starting Servlet engine: [Apache Tomcat/9.0.93]
25-Oct-2024 19:10:55.782 INFO [main] org.apache.catalina.startup.HostConfig.deployDescriptor Desplieque del descriptor de configuración [C:\Proyecto-3s\T03_BodegaLaEsquinita_P\conf\Catalina\localhost\T03_BodegaLaEsquinita_P.xml]
25-Oct-2024 19:10:58.531 INFO [main] org.apache.jasper.servlet.TldScanner.scanJars Al menos un JAR, que se ha explorado buscando TLDs, aún no contenía TLDs. Activar historial de depuración para este historiador para una completa lista de los JARs que fueron explorados y de los que nos se halló TLDs. Saltarse JARs no necesarios durante la exploración puede dar lugar a una mejora de tiempo significativa en el arranque y compilación de JSP .
25-Oct-2024 19:10:58.864 INFO [main] org.apache.catalina.startup.HostConfig.deployDescriptor Deployment of deployment descriptor [C:\Proyecto-3s\T03_BodegaLaEsquinita_P\conf\Catalina\localhost\T03_BodegaLaEsquinita_P.xml] has finished in [3.076] ms
25-Oct-2024 19:10:58.882 INFO [main] org.apache.coyote.AbstractProtocol.start Starting ProtocolHandler ["http-nio-8080"]
25-Oct-2024 19:10:59.017 INFO [main] org.apache.catalina.startup.Catalina.start Server startup in [3410] milliseconds
25-Oct-2024 19:24:17.524 INFO [Thread-1] org.apache.coyote.AbstractProtocol.pause Pausing ProtocolHandler ["http-nio-8080"]
25-Oct-2024 19:24:19.158 INFO [Thread-1] org.apache.catalina.core.StandardService.stopInternal Parando servicio [Catalina]
25-Oct-2024 19:24:20.661 WARNING [Thread-1] org.apache.catalina.loader.WebappClassLoaderBase.clearReferencesJdbc La aplicación web [T03_BodegaLaEsquinita_P] registró el conductor JDBC [com.microsoft.sqlserver.jdbc.SQLServerDriver] pero falló al anular el registro mientras la aplicación web estaba parada. Para prevenir un fallo de memoria, se ha anulado el registro del conductor JDBC por la fuerza.
25-Oct-2024 19:24:21.218 INFO [Thread-1] org.apache.coyote.AbstractProtocol.stop Stopping ProtocolHandler ["http-nio-8080"]
25-Oct-2024 19:24:21.345 INFO [Thread-1] org.apache.coyote.AbstractProtocol.destroy Destroying ProtocolHandler ["http-nio-8080"]
25-Oct-2024 19:24:52.991 INFO [main] org.apache.catalina.startup.VersionLoggerListener.log Nombre de la versión del servidor: Apache Tomcat/9.0.93
25-Oct-2024 19:24:53.002 INFO [main] org.apache.catalina.startup.VersionLoggerListener.log Server built:                      Aug 2 2024 21:24:59 UTC
25-Oct-2024 19:24:53.003 INFO [main] org.apache.catalina.startup.VersionLoggerListener.log Número de versión de servidor:     9.0.93.0
25-Oct-2024 19:24:53.003 INFO [main] org.apache.catalina.startup.VersionLoggerListener.log OS Name:                           Windows 11
25-Oct-2024 19:24:53.003 INFO [main] org.apache.catalina.startup.VersionLoggerListener.log Versión de Systema Operativo:      10.0
25-Oct-2024 19:24:53.003 INFO [main] org.apache.catalina.startup.VersionLoggerListener.log Arquitectura:                      amd64
25-Oct-2024 19:24:53.004 INFO [main] org.apache.catalina.startup.VersionLoggerListener.log Java Home:                         C:\Program Files\Java\jdk-17
25-Oct-2024 19:24:53.004 INFO [main] org.apache.catalina.startup.VersionLoggerListener.log JVM Version:                       17.0.10+11-LTS-240
25-Oct-2024 19:24:53.005 INFO [main] org.apache.catalina.startup.VersionLoggerListener.log Vededor JVM:                       Oracle Corporation
25-Oct-2024 19:24:53.005 INFO [main] org.apache.catalina.startup.VersionLoggerListener.log CATALINA_BASE:                     C:\Proyecto-3s\T03_BodegaLaEsquinita_P
25-Oct-2024 19:24:53.005 INFO [main] org.apache.catalina.startup.VersionLoggerListener.log CATALINA_HOME:                     C:\ValleGrande\IntelliJ\apache-tomcat-9.0.93
25-Oct-2024 19:24:53.026 INFO [main] org.apache.catalina.startup.VersionLoggerListener.log Command line argument:             --add-opens=java.base/java.lang=ALL-UNNAMED
25-Oct-2024 19:24:53.026 INFO [main] org.apache.catalina.startup.VersionLoggerListener.log Command line argument:             --add-opens=java.base/java.io=ALL-UNNAMED
25-Oct-2024 19:24:53.028 INFO [main] org.apache.catalina.startup.VersionLoggerListener.log Command line argument:             --add-opens=java.base/java.util=ALL-UNNAMED
25-Oct-2024 19:24:53.028 INFO [main] org.apache.catalina.startup.VersionLoggerListener.log Command line argument:             --add-opens=java.base/java.util.concurrent=ALL-UNNAMED
25-Oct-2024 19:24:53.028 INFO [main] org.apache.catalina.startup.VersionLoggerListener.log Command line argument:             --add-opens=java.rmi/sun.rmi.transport=ALL-UNNAMED
25-Oct-2024 19:24:53.028 INFO [main] org.apache.catalina.startup.VersionLoggerListener.log Command line argument:             -Dcatalina.home=C:\..\ValleGrande\IntelliJ\apache-tomcat-9.0.93
25-Oct-2024 19:24:53.029 INFO [main] org.apache.catalina.startup.VersionLoggerListener.log Command line argument:             -Dcatalina.base=C:\Proyecto-3s\T03_BodegaLaEsquinita_P
25-Oct-2024 19:24:53.029 INFO [main] org.apache.catalina.startup.VersionLoggerListener.log Command line argument:             -Djava.io.tmpdir=C:\Proyecto-3s\T03_BodegaLaEsquinita_P\temp
25-Oct-2024 19:24:53.029 INFO [main] org.apache.catalina.startup.VersionLoggerListener.log Command line argument:             -Djava.util.logging.config.file=C:\Proyecto-3s\T03_BodegaLaEsquinita_P\conf\logging.properties
25-Oct-2024 19:24:53.029 INFO [main] org.apache.catalina.startup.VersionLoggerListener.log Command line argument:             -Djava.util.logging.manager=org.apache.juli.ClassLoaderLogManager
25-Oct-2024 19:24:53.029 INFO [main] org.apache.catalina.startup.VersionLoggerListener.log Command line argument:             -javaagent:C:\Program Files\JetBrains\IntelliJ IDEA 2024.2.1\lib\idea_rt.jar=54983:C:\Program Files\JetBrains\IntelliJ IDEA 2024.2.1\bin
25-Oct-2024 19:24:53.030 INFO [main] org.apache.catalina.startup.VersionLoggerListener.log Command line argument:             -Dfile.encoding=UTF-8
25-Oct-2024 19:24:53.043 INFO [main] org.apache.catalina.core.AprLifecycleListener.lifecycleEvent Cargada la biblioteca nativa APR de Apache Tomcat [1.3.1] con la versión APR [1.7.4].
25-Oct-2024 19:24:53.045 INFO [main] org.apache.catalina.core.AprLifecycleListener.lifecycleEvent Capacidades APR: IPv6 [true], enviar fichero [true], aceptar filtros [false], aleatorio [true], UDS [true].
25-Oct-2024 19:24:53.045 INFO [main] org.apache.catalina.core.AprLifecycleListener.lifecycleEvent APR/OpenSSL configuration: useAprConnector [false], useOpenSSL [true]
25-Oct-2024 19:24:53.077 INFO [main] org.apache.catalina.core.AprLifecycleListener.initializeSSL OpenSSL inicializado correctamente [OpenSSL 3.0.14 4 Jun 2024]
25-Oct-2024 19:24:53.694 INFO [main] org.apache.coyote.AbstractProtocol.init Inicializando el manejador de protocolo ["http-nio-8080"]

25-Oct-2024 19:24:53.745 INFO [main] org.apache.catalina.startup.Catalina.load Server initialization in [1252] milliseconds
25-Oct-2024 19:24:53.899 INFO [main] org.apache.catalina.core.StandardService.startInternal Arrancando servicio [Catalina]
25-Oct-2024 19:24:53.899 INFO [main] org.apache.catalina.core.StandardEngine.startInternal Starting Servlet engine: [Apache Tomcat/9.0.93]
25-Oct-2024 19:24:53.927 INFO [main] org.apache.catalina.startup.HostConfig.deployDescriptor Desplieque del descriptor de configuración [C:\Proyecto-3s\T03_BodegaLaEsquinita_P\conf\Catalina\localhost\T03_BodegaLaEsquinita_P.xml]
25-Oct-2024 19:24:56.417 INFO [main] org.apache.jasper.servlet.TldScanner.scanJars Al menos un JAR, que se ha explorado buscando TLDs, aún no contenía TLDs. Activar historial de depuración para este historiador para una completa lista de los JARs que fueron explorados y de los que nos se halló TLDs. Saltarse JARs no necesarios durante la exploración puede dar lugar a una mejora de tiempo significativa en el arranque y compilación de JSP .
25-Oct-2024 19:24:56.679 INFO [main] org.apache.catalina.startup.HostConfig.deployDescriptor Deployment of deployment descriptor [C:\Proyecto-3s\T03_BodegaLaEsquinita_P\conf\Catalina\localhost\T03_BodegaLaEsquinita_P.xml] has finished in [2.745] ms
25-Oct-2024 19:24:56.692 INFO [main] org.apache.coyote.AbstractProtocol.start Starting ProtocolHandler ["http-nio-8080"]
25-Oct-2024 19:24:56.797 INFO [main] org.apache.catalina.startup.Catalina.start Server startup in [3052] milliseconds
25-Oct-2024 19:26:48.207 INFO [Thread-1] org.apache.coyote.AbstractProtocol.pause Pausing ProtocolHandler ["http-nio-8080"]
25-Oct-2024 19:26:49.119 INFO [Thread-1] org.apache.catalina.core.StandardService.stopInternal Parando servicio [Catalina]
25-Oct-2024 19:26:50.799 INFO [Thread-1] org.apache.coyote.AbstractProtocol.stop Stopping ProtocolHandler ["http-nio-8080"]
25-Oct-2024 19:26:50.868 INFO [Thread-1] org.apache.coyote.AbstractProtocol.destroy Destroying ProtocolHandler ["http-nio-8080"]
25-Oct-2024 19:27:14.120 INFO [main] org.apache.catalina.startup.VersionLoggerListener.log Nombre de la versión del servidor: Apache Tomcat/9.0.93
25-Oct-2024 19:27:14.131 INFO [main] org.apache.catalina.startup.VersionLoggerListener.log Server built:                      Aug 2 2024 21:24:59 UTC
25-Oct-2024 19:27:14.132 INFO [main] org.apache.catalina.startup.VersionLoggerListener.log Número de versión de servidor:     9.0.93.0
25-Oct-2024 19:27:14.133 INFO [main] org.apache.catalina.startup.VersionLoggerListener.log OS Name:                           Windows 11
25-Oct-2024 19:27:14.133 INFO [main] org.apache.catalina.startup.VersionLoggerListener.log Versión de Systema Operativo:      10.0
25-Oct-2024 19:27:14.133 INFO [main] org.apache.catalina.startup.VersionLoggerListener.log Arquitectura:                      amd64
25-Oct-2024 19:27:14.134 INFO [main] org.apache.catalina.startup.VersionLoggerListener.log Java Home:                         C:\Program Files\Java\jdk-17
25-Oct-2024 19:27:14.134 INFO [main] org.apache.catalina.startup.VersionLoggerListener.log JVM Version:                       17.0.10+11-LTS-240
25-Oct-2024 19:27:14.134 INFO [main] org.apache.catalina.startup.VersionLoggerListener.log Vededor JVM:                       Oracle Corporation
25-Oct-2024 19:27:14.134 INFO [main] org.apache.catalina.startup.VersionLoggerListener.log CATALINA_BASE:                     C:\Proyecto-3s\T03_BodegaLaEsquinita_P
25-Oct-2024 19:27:14.134 INFO [main] org.apache.catalina.startup.VersionLoggerListener.log CATALINA_HOME:                     C:\ValleGrande\IntelliJ\apache-tomcat-9.0.93
25-Oct-2024 19:27:14.157 INFO [main] org.apache.catalina.startup.VersionLoggerListener.log Command line argument:             --add-opens=java.base/java.lang=ALL-UNNAMED
25-Oct-2024 19:27:14.157 INFO [main] org.apache.catalina.startup.VersionLoggerListener.log Command line argument:             --add-opens=java.base/java.io=ALL-UNNAMED
25-Oct-2024 19:27:14.158 INFO [main] org.apache.catalina.startup.VersionLoggerListener.log Command line argument:             --add-opens=java.base/java.util=ALL-UNNAMED
25-Oct-2024 19:27:14.159 INFO [main] org.apache.catalina.startup.VersionLoggerListener.log Command line argument:             --add-opens=java.base/java.util.concurrent=ALL-UNNAMED
25-Oct-2024 19:27:14.159 INFO [main] org.apache.catalina.startup.VersionLoggerListener.log Command line argument:             --add-opens=java.rmi/sun.rmi.transport=ALL-UNNAMED
25-Oct-2024 19:27:14.159 INFO [main] org.apache.catalina.startup.VersionLoggerListener.log Command line argument:             -Dcatalina.home=C:\..\ValleGrande\IntelliJ\apache-tomcat-9.0.93
25-Oct-2024 19:27:14.159 INFO [main] org.apache.catalina.startup.VersionLoggerListener.log Command line argument:             -Dcatalina.base=C:\Proyecto-3s\T03_BodegaLaEsquinita_P
25-Oct-2024 19:27:14.159 INFO [main] org.apache.catalina.startup.VersionLoggerListener.log Command line argument:             -Djava.io.tmpdir=C:\Proyecto-3s\T03_BodegaLaEsquinita_P\temp
25-Oct-2024 19:27:14.159 INFO [main] org.apache.catalina.startup.VersionLoggerListener.log Command line argument:             -Djava.util.logging.config.file=C:\Proyecto-3s\T03_BodegaLaEsquinita_P\conf\logging.properties
25-Oct-2024 19:27:14.160 INFO [main] org.apache.catalina.startup.VersionLoggerListener.log Command line argument:             -Djava.util.logging.manager=org.apache.juli.ClassLoaderLogManager
25-Oct-2024 19:27:14.160 INFO [main] org.apache.catalina.startup.VersionLoggerListener.log Command line argument:             -javaagent:C:\Program Files\JetBrains\IntelliJ IDEA 2024.2.1\lib\idea_rt.jar=55030:C:\Program Files\JetBrains\IntelliJ IDEA 2024.2.1\bin
25-Oct-2024 19:27:14.160 INFO [main] org.apache.catalina.startup.VersionLoggerListener.log Command line argument:             -Dfile.encoding=UTF-8
25-Oct-2024 19:27:15.137 INFO [main] org.apache.catalina.core.AprLifecycleListener.lifecycleEvent Cargada la biblioteca nativa APR de Apache Tomcat [1.3.1] con la versión APR [1.7.4].
25-Oct-2024 19:27:15.138 INFO [main] org.apache.catalina.core.AprLifecycleListener.lifecycleEvent Capacidades APR: IPv6 [true], enviar fichero [true], aceptar filtros [false], aleatorio [true], UDS [true].
25-Oct-2024 19:27:15.138 INFO [main] org.apache.catalina.core.AprLifecycleListener.lifecycleEvent APR/OpenSSL configuration: useAprConnector [false], useOpenSSL [true]
25-Oct-2024 19:27:15.226 INFO [main] org.apache.catalina.core.AprLifecycleListener.initializeSSL OpenSSL inicializado correctamente [OpenSSL 3.0.14 4 Jun 2024]
25-Oct-2024 19:27:16.007 INFO [main] org.apache.coyote.AbstractProtocol.init Inicializando el manejador de protocolo ["http-nio-8080"]

25-Oct-2024 19:27:16.059 INFO [main] org.apache.catalina.startup.Catalina.load Server initialization in [2580] milliseconds
25-Oct-2024 19:27:16.185 INFO [main] org.apache.catalina.core.StandardService.startInternal Arrancando servicio [Catalina]
25-Oct-2024 19:27:16.186 INFO [main] org.apache.catalina.core.StandardEngine.startInternal Starting Servlet engine: [Apache Tomcat/9.0.93]
25-Oct-2024 19:27:16.221 INFO [main] org.apache.catalina.startup.HostConfig.deployDescriptor Desplieque del descriptor de configuración [C:\Proyecto-3s\T03_BodegaLaEsquinita_P\conf\Catalina\localhost\T03_BodegaLaEsquinita_P.xml]
25-Oct-2024 19:27:18.508 INFO [main] org.apache.jasper.servlet.TldScanner.scanJars Al menos un JAR, que se ha explorado buscando TLDs, aún no contenía TLDs. Activar historial de depuración para este historiador para una completa lista de los JARs que fueron explorados y de los que nos se halló TLDs. Saltarse JARs no necesarios durante la exploración puede dar lugar a una mejora de tiempo significativa en el arranque y compilación de JSP .
25-Oct-2024 19:27:18.829 INFO [main] org.apache.catalina.startup.HostConfig.deployDescriptor Deployment of deployment descriptor [C:\Proyecto-3s\T03_BodegaLaEsquinita_P\conf\Catalina\localhost\T03_BodegaLaEsquinita_P.xml] has finished in [2.602] ms
25-Oct-2024 19:27:18.840 INFO [main] org.apache.coyote.AbstractProtocol.start Starting ProtocolHandler ["http-nio-8080"]
25-Oct-2024 19:27:18.947 INFO [main] org.apache.catalina.startup.Catalina.start Server startup in [2886] milliseconds
25-Oct-2024 19:40:16.352 INFO [Thread-1] org.apache.coyote.AbstractProtocol.pause Pausing ProtocolHandler ["http-nio-8080"]
25-Oct-2024 19:40:16.994 INFO [Thread-1] org.apache.catalina.core.StandardService.stopInternal Parando servicio [Catalina]
25-Oct-2024 19:40:17.989 WARNING [Thread-1] org.apache.catalina.loader.WebappClassLoaderBase.clearReferencesJdbc La aplicación web [T03_BodegaLaEsquinita_P] registró el conductor JDBC [com.microsoft.sqlserver.jdbc.SQLServerDriver] pero falló al anular el registro mientras la aplicación web estaba parada. Para prevenir un fallo de memoria, se ha anulado el registro del conductor JDBC por la fuerza.
25-Oct-2024 19:40:18.326 INFO [Thread-1] org.apache.coyote.AbstractProtocol.stop Stopping ProtocolHandler ["http-nio-8080"]
25-Oct-2024 19:40:18.441 INFO [Thread-1] org.apache.coyote.AbstractProtocol.destroy Destroying ProtocolHandler ["http-nio-8080"]
25-Oct-2024 19:40:48.834 INFO [main] org.apache.catalina.startup.VersionLoggerListener.log Nombre de la versión del servidor: Apache Tomcat/9.0.93
25-Oct-2024 19:40:48.848 INFO [main] org.apache.catalina.startup.VersionLoggerListener.log Server built:                      Aug 2 2024 21:24:59 UTC
25-Oct-2024 19:40:48.850 INFO [main] org.apache.catalina.startup.VersionLoggerListener.log Número de versión de servidor:     9.0.93.0
25-Oct-2024 19:40:48.851 INFO [main] org.apache.catalina.startup.VersionLoggerListener.log OS Name:                           Windows 11
25-Oct-2024 19:40:48.851 INFO [main] org.apache.catalina.startup.VersionLoggerListener.log Versión de Systema Operativo:      10.0
25-Oct-2024 19:40:48.851 INFO [main] org.apache.catalina.startup.VersionLoggerListener.log Arquitectura:                      amd64
25-Oct-2024 19:40:48.851 INFO [main] org.apache.catalina.startup.VersionLoggerListener.log Java Home:                         C:\Program Files\Java\jdk-17
25-Oct-2024 19:40:48.853 INFO [main] org.apache.catalina.startup.VersionLoggerListener.log JVM Version:                       17.0.10+11-LTS-240
25-Oct-2024 19:40:48.853 INFO [main] org.apache.catalina.startup.VersionLoggerListener.log Vededor JVM:                       Oracle Corporation
25-Oct-2024 19:40:48.853 INFO [main] org.apache.catalina.startup.VersionLoggerListener.log CATALINA_BASE:                     C:\Proyecto-3s\T03_BodegaLaEsquinita_P
25-Oct-2024 19:40:48.853 INFO [main] org.apache.catalina.startup.VersionLoggerListener.log CATALINA_HOME:                     C:\ValleGrande\IntelliJ\apache-tomcat-9.0.93
25-Oct-2024 19:40:48.890 INFO [main] org.apache.catalina.startup.VersionLoggerListener.log Command line argument:             --add-opens=java.base/java.lang=ALL-UNNAMED
25-Oct-2024 19:40:48.890 INFO [main] org.apache.catalina.startup.VersionLoggerListener.log Command line argument:             --add-opens=java.base/java.io=ALL-UNNAMED
25-Oct-2024 19:40:48.890 INFO [main] org.apache.catalina.startup.VersionLoggerListener.log Command line argument:             --add-opens=java.base/java.util=ALL-UNNAMED
25-Oct-2024 19:40:48.890 INFO [main] org.apache.catalina.startup.VersionLoggerListener.log Command line argument:             --add-opens=java.base/java.util.concurrent=ALL-UNNAMED
25-Oct-2024 19:40:48.891 INFO [main] org.apache.catalina.startup.VersionLoggerListener.log Command line argument:             --add-opens=java.rmi/sun.rmi.transport=ALL-UNNAMED
25-Oct-2024 19:40:48.891 INFO [main] org.apache.catalina.startup.VersionLoggerListener.log Command line argument:             -Dcatalina.home=C:\..\ValleGrande\IntelliJ\apache-tomcat-9.0.93
25-Oct-2024 19:40:48.892 INFO [main] org.apache.catalina.startup.VersionLoggerListener.log Command line argument:             -Dcatalina.base=C:\Proyecto-3s\T03_BodegaLaEsquinita_P
25-Oct-2024 19:40:48.892 INFO [main] org.apache.catalina.startup.VersionLoggerListener.log Command line argument:             -Djava.io.tmpdir=C:\Proyecto-3s\T03_BodegaLaEsquinita_P\temp
25-Oct-2024 19:40:48.892 INFO [main] org.apache.catalina.startup.VersionLoggerListener.log Command line argument:             -Djava.util.logging.config.file=C:\Proyecto-3s\T03_BodegaLaEsquinita_P\conf\logging.properties
25-Oct-2024 19:40:48.892 INFO [main] org.apache.catalina.startup.VersionLoggerListener.log Command line argument:             -Djava.util.logging.manager=org.apache.juli.ClassLoaderLogManager
25-Oct-2024 19:40:48.892 INFO [main] org.apache.catalina.startup.VersionLoggerListener.log Command line argument:             -javaagent:C:\Program Files\JetBrains\IntelliJ IDEA 2024.2.1\lib\idea_rt.jar=55234:C:\Program Files\JetBrains\IntelliJ IDEA 2024.2.1\bin
25-Oct-2024 19:40:48.892 INFO [main] org.apache.catalina.startup.VersionLoggerListener.log Command line argument:             -Dfile.encoding=UTF-8
25-Oct-2024 19:40:49.270 INFO [main] org.apache.catalina.core.AprLifecycleListener.lifecycleEvent Cargada la biblioteca nativa APR de Apache Tomcat [1.3.1] con la versión APR [1.7.4].
25-Oct-2024 19:40:49.271 INFO [main] org.apache.catalina.core.AprLifecycleListener.lifecycleEvent Capacidades APR: IPv6 [true], enviar fichero [true], aceptar filtros [false], aleatorio [true], UDS [true].
25-Oct-2024 19:40:49.271 INFO [main] org.apache.catalina.core.AprLifecycleListener.lifecycleEvent APR/OpenSSL configuration: useAprConnector [false], useOpenSSL [true]
25-Oct-2024 19:40:49.311 INFO [main] org.apache.catalina.core.AprLifecycleListener.initializeSSL OpenSSL inicializado correctamente [OpenSSL 3.0.14 4 Jun 2024]
25-Oct-2024 19:40:49.955 INFO [main] org.apache.coyote.AbstractProtocol.init Inicializando el manejador de protocolo ["http-nio-8080"]

25-Oct-2024 19:40:50.005 INFO [main] org.apache.catalina.startup.Catalina.load Server initialization in [1959] milliseconds
25-Oct-2024 19:40:50.144 INFO [main] org.apache.catalina.core.StandardService.startInternal Arrancando servicio [Catalina]
25-Oct-2024 19:40:50.144 INFO [main] org.apache.catalina.core.StandardEngine.startInternal Starting Servlet engine: [Apache Tomcat/9.0.93]
25-Oct-2024 19:40:50.180 INFO [main] org.apache.catalina.startup.HostConfig.deployDescriptor Desplieque del descriptor de configuración [C:\Proyecto-3s\T03_BodegaLaEsquinita_P\conf\Catalina\localhost\T03_BodegaLaEsquinita_P.xml]
25-Oct-2024 19:40:52.322 INFO [main] org.apache.jasper.servlet.TldScanner.scanJars Al menos un JAR, que se ha explorado buscando TLDs, aún no contenía TLDs. Activar historial de depuración para este historiador para una completa lista de los JARs que fueron explorados y de los que nos se halló TLDs. Saltarse JARs no necesarios durante la exploración puede dar lugar a una mejora de tiempo significativa en el arranque y compilación de JSP .
25-Oct-2024 19:40:52.621 WARNING [main] org.apache.catalina.util.SessionIdGeneratorBase.createSecureRandom Creation of SecureRandom instance for session ID generation using [SHA1PRNG] took [101] milliseconds.
25-Oct-2024 19:40:52.704 INFO [main] org.apache.catalina.startup.HostConfig.deployDescriptor Deployment of deployment descriptor [C:\Proyecto-3s\T03_BodegaLaEsquinita_P\conf\Catalina\localhost\T03_BodegaLaEsquinita_P.xml] has finished in [2.525] ms
25-Oct-2024 19:40:52.719 INFO [main] org.apache.coyote.AbstractProtocol.start Starting ProtocolHandler ["http-nio-8080"]
25-Oct-2024 19:40:52.824 INFO [main] org.apache.catalina.startup.Catalina.start Server startup in [2818] milliseconds
25-Oct-2024 20:01:01.532 INFO [Thread-1] org.apache.coyote.AbstractProtocol.pause Pausing ProtocolHandler ["http-nio-8080"]
25-Oct-2024 20:01:02.025 INFO [Thread-1] org.apache.catalina.core.StandardService.stopInternal Parando servicio [Catalina]
25-Oct-2024 20:01:02.796 WARNING [Thread-1] org.apache.catalina.loader.WebappClassLoaderBase.clearReferencesJdbc La aplicación web [T03_BodegaLaEsquinita_P] registró el conductor JDBC [com.microsoft.sqlserver.jdbc.SQLServerDriver] pero falló al anular el registro mientras la aplicación web estaba parada. Para prevenir un fallo de memoria, se ha anulado el registro del conductor JDBC por la fuerza.
25-Oct-2024 20:01:03.319 INFO [Thread-1] org.apache.coyote.AbstractProtocol.stop Stopping ProtocolHandler ["http-nio-8080"]
25-Oct-2024 20:01:03.492 INFO [Thread-1] org.apache.coyote.AbstractProtocol.destroy Destroying ProtocolHandler ["http-nio-8080"]
25-Oct-2024 20:01:29.643 INFO [main] org.apache.catalina.startup.VersionLoggerListener.log Nombre de la versión del servidor: Apache Tomcat/9.0.93
25-Oct-2024 20:01:29.663 INFO [main] org.apache.catalina.startup.VersionLoggerListener.log Server built:                      Aug 2 2024 21:24:59 UTC
25-Oct-2024 20:01:29.666 INFO [main] org.apache.catalina.startup.VersionLoggerListener.log Número de versión de servidor:     9.0.93.0
25-Oct-2024 20:01:29.667 INFO [main] org.apache.catalina.startup.VersionLoggerListener.log OS Name:                           Windows 11
25-Oct-2024 20:01:29.667 INFO [main] org.apache.catalina.startup.VersionLoggerListener.log Versión de Systema Operativo:      10.0
25-Oct-2024 20:01:29.667 INFO [main] org.apache.catalina.startup.VersionLoggerListener.log Arquitectura:                      amd64
25-Oct-2024 20:01:29.668 INFO [main] org.apache.catalina.startup.VersionLoggerListener.log Java Home:                         C:\Program Files\Java\jdk-17
25-Oct-2024 20:01:29.668 INFO [main] org.apache.catalina.startup.VersionLoggerListener.log JVM Version:                       17.0.10+11-LTS-240
25-Oct-2024 20:01:29.668 INFO [main] org.apache.catalina.startup.VersionLoggerListener.log Vededor JVM:                       Oracle Corporation
25-Oct-2024 20:01:29.668 INFO [main] org.apache.catalina.startup.VersionLoggerListener.log CATALINA_BASE:                     C:\Proyecto-3s\T03_BodegaLaEsquinita_P
25-Oct-2024 20:01:29.668 INFO [main] org.apache.catalina.startup.VersionLoggerListener.log CATALINA_HOME:                     C:\ValleGrande\IntelliJ\apache-tomcat-9.0.93
25-Oct-2024 20:01:29.723 INFO [main] org.apache.catalina.startup.VersionLoggerListener.log Command line argument:             --add-opens=java.base/java.lang=ALL-UNNAMED
25-Oct-2024 20:01:29.723 INFO [main] org.apache.catalina.startup.VersionLoggerListener.log Command line argument:             --add-opens=java.base/java.io=ALL-UNNAMED
25-Oct-2024 20:01:29.723 INFO [main] org.apache.catalina.startup.VersionLoggerListener.log Command line argument:             --add-opens=java.base/java.util=ALL-UNNAMED
25-Oct-2024 20:01:29.723 INFO [main] org.apache.catalina.startup.VersionLoggerListener.log Command line argument:             --add-opens=java.base/java.util.concurrent=ALL-UNNAMED
25-Oct-2024 20:01:29.725 INFO [main] org.apache.catalina.startup.VersionLoggerListener.log Command line argument:             --add-opens=java.rmi/sun.rmi.transport=ALL-UNNAMED
25-Oct-2024 20:01:29.726 INFO [main] org.apache.catalina.startup.VersionLoggerListener.log Command line argument:             -Dcatalina.home=C:\..\ValleGrande\IntelliJ\apache-tomcat-9.0.93
25-Oct-2024 20:01:29.726 INFO [main] org.apache.catalina.startup.VersionLoggerListener.log Command line argument:             -Dcatalina.base=C:\Proyecto-3s\T03_BodegaLaEsquinita_P
25-Oct-2024 20:01:29.726 INFO [main] org.apache.catalina.startup.VersionLoggerListener.log Command line argument:             -Djava.io.tmpdir=C:\Proyecto-3s\T03_BodegaLaEsquinita_P\temp
25-Oct-2024 20:01:29.726 INFO [main] org.apache.catalina.startup.VersionLoggerListener.log Command line argument:             -Djava.util.logging.config.file=C:\Proyecto-3s\T03_BodegaLaEsquinita_P\conf\logging.properties
25-Oct-2024 20:01:29.726 INFO [main] org.apache.catalina.startup.VersionLoggerListener.log Command line argument:             -Djava.util.logging.manager=org.apache.juli.ClassLoaderLogManager
25-Oct-2024 20:01:29.727 INFO [main] org.apache.catalina.startup.VersionLoggerListener.log Command line argument:             -javaagent:C:\Program Files\JetBrains\IntelliJ IDEA 2024.2.1\lib\idea_rt.jar=56176:C:\Program Files\JetBrains\IntelliJ IDEA 2024.2.1\bin
25-Oct-2024 20:01:29.727 INFO [main] org.apache.catalina.startup.VersionLoggerListener.log Command line argument:             -Dfile.encoding=UTF-8
25-Oct-2024 20:01:30.083 INFO [main] org.apache.catalina.core.AprLifecycleListener.lifecycleEvent Cargada la biblioteca nativa APR de Apache Tomcat [1.3.1] con la versión APR [1.7.4].
25-Oct-2024 20:01:30.083 INFO [main] org.apache.catalina.core.AprLifecycleListener.lifecycleEvent Capacidades APR: IPv6 [true], enviar fichero [true], aceptar filtros [false], aleatorio [true], UDS [true].
25-Oct-2024 20:01:30.083 INFO [main] org.apache.catalina.core.AprLifecycleListener.lifecycleEvent APR/OpenSSL configuration: useAprConnector [false], useOpenSSL [true]
25-Oct-2024 20:01:30.127 INFO [main] org.apache.catalina.core.AprLifecycleListener.initializeSSL OpenSSL inicializado correctamente [OpenSSL 3.0.14 4 Jun 2024]
25-Oct-2024 20:01:31.250 INFO [main] org.apache.coyote.AbstractProtocol.init Inicializando el manejador de protocolo ["http-nio-8080"]

25-Oct-2024 20:01:31.325 INFO [main] org.apache.catalina.startup.Catalina.load Server initialization in [2725] milliseconds
25-Oct-2024 20:01:31.479 INFO [main] org.apache.catalina.core.StandardService.startInternal Arrancando servicio [Catalina]
25-Oct-2024 20:01:31.481 INFO [main] org.apache.catalina.core.StandardEngine.startInternal Starting Servlet engine: [Apache Tomcat/9.0.93]
25-Oct-2024 20:01:31.528 INFO [main] org.apache.catalina.startup.HostConfig.deployDescriptor Desplieque del descriptor de configuración [C:\Proyecto-3s\T03_BodegaLaEsquinita_P\conf\Catalina\localhost\T03_BodegaLaEsquinita_P.xml]
25-Oct-2024 20:01:35.152 INFO [main] org.apache.jasper.servlet.TldScanner.scanJars Al menos un JAR, que se ha explorado buscando TLDs, aún no contenía TLDs. Activar historial de depuración para este historiador para una completa lista de los JARs que fueron explorados y de los que nos se halló TLDs. Saltarse JARs no necesarios durante la exploración puede dar lugar a una mejora de tiempo significativa en el arranque y compilación de JSP .
25-Oct-2024 20:01:35.555 WARNING [main] org.apache.catalina.util.SessionIdGeneratorBase.createSecureRandom Creation of SecureRandom instance for session ID generation using [SHA1PRNG] took [149] milliseconds.
25-Oct-2024 20:01:35.706 INFO [main] org.apache.catalina.startup.HostConfig.deployDescriptor Deployment of deployment descriptor [C:\Proyecto-3s\T03_BodegaLaEsquinita_P\conf\Catalina\localhost\T03_BodegaLaEsquinita_P.xml] has finished in [4.176] ms
25-Oct-2024 20:01:35.726 INFO [main] org.apache.coyote.AbstractProtocol.start Starting ProtocolHandler ["http-nio-8080"]
25-Oct-2024 20:01:35.912 INFO [main] org.apache.catalina.startup.Catalina.start Server startup in [4586] milliseconds
25-Oct-2024 20:12:50.375 INFO [Thread-1] org.apache.coyote.AbstractProtocol.pause Pausing ProtocolHandler ["http-nio-8080"]
25-Oct-2024 20:12:50.860 INFO [Thread-1] org.apache.catalina.core.StandardService.stopInternal Parando servicio [Catalina]
25-Oct-2024 20:12:51.831 WARNING [Thread-1] org.apache.catalina.loader.WebappClassLoaderBase.clearReferencesJdbc La aplicación web [T03_BodegaLaEsquinita_P] registró el conductor JDBC [com.microsoft.sqlserver.jdbc.SQLServerDriver] pero falló al anular el registro mientras la aplicación web estaba parada. Para prevenir un fallo de memoria, se ha anulado el registro del conductor JDBC por la fuerza.
25-Oct-2024 20:12:52.073 INFO [Thread-1] org.apache.coyote.AbstractProtocol.stop Stopping ProtocolHandler ["http-nio-8080"]
25-Oct-2024 20:12:52.178 INFO [Thread-1] org.apache.coyote.AbstractProtocol.destroy Destroying ProtocolHandler ["http-nio-8080"]
25-Oct-2024 20:13:20.135 INFO [main] org.apache.catalina.startup.VersionLoggerListener.log Nombre de la versión del servidor: Apache Tomcat/9.0.93
25-Oct-2024 20:13:20.145 INFO [main] org.apache.catalina.startup.VersionLoggerListener.log Server built:                      Aug 2 2024 21:24:59 UTC
25-Oct-2024 20:13:20.146 INFO [main] org.apache.catalina.startup.VersionLoggerListener.log Número de versión de servidor:     9.0.93.0
25-Oct-2024 20:13:20.147 INFO [main] org.apache.catalina.startup.VersionLoggerListener.log OS Name:                           Windows 11
25-Oct-2024 20:13:20.147 INFO [main] org.apache.catalina.startup.VersionLoggerListener.log Versión de Systema Operativo:      10.0
25-Oct-2024 20:13:20.148 INFO [main] org.apache.catalina.startup.VersionLoggerListener.log Arquitectura:                      amd64
25-Oct-2024 20:13:20.148 INFO [main] org.apache.catalina.startup.VersionLoggerListener.log Java Home:                         C:\Program Files\Java\jdk-17
25-Oct-2024 20:13:20.148 INFO [main] org.apache.catalina.startup.VersionLoggerListener.log JVM Version:                       17.0.10+11-LTS-240
25-Oct-2024 20:13:20.150 INFO [main] org.apache.catalina.startup.VersionLoggerListener.log Vededor JVM:                       Oracle Corporation
25-Oct-2024 20:13:20.150 INFO [main] org.apache.catalina.startup.VersionLoggerListener.log CATALINA_BASE:                     C:\Proyecto-3s\T03_BodegaLaEsquinita_P
25-Oct-2024 20:13:20.150 INFO [main] org.apache.catalina.startup.VersionLoggerListener.log CATALINA_HOME:                     C:\ValleGrande\IntelliJ\apache-tomcat-9.0.93
25-Oct-2024 20:13:20.218 INFO [main] org.apache.catalina.startup.VersionLoggerListener.log Command line argument:             --add-opens=java.base/java.lang=ALL-UNNAMED
25-Oct-2024 20:13:20.218 INFO [main] org.apache.catalina.startup.VersionLoggerListener.log Command line argument:             --add-opens=java.base/java.io=ALL-UNNAMED
25-Oct-2024 20:13:20.219 INFO [main] org.apache.catalina.startup.VersionLoggerListener.log Command line argument:             --add-opens=java.base/java.util=ALL-UNNAMED
25-Oct-2024 20:13:20.219 INFO [main] org.apache.catalina.startup.VersionLoggerListener.log Command line argument:             --add-opens=java.base/java.util.concurrent=ALL-UNNAMED
25-Oct-2024 20:13:20.221 INFO [main] org.apache.catalina.startup.VersionLoggerListener.log Command line argument:             --add-opens=java.rmi/sun.rmi.transport=ALL-UNNAMED
25-Oct-2024 20:13:20.222 INFO [main] org.apache.catalina.startup.VersionLoggerListener.log Command line argument:             -Dcatalina.home=C:\..\ValleGrande\IntelliJ\apache-tomcat-9.0.93
25-Oct-2024 20:13:20.222 INFO [main] org.apache.catalina.startup.VersionLoggerListener.log Command line argument:             -Dcatalina.base=C:\Proyecto-3s\T03_BodegaLaEsquinita_P
25-Oct-2024 20:13:20.223 INFO [main] org.apache.catalina.startup.VersionLoggerListener.log Command line argument:             -Djava.io.tmpdir=C:\Proyecto-3s\T03_BodegaLaEsquinita_P\temp
25-Oct-2024 20:13:20.223 INFO [main] org.apache.catalina.startup.VersionLoggerListener.log Command line argument:             -Djava.util.logging.config.file=C:\Proyecto-3s\T03_BodegaLaEsquinita_P\conf\logging.properties
25-Oct-2024 20:13:20.226 INFO [main] org.apache.catalina.startup.VersionLoggerListener.log Command line argument:             -Djava.util.logging.manager=org.apache.juli.ClassLoaderLogManager
25-Oct-2024 20:13:20.227 INFO [main] org.apache.catalina.startup.VersionLoggerListener.log Command line argument:             -javaagent:C:\Program Files\JetBrains\IntelliJ IDEA 2024.2.1\lib\idea_rt.jar=56424:C:\Program Files\JetBrains\IntelliJ IDEA 2024.2.1\bin
25-Oct-2024 20:13:20.228 INFO [main] org.apache.catalina.startup.VersionLoggerListener.log Command line argument:             -Dfile.encoding=UTF-8
25-Oct-2024 20:13:21.492 INFO [main] org.apache.catalina.core.AprLifecycleListener.lifecycleEvent Cargada la biblioteca nativa APR de Apache Tomcat [1.3.1] con la versión APR [1.7.4].
25-Oct-2024 20:13:21.493 INFO [main] org.apache.catalina.core.AprLifecycleListener.lifecycleEvent Capacidades APR: IPv6 [true], enviar fichero [true], aceptar filtros [false], aleatorio [true], UDS [true].
25-Oct-2024 20:13:21.494 INFO [main] org.apache.catalina.core.AprLifecycleListener.lifecycleEvent APR/OpenSSL configuration: useAprConnector [false], useOpenSSL [true]
25-Oct-2024 20:13:21.578 INFO [main] org.apache.catalina.core.AprLifecycleListener.initializeSSL OpenSSL inicializado correctamente [OpenSSL 3.0.14 4 Jun 2024]
25-Oct-2024 20:13:22.837 INFO [main] org.apache.coyote.AbstractProtocol.init Inicializando el manejador de protocolo ["http-nio-8080"]

25-Oct-2024 20:13:22.905 INFO [main] org.apache.catalina.startup.Catalina.load Server initialization in [3462] milliseconds
25-Oct-2024 20:13:23.075 INFO [main] org.apache.catalina.core.StandardService.startInternal Arrancando servicio [Catalina]
25-Oct-2024 20:13:23.076 INFO [main] org.apache.catalina.core.StandardEngine.startInternal Starting Servlet engine: [Apache Tomcat/9.0.93]
25-Oct-2024 20:13:23.148 INFO [main] org.apache.catalina.startup.HostConfig.deployDescriptor Desplieque del descriptor de configuración [C:\Proyecto-3s\T03_BodegaLaEsquinita_P\conf\Catalina\localhost\T03_BodegaLaEsquinita_P.xml]
25-Oct-2024 20:13:27.120 INFO [main] org.apache.jasper.servlet.TldScanner.scanJars Al menos un JAR, que se ha explorado buscando TLDs, aún no contenía TLDs. Activar historial de depuración para este historiador para una completa lista de los JARs que fueron explorados y de los que nos se halló TLDs. Saltarse JARs no necesarios durante la exploración puede dar lugar a una mejora de tiempo significativa en el arranque y compilación de JSP .
25-Oct-2024 20:13:27.494 WARNING [main] org.apache.catalina.util.SessionIdGeneratorBase.createSecureRandom Creation of SecureRandom instance for session ID generation using [SHA1PRNG] took [201] milliseconds.
25-Oct-2024 20:13:27.581 INFO [main] org.apache.catalina.startup.HostConfig.deployDescriptor Deployment of deployment descriptor [C:\Proyecto-3s\T03_BodegaLaEsquinita_P\conf\Catalina\localhost\T03_BodegaLaEsquinita_P.xml] has finished in [4.438] ms
25-Oct-2024 20:13:27.595 INFO [main] org.apache.coyote.AbstractProtocol.start Starting ProtocolHandler ["http-nio-8080"]
25-Oct-2024 20:13:27.729 INFO [main] org.apache.catalina.startup.Catalina.start Server startup in [4823] milliseconds
25-Oct-2024 20:14:57.763 INFO [Thread-1] org.apache.coyote.AbstractProtocol.pause Pausing ProtocolHandler ["http-nio-8080"]
25-Oct-2024 20:14:59.542 INFO [Thread-1] org.apache.catalina.core.StandardService.stopInternal Parando servicio [Catalina]
25-Oct-2024 20:15:02.868 WARNING [Thread-1] org.apache.catalina.loader.WebappClassLoaderBase.clearReferencesJdbc La aplicación web [T03_BodegaLaEsquinita_P] registró el conductor JDBC [com.microsoft.sqlserver.jdbc.SQLServerDriver] pero falló al anular el registro mientras la aplicación web estaba parada. Para prevenir un fallo de memoria, se ha anulado el registro del conductor JDBC por la fuerza.
25-Oct-2024 20:15:03.791 INFO [Thread-1] org.apache.coyote.AbstractProtocol.stop Stopping ProtocolHandler ["http-nio-8080"]
25-Oct-2024 20:15:03.944 INFO [Thread-1] org.apache.coyote.AbstractProtocol.destroy Destroying ProtocolHandler ["http-nio-8080"]
25-Oct-2024 20:16:14.127 INFO [main] org.apache.catalina.startup.VersionLoggerListener.log Nombre de la versión del servidor: Apache Tomcat/9.0.93
25-Oct-2024 20:16:14.178 INFO [main] org.apache.catalina.startup.VersionLoggerListener.log Server built:                      Aug 2 2024 21:24:59 UTC
25-Oct-2024 20:16:14.178 INFO [main] org.apache.catalina.startup.VersionLoggerListener.log Número de versión de servidor:     9.0.93.0
25-Oct-2024 20:16:14.179 INFO [main] org.apache.catalina.startup.VersionLoggerListener.log OS Name:                           Windows 11
25-Oct-2024 20:16:14.180 INFO [main] org.apache.catalina.startup.VersionLoggerListener.log Versión de Systema Operativo:      10.0
25-Oct-2024 20:16:14.180 INFO [main] org.apache.catalina.startup.VersionLoggerListener.log Arquitectura:                      amd64
25-Oct-2024 20:16:14.180 INFO [main] org.apache.catalina.startup.VersionLoggerListener.log Java Home:                         C:\Program Files\Java\jdk-17
25-Oct-2024 20:16:14.181 INFO [main] org.apache.catalina.startup.VersionLoggerListener.log JVM Version:                       17.0.10+11-LTS-240
25-Oct-2024 20:16:14.182 INFO [main] org.apache.catalina.startup.VersionLoggerListener.log Vededor JVM:                       Oracle Corporation
25-Oct-2024 20:16:14.182 INFO [main] org.apache.catalina.startup.VersionLoggerListener.log CATALINA_BASE:                     C:\Proyecto-3s\T03_BodegaLaEsquinita_P
25-Oct-2024 20:16:14.182 INFO [main] org.apache.catalina.startup.VersionLoggerListener.log CATALINA_HOME:                     C:\ValleGrande\IntelliJ\apache-tomcat-9.0.93
25-Oct-2024 20:16:14.221 INFO [main] org.apache.catalina.startup.VersionLoggerListener.log Command line argument:             --add-opens=java.base/java.lang=ALL-UNNAMED
25-Oct-2024 20:16:14.222 INFO [main] org.apache.catalina.startup.VersionLoggerListener.log Command line argument:             --add-opens=java.base/java.io=ALL-UNNAMED
25-Oct-2024 20:16:14.222 INFO [main] org.apache.catalina.startup.VersionLoggerListener.log Command line argument:             --add-opens=java.base/java.util=ALL-UNNAMED
25-Oct-2024 20:16:14.223 INFO [main] org.apache.catalina.startup.VersionLoggerListener.log Command line argument:             --add-opens=java.base/java.util.concurrent=ALL-UNNAMED
25-Oct-2024 20:16:14.223 INFO [main] org.apache.catalina.startup.VersionLoggerListener.log Command line argument:             --add-opens=java.rmi/sun.rmi.transport=ALL-UNNAMED
25-Oct-2024 20:16:14.223 INFO [main] org.apache.catalina.startup.VersionLoggerListener.log Command line argument:             -Dcatalina.home=C:\..\ValleGrande\IntelliJ\apache-tomcat-9.0.93
25-Oct-2024 20:16:14.224 INFO [main] org.apache.catalina.startup.VersionLoggerListener.log Command line argument:             -Dcatalina.base=C:\Proyecto-3s\T03_BodegaLaEsquinita_P
25-Oct-2024 20:16:14.224 INFO [main] org.apache.catalina.startup.VersionLoggerListener.log Command line argument:             -Djava.io.tmpdir=C:\Proyecto-3s\T03_BodegaLaEsquinita_P\temp
25-Oct-2024 20:16:14.224 INFO [main] org.apache.catalina.startup.VersionLoggerListener.log Command line argument:             -Djava.util.logging.config.file=C:\Proyecto-3s\T03_BodegaLaEsquinita_P\conf\logging.properties
25-Oct-2024 20:16:14.224 INFO [main] org.apache.catalina.startup.VersionLoggerListener.log Command line argument:             -Djava.util.logging.manager=org.apache.juli.ClassLoaderLogManager
25-Oct-2024 20:16:14.224 INFO [main] org.apache.catalina.startup.VersionLoggerListener.log Command line argument:             -javaagent:C:\Program Files\JetBrains\IntelliJ IDEA 2024.2.1\lib\idea_rt.jar=56500:C:\Program Files\JetBrains\IntelliJ IDEA 2024.2.1\bin
25-Oct-2024 20:16:14.225 INFO [main] org.apache.catalina.startup.VersionLoggerListener.log Command line argument:             -Dfile.encoding=UTF-8
25-Oct-2024 20:16:15.582 INFO [main] org.apache.catalina.core.AprLifecycleListener.lifecycleEvent Cargada la biblioteca nativa APR de Apache Tomcat [1.3.1] con la versión APR [1.7.4].
25-Oct-2024 20:16:15.584 INFO [main] org.apache.catalina.core.AprLifecycleListener.lifecycleEvent Capacidades APR: IPv6 [true], enviar fichero [true], aceptar filtros [false], aleatorio [true], UDS [true].
25-Oct-2024 20:16:15.584 INFO [main] org.apache.catalina.core.AprLifecycleListener.lifecycleEvent APR/OpenSSL configuration: useAprConnector [false], useOpenSSL [true]
25-Oct-2024 20:16:15.617 INFO [main] org.apache.catalina.core.AprLifecycleListener.initializeSSL OpenSSL inicializado correctamente [OpenSSL 3.0.14 4 Jun 2024]
25-Oct-2024 20:16:16.274 INFO [main] org.apache.coyote.AbstractProtocol.init Inicializando el manejador de protocolo ["http-nio-8080"]

25-Oct-2024 20:16:16.321 INFO [main] org.apache.catalina.startup.Catalina.load Server initialization in [2813] milliseconds
25-Oct-2024 20:16:16.419 INFO [main] org.apache.catalina.core.StandardService.startInternal Arrancando servicio [Catalina]
25-Oct-2024 20:16:16.419 INFO [main] org.apache.catalina.core.StandardEngine.startInternal Starting Servlet engine: [Apache Tomcat/9.0.93]
25-Oct-2024 20:16:16.446 INFO [main] org.apache.catalina.startup.HostConfig.deployDescriptor Desplieque del descriptor de configuración [C:\Proyecto-3s\T03_BodegaLaEsquinita_P\conf\Catalina\localhost\T03_BodegaLaEsquinita_P.xml]
25-Oct-2024 20:16:18.830 INFO [main] org.apache.jasper.servlet.TldScanner.scanJars Al menos un JAR, que se ha explorado buscando TLDs, aún no contenía TLDs. Activar historial de depuración para este historiador para una completa lista de los JARs que fueron explorados y de los que nos se halló TLDs. Saltarse JARs no necesarios durante la exploración puede dar lugar a una mejora de tiempo significativa en el arranque y compilación de JSP .
25-Oct-2024 20:16:19.372 WARNING [main] org.apache.catalina.util.SessionIdGeneratorBase.createSecureRandom Creation of SecureRandom instance for session ID generation using [SHA1PRNG] took [266] milliseconds.
25-Oct-2024 20:16:19.613 INFO [main] org.apache.catalina.startup.HostConfig.deployDescriptor Deployment of deployment descriptor [C:\Proyecto-3s\T03_BodegaLaEsquinita_P\conf\Catalina\localhost\T03_BodegaLaEsquinita_P.xml] has finished in [3.166] ms
25-Oct-2024 20:16:19.638 INFO [main] org.apache.coyote.AbstractProtocol.start Starting ProtocolHandler ["http-nio-8080"]
25-Oct-2024 20:16:20.377 INFO [main] org.apache.catalina.startup.Catalina.start Server startup in [4057] milliseconds
25-Oct-2024 20:18:44.778 INFO [Thread-1] org.apache.coyote.AbstractProtocol.pause Pausing ProtocolHandler ["http-nio-8080"]
25-Oct-2024 20:18:46.232 INFO [Thread-1] org.apache.catalina.core.StandardService.stopInternal Parando servicio [Catalina]
25-Oct-2024 20:18:47.573 WARNING [Thread-1] org.apache.catalina.loader.WebappClassLoaderBase.clearReferencesJdbc La aplicación web [T03_BodegaLaEsquinita_P] registró el conductor JDBC [com.microsoft.sqlserver.jdbc.SQLServerDriver] pero falló al anular el registro mientras la aplicación web estaba parada. Para prevenir un fallo de memoria, se ha anulado el registro del conductor JDBC por la fuerza.
25-Oct-2024 20:18:48.151 INFO [Thread-1] org.apache.coyote.AbstractProtocol.stop Stopping ProtocolHandler ["http-nio-8080"]
25-Oct-2024 20:18:48.769 WARNING [Thread-1] org.apache.tomcat.util.net.Acceptor.stopMillis The acceptor thread [http-nio-8080-Acceptor] did not stop cleanly
25-Oct-2024 20:18:48.864 INFO [Thread-1] org.apache.coyote.AbstractProtocol.destroy Destroying ProtocolHandler ["http-nio-8080"]
25-Oct-2024 20:19:15.972 INFO [main] org.apache.catalina.startup.VersionLoggerListener.log Nombre de la versión del servidor: Apache Tomcat/9.0.93
25-Oct-2024 20:19:15.984 INFO [main] org.apache.catalina.startup.VersionLoggerListener.log Server built:                      Aug 2 2024 21:24:59 UTC
25-Oct-2024 20:19:15.986 INFO [main] org.apache.catalina.startup.VersionLoggerListener.log Número de versión de servidor:     9.0.93.0
25-Oct-2024 20:19:15.986 INFO [main] org.apache.catalina.startup.VersionLoggerListener.log OS Name:                           Windows 11
25-Oct-2024 20:19:15.987 INFO [main] org.apache.catalina.startup.VersionLoggerListener.log Versión de Systema Operativo:      10.0
25-Oct-2024 20:19:15.987 INFO [main] org.apache.catalina.startup.VersionLoggerListener.log Arquitectura:                      amd64
25-Oct-2024 20:19:15.987 INFO [main] org.apache.catalina.startup.VersionLoggerListener.log Java Home:                         C:\Program Files\Java\jdk-17
25-Oct-2024 20:19:15.987 INFO [main] org.apache.catalina.startup.VersionLoggerListener.log JVM Version:                       17.0.10+11-LTS-240
25-Oct-2024 20:19:15.987 INFO [main] org.apache.catalina.startup.VersionLoggerListener.log Vededor JVM:                       Oracle Corporation
25-Oct-2024 20:19:15.988 INFO [main] org.apache.catalina.startup.VersionLoggerListener.log CATALINA_BASE:                     C:\Proyecto-3s\T03_BodegaLaEsquinita_P
25-Oct-2024 20:19:15.988 INFO [main] org.apache.catalina.startup.VersionLoggerListener.log CATALINA_HOME:                     C:\ValleGrande\IntelliJ\apache-tomcat-9.0.93
25-Oct-2024 20:19:16.025 INFO [main] org.apache.catalina.startup.VersionLoggerListener.log Command line argument:             --add-opens=java.base/java.lang=ALL-UNNAMED
25-Oct-2024 20:19:16.025 INFO [main] org.apache.catalina.startup.VersionLoggerListener.log Command line argument:             --add-opens=java.base/java.io=ALL-UNNAMED
25-Oct-2024 20:19:16.027 INFO [main] org.apache.catalina.startup.VersionLoggerListener.log Command line argument:             --add-opens=java.base/java.util=ALL-UNNAMED
25-Oct-2024 20:19:16.027 INFO [main] org.apache.catalina.startup.VersionLoggerListener.log Command line argument:             --add-opens=java.base/java.util.concurrent=ALL-UNNAMED
25-Oct-2024 20:19:16.028 INFO [main] org.apache.catalina.startup.VersionLoggerListener.log Command line argument:             --add-opens=java.rmi/sun.rmi.transport=ALL-UNNAMED
25-Oct-2024 20:19:16.029 INFO [main] org.apache.catalina.startup.VersionLoggerListener.log Command line argument:             -Dcatalina.home=C:\..\ValleGrande\IntelliJ\apache-tomcat-9.0.93
25-Oct-2024 20:19:16.030 INFO [main] org.apache.catalina.startup.VersionLoggerListener.log Command line argument:             -Dcatalina.base=C:\Proyecto-3s\T03_BodegaLaEsquinita_P
25-Oct-2024 20:19:16.031 INFO [main] org.apache.catalina.startup.VersionLoggerListener.log Command line argument:             -Djava.io.tmpdir=C:\Proyecto-3s\T03_BodegaLaEsquinita_P\temp
25-Oct-2024 20:19:16.031 INFO [main] org.apache.catalina.startup.VersionLoggerListener.log Command line argument:             -Djava.util.logging.config.file=C:\Proyecto-3s\T03_BodegaLaEsquinita_P\conf\logging.properties
25-Oct-2024 20:19:16.031 INFO [main] org.apache.catalina.startup.VersionLoggerListener.log Command line argument:             -Djava.util.logging.manager=org.apache.juli.ClassLoaderLogManager
25-Oct-2024 20:19:16.032 INFO [main] org.apache.catalina.startup.VersionLoggerListener.log Command line argument:             -javaagent:C:\Program Files\JetBrains\IntelliJ IDEA 2024.2.1\lib\idea_rt.jar=56536:C:\Program Files\JetBrains\IntelliJ IDEA 2024.2.1\bin
25-Oct-2024 20:19:16.032 INFO [main] org.apache.catalina.startup.VersionLoggerListener.log Command line argument:             -Dfile.encoding=UTF-8
25-Oct-2024 20:19:16.351 INFO [main] org.apache.catalina.core.AprLifecycleListener.lifecycleEvent Cargada la biblioteca nativa APR de Apache Tomcat [1.3.1] con la versión APR [1.7.4].
25-Oct-2024 20:19:16.351 INFO [main] org.apache.catalina.core.AprLifecycleListener.lifecycleEvent Capacidades APR: IPv6 [true], enviar fichero [true], aceptar filtros [false], aleatorio [true], UDS [true].
25-Oct-2024 20:19:16.352 INFO [main] org.apache.catalina.core.AprLifecycleListener.lifecycleEvent APR/OpenSSL configuration: useAprConnector [false], useOpenSSL [true]
25-Oct-2024 20:19:16.391 INFO [main] org.apache.catalina.core.AprLifecycleListener.initializeSSL OpenSSL inicializado correctamente [OpenSSL 3.0.14 4 Jun 2024]
25-Oct-2024 20:19:17.144 INFO [main] org.apache.coyote.AbstractProtocol.init Inicializando el manejador de protocolo ["http-nio-8080"]

25-Oct-2024 20:19:17.196 INFO [main] org.apache.catalina.startup.Catalina.load Server initialization in [2050] milliseconds
25-Oct-2024 20:19:17.320 INFO [main] org.apache.catalina.core.StandardService.startInternal Arrancando servicio [Catalina]
25-Oct-2024 20:19:17.320 INFO [main] org.apache.catalina.core.StandardEngine.startInternal Starting Servlet engine: [Apache Tomcat/9.0.93]
25-Oct-2024 20:19:17.345 INFO [main] org.apache.catalina.startup.HostConfig.deployDescriptor Desplieque del descriptor de configuración [C:\Proyecto-3s\T03_BodegaLaEsquinita_P\conf\Catalina\localhost\T03_BodegaLaEsquinita_P.xml]
25-Oct-2024 20:19:20.206 INFO [main] org.apache.jasper.servlet.TldScanner.scanJars Al menos un JAR, que se ha explorado buscando TLDs, aún no contenía TLDs. Activar historial de depuración para este historiador para una completa lista de los JARs que fueron explorados y de los que nos se halló TLDs. Saltarse JARs no necesarios durante la exploración puede dar lugar a una mejora de tiempo significativa en el arranque y compilación de JSP .
25-Oct-2024 20:19:20.540 WARNING [main] org.apache.catalina.util.SessionIdGeneratorBase.createSecureRandom Creation of SecureRandom instance for session ID generation using [SHA1PRNG] took [155] milliseconds.
25-Oct-2024 20:19:20.643 INFO [main] org.apache.catalina.startup.HostConfig.deployDescriptor Deployment of deployment descriptor [C:\Proyecto-3s\T03_BodegaLaEsquinita_P\conf\Catalina\localhost\T03_BodegaLaEsquinita_P.xml] has finished in [3.297] ms
25-Oct-2024 20:19:20.659 INFO [main] org.apache.coyote.AbstractProtocol.start Starting ProtocolHandler ["http-nio-8080"]
25-Oct-2024 20:19:20.798 INFO [main] org.apache.catalina.startup.Catalina.start Server startup in [3601] milliseconds
25-Oct-2024 20:26:04.955 INFO [Thread-1] org.apache.coyote.AbstractProtocol.pause Pausing ProtocolHandler ["http-nio-8080"]
25-Oct-2024 20:26:05.594 INFO [Thread-1] org.apache.catalina.core.StandardService.stopInternal Parando servicio [Catalina]
25-Oct-2024 20:26:06.103 WARNING [Thread-1] org.apache.catalina.loader.WebappClassLoaderBase.clearReferencesJdbc La aplicación web [T03_BodegaLaEsquinita_P] registró el conductor JDBC [com.microsoft.sqlserver.jdbc.SQLServerDriver] pero falló al anular el registro mientras la aplicación web estaba parada. Para prevenir un fallo de memoria, se ha anulado el registro del conductor JDBC por la fuerza.
25-Oct-2024 20:26:06.313 INFO [Thread-1] org.apache.coyote.AbstractProtocol.stop Stopping ProtocolHandler ["http-nio-8080"]
25-Oct-2024 20:26:06.364 INFO [Thread-1] org.apache.coyote.AbstractProtocol.destroy Destroying ProtocolHandler ["http-nio-8080"]
25-Oct-2024 20:29:31.609 INFO [main] org.apache.catalina.startup.VersionLoggerListener.log Nombre de la versión del servidor: Apache Tomcat/9.0.93
25-Oct-2024 20:29:31.625 INFO [main] org.apache.catalina.startup.VersionLoggerListener.log Server built:                      Aug 2 2024 21:24:59 UTC
25-Oct-2024 20:29:31.625 INFO [main] org.apache.catalina.startup.VersionLoggerListener.log Número de versión de servidor:     9.0.93.0
25-Oct-2024 20:29:31.627 INFO [main] org.apache.catalina.startup.VersionLoggerListener.log OS Name:                           Windows 11
25-Oct-2024 20:29:31.627 INFO [main] org.apache.catalina.startup.VersionLoggerListener.log Versión de Systema Operativo:      10.0
25-Oct-2024 20:29:31.627 INFO [main] org.apache.catalina.startup.VersionLoggerListener.log Arquitectura:                      amd64
25-Oct-2024 20:29:31.629 INFO [main] org.apache.catalina.startup.VersionLoggerListener.log Java Home:                         C:\Program Files\Java\jdk-17
25-Oct-2024 20:29:31.629 INFO [main] org.apache.catalina.startup.VersionLoggerListener.log JVM Version:                       17.0.10+11-LTS-240
25-Oct-2024 20:29:31.629 INFO [main] org.apache.catalina.startup.VersionLoggerListener.log Vededor JVM:                       Oracle Corporation
25-Oct-2024 20:29:31.630 INFO [main] org.apache.catalina.startup.VersionLoggerListener.log CATALINA_BASE:                     C:\Proyecto-3s\T03_BodegaLaEsquinita_P
25-Oct-2024 20:29:31.630 INFO [main] org.apache.catalina.startup.VersionLoggerListener.log CATALINA_HOME:                     C:\ValleGrande\IntelliJ\apache-tomcat-9.0.93
25-Oct-2024 20:29:31.669 INFO [main] org.apache.catalina.startup.VersionLoggerListener.log Command line argument:             --add-opens=java.base/java.lang=ALL-UNNAMED
25-Oct-2024 20:29:31.670 INFO [main] org.apache.catalina.startup.VersionLoggerListener.log Command line argument:             --add-opens=java.base/java.io=ALL-UNNAMED
25-Oct-2024 20:29:31.670 INFO [main] org.apache.catalina.startup.VersionLoggerListener.log Command line argument:             --add-opens=java.base/java.util=ALL-UNNAMED
25-Oct-2024 20:29:31.670 INFO [main] org.apache.catalina.startup.VersionLoggerListener.log Command line argument:             --add-opens=java.base/java.util.concurrent=ALL-UNNAMED
25-Oct-2024 20:29:31.671 INFO [main] org.apache.catalina.startup.VersionLoggerListener.log Command line argument:             --add-opens=java.rmi/sun.rmi.transport=ALL-UNNAMED
25-Oct-2024 20:29:31.671 INFO [main] org.apache.catalina.startup.VersionLoggerListener.log Command line argument:             -Dcatalina.home=C:\..\ValleGrande\IntelliJ\apache-tomcat-9.0.93
25-Oct-2024 20:29:31.671 INFO [main] org.apache.catalina.startup.VersionLoggerListener.log Command line argument:             -Dcatalina.base=C:\Proyecto-3s\T03_BodegaLaEsquinita_P
25-Oct-2024 20:29:31.671 INFO [main] org.apache.catalina.startup.VersionLoggerListener.log Command line argument:             -Djava.io.tmpdir=C:\Proyecto-3s\T03_BodegaLaEsquinita_P\temp
25-Oct-2024 20:29:31.672 INFO [main] org.apache.catalina.startup.VersionLoggerListener.log Command line argument:             -Djava.util.logging.config.file=C:\Proyecto-3s\T03_BodegaLaEsquinita_P\conf\logging.properties
25-Oct-2024 20:29:31.672 INFO [main] org.apache.catalina.startup.VersionLoggerListener.log Command line argument:             -Djava.util.logging.manager=org.apache.juli.ClassLoaderLogManager
25-Oct-2024 20:29:31.672 INFO [main] org.apache.catalina.startup.VersionLoggerListener.log Command line argument:             -javaagent:C:\Program Files\JetBrains\IntelliJ IDEA 2024.2.1\lib\idea_rt.jar=50737:C:\Program Files\JetBrains\IntelliJ IDEA 2024.2.1\bin
25-Oct-2024 20:29:31.672 INFO [main] org.apache.catalina.startup.VersionLoggerListener.log Command line argument:             -Dfile.encoding=UTF-8
25-Oct-2024 20:29:31.686 INFO [main] org.apache.catalina.core.AprLifecycleListener.lifecycleEvent Cargada la biblioteca nativa APR de Apache Tomcat [1.3.1] con la versión APR [1.7.4].
25-Oct-2024 20:29:31.687 INFO [main] org.apache.catalina.core.AprLifecycleListener.lifecycleEvent Capacidades APR: IPv6 [true], enviar fichero [true], aceptar filtros [false], aleatorio [true], UDS [true].
25-Oct-2024 20:29:31.687 INFO [main] org.apache.catalina.core.AprLifecycleListener.lifecycleEvent APR/OpenSSL configuration: useAprConnector [false], useOpenSSL [true]
25-Oct-2024 20:29:31.727 INFO [main] org.apache.catalina.core.AprLifecycleListener.initializeSSL OpenSSL inicializado correctamente [OpenSSL 3.0.14 4 Jun 2024]
25-Oct-2024 20:29:32.491 INFO [main] org.apache.coyote.AbstractProtocol.init Inicializando el manejador de protocolo ["http-nio-8080"]

25-Oct-2024 20:29:32.539 INFO [main] org.apache.catalina.startup.Catalina.load Server initialization in [1601] milliseconds
25-Oct-2024 20:29:32.670 INFO [main] org.apache.catalina.core.StandardService.startInternal Arrancando servicio [Catalina]
25-Oct-2024 20:29:32.670 INFO [main] org.apache.catalina.core.StandardEngine.startInternal Starting Servlet engine: [Apache Tomcat/9.0.93]
25-Oct-2024 20:29:32.686 INFO [main] org.apache.catalina.startup.HostConfig.deployDescriptor Desplieque del descriptor de configuración [C:\Proyecto-3s\T03_BodegaLaEsquinita_P\conf\Catalina\localhost\T03_BodegaLaEsquinita_P.xml]
25-Oct-2024 20:29:34.685 INFO [main] org.apache.jasper.servlet.TldScanner.scanJars Al menos un JAR, que se ha explorado buscando TLDs, aún no contenía TLDs. Activar historial de depuración para este historiador para una completa lista de los JARs que fueron explorados y de los que nos se halló TLDs. Saltarse JARs no necesarios durante la exploración puede dar lugar a una mejora de tiempo significativa en el arranque y compilación de JSP .
25-Oct-2024 20:29:34.979 INFO [main] org.apache.catalina.startup.HostConfig.deployDescriptor Deployment of deployment descriptor [C:\Proyecto-3s\T03_BodegaLaEsquinita_P\conf\Catalina\localhost\T03_BodegaLaEsquinita_P.xml] has finished in [2.286] ms
25-Oct-2024 20:29:34.994 INFO [main] org.apache.coyote.AbstractProtocol.start Starting ProtocolHandler ["http-nio-8080"]
25-Oct-2024 20:29:35.098 INFO [main] org.apache.catalina.startup.Catalina.start Server startup in [2558] milliseconds
25-Oct-2024 20:43:55.206 INFO [Thread-1] org.apache.coyote.AbstractProtocol.pause Pausing ProtocolHandler ["http-nio-8080"]
25-Oct-2024 20:43:55.675 INFO [Thread-1] org.apache.catalina.core.StandardService.stopInternal Parando servicio [Catalina]
25-Oct-2024 20:43:56.048 WARNING [Thread-1] org.apache.catalina.loader.WebappClassLoaderBase.clearReferencesJdbc La aplicación web [T03_BodegaLaEsquinita_P] registró el conductor JDBC [com.microsoft.sqlserver.jdbc.SQLServerDriver] pero falló al anular el registro mientras la aplicación web estaba parada. Para prevenir un fallo de memoria, se ha anulado el registro del conductor JDBC por la fuerza.
25-Oct-2024 20:43:56.147 INFO [Thread-1] org.apache.coyote.AbstractProtocol.stop Stopping ProtocolHandler ["http-nio-8080"]
25-Oct-2024 20:43:56.184 INFO [Thread-1] org.apache.coyote.AbstractProtocol.destroy Destroying ProtocolHandler ["http-nio-8080"]
25-Oct-2024 20:44:05.657 INFO [main] org.apache.catalina.startup.VersionLoggerListener.log Nombre de la versión del servidor: Apache Tomcat/9.0.93
25-Oct-2024 20:44:05.665 INFO [main] org.apache.catalina.startup.VersionLoggerListener.log Server built:                      Aug 2 2024 21:24:59 UTC
25-Oct-2024 20:44:05.665 INFO [main] org.apache.catalina.startup.VersionLoggerListener.log Número de versión de servidor:     9.0.93.0
25-Oct-2024 20:44:05.666 INFO [main] org.apache.catalina.startup.VersionLoggerListener.log OS Name:                           Windows 11
25-Oct-2024 20:44:05.666 INFO [main] org.apache.catalina.startup.VersionLoggerListener.log Versión de Systema Operativo:      10.0
25-Oct-2024 20:44:05.666 INFO [main] org.apache.catalina.startup.VersionLoggerListener.log Arquitectura:                      amd64
25-Oct-2024 20:44:05.667 INFO [main] org.apache.catalina.startup.VersionLoggerListener.log Java Home:                         C:\Program Files\Java\jdk-17
25-Oct-2024 20:44:05.667 INFO [main] org.apache.catalina.startup.VersionLoggerListener.log JVM Version:                       17.0.10+11-LTS-240
25-Oct-2024 20:44:05.667 INFO [main] org.apache.catalina.startup.VersionLoggerListener.log Vededor JVM:                       Oracle Corporation
25-Oct-2024 20:44:05.667 INFO [main] org.apache.catalina.startup.VersionLoggerListener.log CATALINA_BASE:                     C:\Proyecto-3s\T03_BodegaLaEsquinita_P
25-Oct-2024 20:44:05.667 INFO [main] org.apache.catalina.startup.VersionLoggerListener.log CATALINA_HOME:                     C:\ValleGrande\IntelliJ\apache-tomcat-9.0.93
25-Oct-2024 20:44:05.684 INFO [main] org.apache.catalina.startup.VersionLoggerListener.log Command line argument:             --add-opens=java.base/java.lang=ALL-UNNAMED
25-Oct-2024 20:44:05.684 INFO [main] org.apache.catalina.startup.VersionLoggerListener.log Command line argument:             --add-opens=java.base/java.io=ALL-UNNAMED
25-Oct-2024 20:44:05.684 INFO [main] org.apache.catalina.startup.VersionLoggerListener.log Command line argument:             --add-opens=java.base/java.util=ALL-UNNAMED
25-Oct-2024 20:44:05.684 INFO [main] org.apache.catalina.startup.VersionLoggerListener.log Command line argument:             --add-opens=java.base/java.util.concurrent=ALL-UNNAMED
25-Oct-2024 20:44:05.684 INFO [main] org.apache.catalina.startup.VersionLoggerListener.log Command line argument:             --add-opens=java.rmi/sun.rmi.transport=ALL-UNNAMED
25-Oct-2024 20:44:05.685 INFO [main] org.apache.catalina.startup.VersionLoggerListener.log Command line argument:             -Dcatalina.home=C:\..\ValleGrande\IntelliJ\apache-tomcat-9.0.93
25-Oct-2024 20:44:05.685 INFO [main] org.apache.catalina.startup.VersionLoggerListener.log Command line argument:             -Dcatalina.base=C:\Proyecto-3s\T03_BodegaLaEsquinita_P
25-Oct-2024 20:44:05.685 INFO [main] org.apache.catalina.startup.VersionLoggerListener.log Command line argument:             -Djava.io.tmpdir=C:\Proyecto-3s\T03_BodegaLaEsquinita_P\temp
25-Oct-2024 20:44:05.685 INFO [main] org.apache.catalina.startup.VersionLoggerListener.log Command line argument:             -Djava.util.logging.config.file=C:\Proyecto-3s\T03_BodegaLaEsquinita_P\conf\logging.properties
25-Oct-2024 20:44:05.685 INFO [main] org.apache.catalina.startup.VersionLoggerListener.log Command line argument:             -Djava.util.logging.manager=org.apache.juli.ClassLoaderLogManager
25-Oct-2024 20:44:05.685 INFO [main] org.apache.catalina.startup.VersionLoggerListener.log Command line argument:             -javaagent:C:\Program Files\JetBrains\IntelliJ IDEA 2024.2.1\lib\idea_rt.jar=51086:C:\Program Files\JetBrains\IntelliJ IDEA 2024.2.1\bin
25-Oct-2024 20:44:05.686 INFO [main] org.apache.catalina.startup.VersionLoggerListener.log Command line argument:             -Dfile.encoding=UTF-8
25-Oct-2024 20:44:05.695 INFO [main] org.apache.catalina.core.AprLifecycleListener.lifecycleEvent Cargada la biblioteca nativa APR de Apache Tomcat [1.3.1] con la versión APR [1.7.4].
25-Oct-2024 20:44:05.696 INFO [main] org.apache.catalina.core.AprLifecycleListener.lifecycleEvent Capacidades APR: IPv6 [true], enviar fichero [true], aceptar filtros [false], aleatorio [true], UDS [true].
25-Oct-2024 20:44:05.696 INFO [main] org.apache.catalina.core.AprLifecycleListener.lifecycleEvent APR/OpenSSL configuration: useAprConnector [false], useOpenSSL [true]
25-Oct-2024 20:44:05.725 INFO [main] org.apache.catalina.core.AprLifecycleListener.initializeSSL OpenSSL inicializado correctamente [OpenSSL 3.0.14 4 Jun 2024]
25-Oct-2024 20:44:06.223 INFO [main] org.apache.coyote.AbstractProtocol.init Inicializando el manejador de protocolo ["http-nio-8080"]

25-Oct-2024 20:44:06.265 INFO [main] org.apache.catalina.startup.Catalina.load Server initialization in [1093] milliseconds
25-Oct-2024 20:44:06.373 INFO [main] org.apache.catalina.core.StandardService.startInternal Arrancando servicio [Catalina]
25-Oct-2024 20:44:06.374 INFO [main] org.apache.catalina.core.StandardEngine.startInternal Starting Servlet engine: [Apache Tomcat/9.0.93]
25-Oct-2024 20:44:06.394 INFO [main] org.apache.catalina.startup.HostConfig.deployDescriptor Desplieque del descriptor de configuración [C:\Proyecto-3s\T03_BodegaLaEsquinita_P\conf\Catalina\localhost\T03_BodegaLaEsquinita_P.xml]
25-Oct-2024 20:44:07.630 INFO [main] org.apache.jasper.servlet.TldScanner.scanJars Al menos un JAR, que se ha explorado buscando TLDs, aún no contenía TLDs. Activar historial de depuración para este historiador para una completa lista de los JARs que fueron explorados y de los que nos se halló TLDs. Saltarse JARs no necesarios durante la exploración puede dar lugar a una mejora de tiempo significativa en el arranque y compilación de JSP .
25-Oct-2024 20:44:07.816 INFO [main] org.apache.catalina.startup.HostConfig.deployDescriptor Deployment of deployment descriptor [C:\Proyecto-3s\T03_BodegaLaEsquinita_P\conf\Catalina\localhost\T03_BodegaLaEsquinita_P.xml] has finished in [1.418] ms
25-Oct-2024 20:44:07.825 INFO [main] org.apache.coyote.AbstractProtocol.start Starting ProtocolHandler ["http-nio-8080"]
25-Oct-2024 20:44:07.895 INFO [main] org.apache.catalina.startup.Catalina.start Server startup in [1629] milliseconds
25-Oct-2024 20:46:00.367 INFO [Thread-1] org.apache.coyote.AbstractProtocol.pause Pausing ProtocolHandler ["http-nio-8080"]
25-Oct-2024 20:46:00.803 INFO [Thread-1] org.apache.catalina.core.StandardService.stopInternal Parando servicio [Catalina]
25-Oct-2024 20:46:00.891 WARNING [Thread-1] org.apache.catalina.loader.WebappClassLoaderBase.clearReferencesJdbc La aplicación web [T03_BodegaLaEsquinita_P] registró el conductor JDBC [com.microsoft.sqlserver.jdbc.SQLServerDriver] pero falló al anular el registro mientras la aplicación web estaba parada. Para prevenir un fallo de memoria, se ha anulado el registro del conductor JDBC por la fuerza.
25-Oct-2024 20:46:00.919 INFO [Thread-1] org.apache.coyote.AbstractProtocol.stop Stopping ProtocolHandler ["http-nio-8080"]
25-Oct-2024 20:46:00.944 INFO [Thread-1] org.apache.coyote.AbstractProtocol.destroy Destroying ProtocolHandler ["http-nio-8080"]
25-Oct-2024 20:46:09.076 INFO [main] org.apache.catalina.startup.VersionLoggerListener.log Nombre de la versión del servidor: Apache Tomcat/9.0.93
25-Oct-2024 20:46:09.084 INFO [main] org.apache.catalina.startup.VersionLoggerListener.log Server built:                      Aug 2 2024 21:24:59 UTC
25-Oct-2024 20:46:09.085 INFO [main] org.apache.catalina.startup.VersionLoggerListener.log Número de versión de servidor:     9.0.93.0
25-Oct-2024 20:46:09.085 INFO [main] org.apache.catalina.startup.VersionLoggerListener.log OS Name:                           Windows 11
25-Oct-2024 20:46:09.085 INFO [main] org.apache.catalina.startup.VersionLoggerListener.log Versión de Systema Operativo:      10.0
25-Oct-2024 20:46:09.085 INFO [main] org.apache.catalina.startup.VersionLoggerListener.log Arquitectura:                      amd64
25-Oct-2024 20:46:09.085 INFO [main] org.apache.catalina.startup.VersionLoggerListener.log Java Home:                         C:\Program Files\Java\jdk-17
25-Oct-2024 20:46:09.085 INFO [main] org.apache.catalina.startup.VersionLoggerListener.log JVM Version:                       17.0.10+11-LTS-240
25-Oct-2024 20:46:09.086 INFO [main] org.apache.catalina.startup.VersionLoggerListener.log Vededor JVM:                       Oracle Corporation
25-Oct-2024 20:46:09.086 INFO [main] org.apache.catalina.startup.VersionLoggerListener.log CATALINA_BASE:                     C:\Proyecto-3s\T03_BodegaLaEsquinita_P
25-Oct-2024 20:46:09.086 INFO [main] org.apache.catalina.startup.VersionLoggerListener.log CATALINA_HOME:                     C:\ValleGrande\IntelliJ\apache-tomcat-9.0.93
25-Oct-2024 20:46:09.108 INFO [main] org.apache.catalina.startup.VersionLoggerListener.log Command line argument:             --add-opens=java.base/java.lang=ALL-UNNAMED
25-Oct-2024 20:46:09.108 INFO [main] org.apache.catalina.startup.VersionLoggerListener.log Command line argument:             --add-opens=java.base/java.io=ALL-UNNAMED
25-Oct-2024 20:46:09.108 INFO [main] org.apache.catalina.startup.VersionLoggerListener.log Command line argument:             --add-opens=java.base/java.util=ALL-UNNAMED
25-Oct-2024 20:46:09.108 INFO [main] org.apache.catalina.startup.VersionLoggerListener.log Command line argument:             --add-opens=java.base/java.util.concurrent=ALL-UNNAMED
25-Oct-2024 20:46:09.108 INFO [main] org.apache.catalina.startup.VersionLoggerListener.log Command line argument:             --add-opens=java.rmi/sun.rmi.transport=ALL-UNNAMED
25-Oct-2024 20:46:09.108 INFO [main] org.apache.catalina.startup.VersionLoggerListener.log Command line argument:             -Dcatalina.home=C:\..\ValleGrande\IntelliJ\apache-tomcat-9.0.93
25-Oct-2024 20:46:09.108 INFO [main] org.apache.catalina.startup.VersionLoggerListener.log Command line argument:             -Dcatalina.base=C:\Proyecto-3s\T03_BodegaLaEsquinita_P
25-Oct-2024 20:46:09.108 INFO [main] org.apache.catalina.startup.VersionLoggerListener.log Command line argument:             -Djava.io.tmpdir=C:\Proyecto-3s\T03_BodegaLaEsquinita_P\temp
25-Oct-2024 20:46:09.108 INFO [main] org.apache.catalina.startup.VersionLoggerListener.log Command line argument:             -Djava.util.logging.config.file=C:\Proyecto-3s\T03_BodegaLaEsquinita_P\conf\logging.properties
25-Oct-2024 20:46:09.108 INFO [main] org.apache.catalina.startup.VersionLoggerListener.log Command line argument:             -Djava.util.logging.manager=org.apache.juli.ClassLoaderLogManager
25-Oct-2024 20:46:09.108 INFO [main] org.apache.catalina.startup.VersionLoggerListener.log Command line argument:             -javaagent:C:\Program Files\JetBrains\IntelliJ IDEA 2024.2.1\lib\idea_rt.jar=51140:C:\Program Files\JetBrains\IntelliJ IDEA 2024.2.1\bin
25-Oct-2024 20:46:09.108 INFO [main] org.apache.catalina.startup.VersionLoggerListener.log Command line argument:             -Dfile.encoding=UTF-8
25-Oct-2024 20:46:09.128 INFO [main] org.apache.catalina.core.AprLifecycleListener.lifecycleEvent Cargada la biblioteca nativa APR de Apache Tomcat [1.3.1] con la versión APR [1.7.4].
25-Oct-2024 20:46:09.130 INFO [main] org.apache.catalina.core.AprLifecycleListener.lifecycleEvent Capacidades APR: IPv6 [true], enviar fichero [true], aceptar filtros [false], aleatorio [true], UDS [true].
25-Oct-2024 20:46:09.130 INFO [main] org.apache.catalina.core.AprLifecycleListener.lifecycleEvent APR/OpenSSL configuration: useAprConnector [false], useOpenSSL [true]
25-Oct-2024 20:46:09.166 INFO [main] org.apache.catalina.core.AprLifecycleListener.initializeSSL OpenSSL inicializado correctamente [OpenSSL 3.0.14 4 Jun 2024]
25-Oct-2024 20:46:09.700 INFO [main] org.apache.coyote.AbstractProtocol.init Inicializando el manejador de protocolo ["http-nio-8080"]

25-Oct-2024 20:46:09.739 INFO [main] org.apache.catalina.startup.Catalina.load Server initialization in [1265] milliseconds
25-Oct-2024 20:46:09.846 INFO [main] org.apache.catalina.core.StandardService.startInternal Arrancando servicio [Catalina]
25-Oct-2024 20:46:09.846 INFO [main] org.apache.catalina.core.StandardEngine.startInternal Starting Servlet engine: [Apache Tomcat/9.0.93]
25-Oct-2024 20:46:09.866 INFO [main] org.apache.catalina.startup.HostConfig.deployDescriptor Desplieque del descriptor de configuración [C:\Proyecto-3s\T03_BodegaLaEsquinita_P\conf\Catalina\localhost\T03_BodegaLaEsquinita_P.xml]
25-Oct-2024 20:46:11.331 INFO [main] org.apache.jasper.servlet.TldScanner.scanJars Al menos un JAR, que se ha explorado buscando TLDs, aún no contenía TLDs. Activar historial de depuración para este historiador para una completa lista de los JARs que fueron explorados y de los que nos se halló TLDs. Saltarse JARs no necesarios durante la exploración puede dar lugar a una mejora de tiempo significativa en el arranque y compilación de JSP .
25-Oct-2024 20:46:11.515 INFO [main] org.apache.catalina.startup.HostConfig.deployDescriptor Deployment of deployment descriptor [C:\Proyecto-3s\T03_BodegaLaEsquinita_P\conf\Catalina\localhost\T03_BodegaLaEsquinita_P.xml] has finished in [1.641] ms
25-Oct-2024 20:46:11.515 INFO [main] org.apache.coyote.AbstractProtocol.start Starting ProtocolHandler ["http-nio-8080"]
25-Oct-2024 20:46:11.579 INFO [main] org.apache.catalina.startup.Catalina.start Server startup in [1845] milliseconds
25-Oct-2024 20:47:11.088 INFO [Thread-1] org.apache.coyote.AbstractProtocol.pause Pausing ProtocolHandler ["http-nio-8080"]
25-Oct-2024 20:47:11.543 INFO [Thread-1] org.apache.catalina.core.StandardService.stopInternal Parando servicio [Catalina]
25-Oct-2024 20:47:11.568 WARNING [Thread-1] org.apache.catalina.loader.WebappClassLoaderBase.clearReferencesJdbc La aplicación web [T03_BodegaLaEsquinita_P] registró el conductor JDBC [com.microsoft.sqlserver.jdbc.SQLServerDriver] pero falló al anular el registro mientras la aplicación web estaba parada. Para prevenir un fallo de memoria, se ha anulado el registro del conductor JDBC por la fuerza.
25-Oct-2024 20:47:11.582 INFO [Thread-1] org.apache.coyote.AbstractProtocol.stop Stopping ProtocolHandler ["http-nio-8080"]
25-Oct-2024 20:47:11.605 INFO [Thread-1] org.apache.coyote.AbstractProtocol.destroy Destroying ProtocolHandler ["http-nio-8080"]
25-Oct-2024 20:55:54.930 INFO [main] org.apache.catalina.startup.VersionLoggerListener.log Nombre de la versión del servidor: Apache Tomcat/9.0.93
25-Oct-2024 20:55:54.937 INFO [main] org.apache.catalina.startup.VersionLoggerListener.log Server built:                      Aug 2 2024 21:24:59 UTC
25-Oct-2024 20:55:54.938 INFO [main] org.apache.catalina.startup.VersionLoggerListener.log Número de versión de servidor:     9.0.93.0
25-Oct-2024 20:55:54.938 INFO [main] org.apache.catalina.startup.VersionLoggerListener.log OS Name:                           Windows 11
25-Oct-2024 20:55:54.938 INFO [main] org.apache.catalina.startup.VersionLoggerListener.log Versión de Systema Operativo:      10.0
25-Oct-2024 20:55:54.938 INFO [main] org.apache.catalina.startup.VersionLoggerListener.log Arquitectura:                      amd64
25-Oct-2024 20:55:54.938 INFO [main] org.apache.catalina.startup.VersionLoggerListener.log Java Home:                         C:\Program Files\Java\jdk-17
25-Oct-2024 20:55:54.938 INFO [main] org.apache.catalina.startup.VersionLoggerListener.log JVM Version:                       17.0.10+11-LTS-240
25-Oct-2024 20:55:54.939 INFO [main] org.apache.catalina.startup.VersionLoggerListener.log Vededor JVM:                       Oracle Corporation
25-Oct-2024 20:55:54.939 INFO [main] org.apache.catalina.startup.VersionLoggerListener.log CATALINA_BASE:                     C:\Proyecto-3s\T03_BodegaLaEsquinita_P
25-Oct-2024 20:55:54.939 INFO [main] org.apache.catalina.startup.VersionLoggerListener.log CATALINA_HOME:                     C:\ValleGrande\IntelliJ\apache-tomcat-9.0.93
25-Oct-2024 20:55:54.957 INFO [main] org.apache.catalina.startup.VersionLoggerListener.log Command line argument:             --add-opens=java.base/java.lang=ALL-UNNAMED
25-Oct-2024 20:55:54.957 INFO [main] org.apache.catalina.startup.VersionLoggerListener.log Command line argument:             --add-opens=java.base/java.io=ALL-UNNAMED
25-Oct-2024 20:55:54.958 INFO [main] org.apache.catalina.startup.VersionLoggerListener.log Command line argument:             --add-opens=java.base/java.util=ALL-UNNAMED
25-Oct-2024 20:55:54.958 INFO [main] org.apache.catalina.startup.VersionLoggerListener.log Command line argument:             --add-opens=java.base/java.util.concurrent=ALL-UNNAMED
25-Oct-2024 20:55:54.958 INFO [main] org.apache.catalina.startup.VersionLoggerListener.log Command line argument:             --add-opens=java.rmi/sun.rmi.transport=ALL-UNNAMED
25-Oct-2024 20:55:54.958 INFO [main] org.apache.catalina.startup.VersionLoggerListener.log Command line argument:             -Dcatalina.home=C:\..\ValleGrande\IntelliJ\apache-tomcat-9.0.93
25-Oct-2024 20:55:54.958 INFO [main] org.apache.catalina.startup.VersionLoggerListener.log Command line argument:             -Dcatalina.base=C:\Proyecto-3s\T03_BodegaLaEsquinita_P
25-Oct-2024 20:55:54.958 INFO [main] org.apache.catalina.startup.VersionLoggerListener.log Command line argument:             -Djava.io.tmpdir=C:\Proyecto-3s\T03_BodegaLaEsquinita_P\temp
25-Oct-2024 20:55:54.958 INFO [main] org.apache.catalina.startup.VersionLoggerListener.log Command line argument:             -Djava.util.logging.config.file=C:\Proyecto-3s\T03_BodegaLaEsquinita_P\conf\logging.properties
25-Oct-2024 20:55:54.958 INFO [main] org.apache.catalina.startup.VersionLoggerListener.log Command line argument:             -Djava.util.logging.manager=org.apache.juli.ClassLoaderLogManager
25-Oct-2024 20:55:54.958 INFO [main] org.apache.catalina.startup.VersionLoggerListener.log Command line argument:             -javaagent:C:\Program Files\JetBrains\IntelliJ IDEA 2024.2.1\lib\idea_rt.jar=51447:C:\Program Files\JetBrains\IntelliJ IDEA 2024.2.1\bin
25-Oct-2024 20:55:54.958 INFO [main] org.apache.catalina.startup.VersionLoggerListener.log Command line argument:             -Dfile.encoding=UTF-8
25-Oct-2024 20:55:54.970 INFO [main] org.apache.catalina.core.AprLifecycleListener.lifecycleEvent Cargada la biblioteca nativa APR de Apache Tomcat [1.3.1] con la versión APR [1.7.4].
25-Oct-2024 20:55:54.972 INFO [main] org.apache.catalina.core.AprLifecycleListener.lifecycleEvent Capacidades APR: IPv6 [true], enviar fichero [true], aceptar filtros [false], aleatorio [true], UDS [true].
25-Oct-2024 20:55:54.972 INFO [main] org.apache.catalina.core.AprLifecycleListener.lifecycleEvent APR/OpenSSL configuration: useAprConnector [false], useOpenSSL [true]
25-Oct-2024 20:55:55.005 INFO [main] org.apache.catalina.core.AprLifecycleListener.initializeSSL OpenSSL inicializado correctamente [OpenSSL 3.0.14 4 Jun 2024]
25-Oct-2024 20:55:55.559 INFO [main] org.apache.coyote.AbstractProtocol.init Inicializando el manejador de protocolo ["http-nio-8080"]

25-Oct-2024 20:55:55.597 INFO [main] org.apache.catalina.startup.Catalina.load Server initialization in [1206] milliseconds
25-Oct-2024 20:55:55.711 INFO [main] org.apache.catalina.core.StandardService.startInternal Arrancando servicio [Catalina]
25-Oct-2024 20:55:55.711 INFO [main] org.apache.catalina.core.StandardEngine.startInternal Starting Servlet engine: [Apache Tomcat/9.0.93]
25-Oct-2024 20:55:55.737 INFO [main] org.apache.catalina.startup.HostConfig.deployDescriptor Desplieque del descriptor de configuración [C:\Proyecto-3s\T03_BodegaLaEsquinita_P\conf\Catalina\localhost\T03_BodegaLaEsquinita_P.xml]
25-Oct-2024 20:55:57.738 INFO [main] org.apache.jasper.servlet.TldScanner.scanJars Al menos un JAR, que se ha explorado buscando TLDs, aún no contenía TLDs. Activar historial de depuración para este historiador para una completa lista de los JARs que fueron explorados y de los que nos se halló TLDs. Saltarse JARs no necesarios durante la exploración puede dar lugar a una mejora de tiempo significativa en el arranque y compilación de JSP .
25-Oct-2024 20:55:58.021 INFO [main] org.apache.catalina.startup.HostConfig.deployDescriptor Deployment of deployment descriptor [C:\Proyecto-3s\T03_BodegaLaEsquinita_P\conf\Catalina\localhost\T03_BodegaLaEsquinita_P.xml] has finished in [2.279] ms
25-Oct-2024 20:55:58.034 INFO [main] org.apache.coyote.AbstractProtocol.start Starting ProtocolHandler ["http-nio-8080"]
25-Oct-2024 20:55:58.122 INFO [main] org.apache.catalina.startup.Catalina.start Server startup in [2525] milliseconds
25-Oct-2024 20:58:12.929 INFO [Thread-1] org.apache.coyote.AbstractProtocol.pause Pausing ProtocolHandler ["http-nio-8080"]
25-Oct-2024 20:58:13.426 INFO [Thread-1] org.apache.catalina.core.StandardService.stopInternal Parando servicio [Catalina]
25-Oct-2024 20:58:13.659 WARNING [Thread-1] org.apache.catalina.loader.WebappClassLoaderBase.clearReferencesJdbc La aplicación web [T03_BodegaLaEsquinita_P] registró el conductor JDBC [com.microsoft.sqlserver.jdbc.SQLServerDriver] pero falló al anular el registro mientras la aplicación web estaba parada. Para prevenir un fallo de memoria, se ha anulado el registro del conductor JDBC por la fuerza.
25-Oct-2024 20:58:13.726 INFO [Thread-1] org.apache.coyote.AbstractProtocol.stop Stopping ProtocolHandler ["http-nio-8080"]
25-Oct-2024 20:58:13.759 INFO [Thread-1] org.apache.coyote.AbstractProtocol.destroy Destroying ProtocolHandler ["http-nio-8080"]
25-Oct-2024 20:58:25.498 INFO [main] org.apache.catalina.startup.VersionLoggerListener.log Nombre de la versión del servidor: Apache Tomcat/9.0.93
25-Oct-2024 20:58:25.510 INFO [main] org.apache.catalina.startup.VersionLoggerListener.log Server built:                      Aug 2 2024 21:24:59 UTC
25-Oct-2024 20:58:25.510 INFO [main] org.apache.catalina.startup.VersionLoggerListener.log Número de versión de servidor:     9.0.93.0
25-Oct-2024 20:58:25.510 INFO [main] org.apache.catalina.startup.VersionLoggerListener.log OS Name:                           Windows 11
25-Oct-2024 20:58:25.510 INFO [main] org.apache.catalina.startup.VersionLoggerListener.log Versión de Systema Operativo:      10.0
25-Oct-2024 20:58:25.510 INFO [main] org.apache.catalina.startup.VersionLoggerListener.log Arquitectura:                      amd64
25-Oct-2024 20:58:25.510 INFO [main] org.apache.catalina.startup.VersionLoggerListener.log Java Home:                         C:\Program Files\Java\jdk-17
25-Oct-2024 20:58:25.510 INFO [main] org.apache.catalina.startup.VersionLoggerListener.log JVM Version:                       17.0.10+11-LTS-240
25-Oct-2024 20:58:25.510 INFO [main] org.apache.catalina.startup.VersionLoggerListener.log Vededor JVM:                       Oracle Corporation
25-Oct-2024 20:58:25.510 INFO [main] org.apache.catalina.startup.VersionLoggerListener.log CATALINA_BASE:                     C:\Proyecto-3s\T03_BodegaLaEsquinita_P
25-Oct-2024 20:58:25.510 INFO [main] org.apache.catalina.startup.VersionLoggerListener.log CATALINA_HOME:                     C:\ValleGrande\IntelliJ\apache-tomcat-9.0.93
25-Oct-2024 20:58:25.531 INFO [main] org.apache.catalina.startup.VersionLoggerListener.log Command line argument:             --add-opens=java.base/java.lang=ALL-UNNAMED
25-Oct-2024 20:58:25.531 INFO [main] org.apache.catalina.startup.VersionLoggerListener.log Command line argument:             --add-opens=java.base/java.io=ALL-UNNAMED
25-Oct-2024 20:58:25.531 INFO [main] org.apache.catalina.startup.VersionLoggerListener.log Command line argument:             --add-opens=java.base/java.util=ALL-UNNAMED
25-Oct-2024 20:58:25.535 INFO [main] org.apache.catalina.startup.VersionLoggerListener.log Command line argument:             --add-opens=java.base/java.util.concurrent=ALL-UNNAMED
25-Oct-2024 20:58:25.536 INFO [main] org.apache.catalina.startup.VersionLoggerListener.log Command line argument:             --add-opens=java.rmi/sun.rmi.transport=ALL-UNNAMED
25-Oct-2024 20:58:25.536 INFO [main] org.apache.catalina.startup.VersionLoggerListener.log Command line argument:             -Dcatalina.home=C:\..\ValleGrande\IntelliJ\apache-tomcat-9.0.93
25-Oct-2024 20:58:25.536 INFO [main] org.apache.catalina.startup.VersionLoggerListener.log Command line argument:             -Dcatalina.base=C:\Proyecto-3s\T03_BodegaLaEsquinita_P
25-Oct-2024 20:58:25.536 INFO [main] org.apache.catalina.startup.VersionLoggerListener.log Command line argument:             -Djava.io.tmpdir=C:\Proyecto-3s\T03_BodegaLaEsquinita_P\temp
25-Oct-2024 20:58:25.536 INFO [main] org.apache.catalina.startup.VersionLoggerListener.log Command line argument:             -Djava.util.logging.config.file=C:\Proyecto-3s\T03_BodegaLaEsquinita_P\conf\logging.properties
25-Oct-2024 20:58:25.536 INFO [main] org.apache.catalina.startup.VersionLoggerListener.log Command line argument:             -Djava.util.logging.manager=org.apache.juli.ClassLoaderLogManager
25-Oct-2024 20:58:25.536 INFO [main] org.apache.catalina.startup.VersionLoggerListener.log Command line argument:             -javaagent:C:\Program Files\JetBrains\IntelliJ IDEA 2024.2.1\lib\idea_rt.jar=51560:C:\Program Files\JetBrains\IntelliJ IDEA 2024.2.1\bin
25-Oct-2024 20:58:25.536 INFO [main] org.apache.catalina.startup.VersionLoggerListener.log Command line argument:             -Dfile.encoding=UTF-8
25-Oct-2024 20:58:25.550 INFO [main] org.apache.catalina.core.AprLifecycleListener.lifecycleEvent Cargada la biblioteca nativa APR de Apache Tomcat [1.3.1] con la versión APR [1.7.4].
25-Oct-2024 20:58:25.550 INFO [main] org.apache.catalina.core.AprLifecycleListener.lifecycleEvent Capacidades APR: IPv6 [true], enviar fichero [true], aceptar filtros [false], aleatorio [true], UDS [true].
25-Oct-2024 20:58:25.550 INFO [main] org.apache.catalina.core.AprLifecycleListener.lifecycleEvent APR/OpenSSL configuration: useAprConnector [false], useOpenSSL [true]
25-Oct-2024 20:58:25.588 INFO [main] org.apache.catalina.core.AprLifecycleListener.initializeSSL OpenSSL inicializado correctamente [OpenSSL 3.0.14 4 Jun 2024]
25-Oct-2024 20:58:26.270 INFO [main] org.apache.coyote.AbstractProtocol.init Inicializando el manejador de protocolo ["http-nio-8080"]

25-Oct-2024 20:58:26.317 INFO [main] org.apache.catalina.startup.Catalina.load Server initialization in [1402] milliseconds
25-Oct-2024 20:58:26.444 INFO [main] org.apache.catalina.core.StandardService.startInternal Arrancando servicio [Catalina]
25-Oct-2024 20:58:26.447 INFO [main] org.apache.catalina.core.StandardEngine.startInternal Starting Servlet engine: [Apache Tomcat/9.0.93]
25-Oct-2024 20:58:26.479 INFO [main] org.apache.catalina.startup.HostConfig.deployDescriptor Desplieque del descriptor de configuración [C:\Proyecto-3s\T03_BodegaLaEsquinita_P\conf\Catalina\localhost\T03_BodegaLaEsquinita_P.xml]
25-Oct-2024 20:58:28.436 INFO [main] org.apache.jasper.servlet.TldScanner.scanJars Al menos un JAR, que se ha explorado buscando TLDs, aún no contenía TLDs. Activar historial de depuración para este historiador para una completa lista de los JARs que fueron explorados y de los que nos se halló TLDs. Saltarse JARs no necesarios durante la exploración puede dar lugar a una mejora de tiempo significativa en el arranque y compilación de JSP .
25-Oct-2024 20:58:28.767 INFO [main] org.apache.catalina.startup.HostConfig.deployDescriptor Deployment of deployment descriptor [C:\Proyecto-3s\T03_BodegaLaEsquinita_P\conf\Catalina\localhost\T03_BodegaLaEsquinita_P.xml] has finished in [2.286] ms
25-Oct-2024 20:58:28.781 INFO [main] org.apache.coyote.AbstractProtocol.start Starting ProtocolHandler ["http-nio-8080"]
25-Oct-2024 20:58:28.895 INFO [main] org.apache.catalina.startup.Catalina.start Server startup in [2580] milliseconds
25-Oct-2024 21:01:09.231 INFO [Thread-1] org.apache.coyote.AbstractProtocol.pause Pausing ProtocolHandler ["http-nio-8080"]
25-Oct-2024 21:01:09.854 INFO [Thread-1] org.apache.catalina.core.StandardService.stopInternal Parando servicio [Catalina]
25-Oct-2024 21:01:10.041 WARNING [Thread-1] org.apache.catalina.loader.WebappClassLoaderBase.clearReferencesJdbc La aplicación web [T03_BodegaLaEsquinita_P] registró el conductor JDBC [com.microsoft.sqlserver.jdbc.SQLServerDriver] pero falló al anular el registro mientras la aplicación web estaba parada. Para prevenir un fallo de memoria, se ha anulado el registro del conductor JDBC por la fuerza.
25-Oct-2024 21:01:10.093 INFO [Thread-1] org.apache.coyote.AbstractProtocol.stop Stopping ProtocolHandler ["http-nio-8080"]
25-Oct-2024 21:01:10.109 INFO [Thread-1] org.apache.coyote.AbstractProtocol.destroy Destroying ProtocolHandler ["http-nio-8080"]
25-Oct-2024 21:01:16.339 INFO [main] org.apache.catalina.startup.VersionLoggerListener.log Nombre de la versión del servidor: Apache Tomcat/9.0.93
25-Oct-2024 21:01:16.350 INFO [main] org.apache.catalina.startup.VersionLoggerListener.log Server built:                      Aug 2 2024 21:24:59 UTC
25-Oct-2024 21:01:16.352 INFO [main] org.apache.catalina.startup.VersionLoggerListener.log Número de versión de servidor:     9.0.93.0
25-Oct-2024 21:01:16.352 INFO [main] org.apache.catalina.startup.VersionLoggerListener.log OS Name:                           Windows 11
25-Oct-2024 21:01:16.352 INFO [main] org.apache.catalina.startup.VersionLoggerListener.log Versión de Systema Operativo:      10.0
25-Oct-2024 21:01:16.352 INFO [main] org.apache.catalina.startup.VersionLoggerListener.log Arquitectura:                      amd64
25-Oct-2024 21:01:16.352 INFO [main] org.apache.catalina.startup.VersionLoggerListener.log Java Home:                         C:\Program Files\Java\jdk-17
25-Oct-2024 21:01:16.354 INFO [main] org.apache.catalina.startup.VersionLoggerListener.log JVM Version:                       17.0.10+11-LTS-240
25-Oct-2024 21:01:16.354 INFO [main] org.apache.catalina.startup.VersionLoggerListener.log Vededor JVM:                       Oracle Corporation
25-Oct-2024 21:01:16.354 INFO [main] org.apache.catalina.startup.VersionLoggerListener.log CATALINA_BASE:                     C:\Proyecto-3s\T03_BodegaLaEsquinita_P
25-Oct-2024 21:01:16.355 INFO [main] org.apache.catalina.startup.VersionLoggerListener.log CATALINA_HOME:                     C:\ValleGrande\IntelliJ\apache-tomcat-9.0.93
25-Oct-2024 21:01:16.369 INFO [main] org.apache.catalina.startup.VersionLoggerListener.log Command line argument:             --add-opens=java.base/java.lang=ALL-UNNAMED
25-Oct-2024 21:01:16.370 INFO [main] org.apache.catalina.startup.VersionLoggerListener.log Command line argument:             --add-opens=java.base/java.io=ALL-UNNAMED
25-Oct-2024 21:01:16.370 INFO [main] org.apache.catalina.startup.VersionLoggerListener.log Command line argument:             --add-opens=java.base/java.util=ALL-UNNAMED
25-Oct-2024 21:01:16.370 INFO [main] org.apache.catalina.startup.VersionLoggerListener.log Command line argument:             --add-opens=java.base/java.util.concurrent=ALL-UNNAMED
25-Oct-2024 21:01:16.370 INFO [main] org.apache.catalina.startup.VersionLoggerListener.log Command line argument:             --add-opens=java.rmi/sun.rmi.transport=ALL-UNNAMED
25-Oct-2024 21:01:16.370 INFO [main] org.apache.catalina.startup.VersionLoggerListener.log Command line argument:             -Dcatalina.home=C:\..\ValleGrande\IntelliJ\apache-tomcat-9.0.93
25-Oct-2024 21:01:16.371 INFO [main] org.apache.catalina.startup.VersionLoggerListener.log Command line argument:             -Dcatalina.base=C:\Proyecto-3s\T03_BodegaLaEsquinita_P
25-Oct-2024 21:01:16.371 INFO [main] org.apache.catalina.startup.VersionLoggerListener.log Command line argument:             -Djava.io.tmpdir=C:\Proyecto-3s\T03_BodegaLaEsquinita_P\temp
25-Oct-2024 21:01:16.371 INFO [main] org.apache.catalina.startup.VersionLoggerListener.log Command line argument:             -Djava.util.logging.config.file=C:\Proyecto-3s\T03_BodegaLaEsquinita_P\conf\logging.properties
25-Oct-2024 21:01:16.371 INFO [main] org.apache.catalina.startup.VersionLoggerListener.log Command line argument:             -Djava.util.logging.manager=org.apache.juli.ClassLoaderLogManager
25-Oct-2024 21:01:16.371 INFO [main] org.apache.catalina.startup.VersionLoggerListener.log Command line argument:             -javaagent:C:\Program Files\JetBrains\IntelliJ IDEA 2024.2.1\lib\idea_rt.jar=51646:C:\Program Files\JetBrains\IntelliJ IDEA 2024.2.1\bin
25-Oct-2024 21:01:16.371 INFO [main] org.apache.catalina.startup.VersionLoggerListener.log Command line argument:             -Dfile.encoding=UTF-8
25-Oct-2024 21:01:16.404 INFO [main] org.apache.catalina.core.AprLifecycleListener.lifecycleEvent Cargada la biblioteca nativa APR de Apache Tomcat [1.3.1] con la versión APR [1.7.4].
25-Oct-2024 21:01:16.406 INFO [main] org.apache.catalina.core.AprLifecycleListener.lifecycleEvent Capacidades APR: IPv6 [true], enviar fichero [true], aceptar filtros [false], aleatorio [true], UDS [true].
25-Oct-2024 21:01:16.406 INFO [main] org.apache.catalina.core.AprLifecycleListener.lifecycleEvent APR/OpenSSL configuration: useAprConnector [false], useOpenSSL [true]
25-Oct-2024 21:01:16.435 INFO [main] org.apache.catalina.core.AprLifecycleListener.initializeSSL OpenSSL inicializado correctamente [OpenSSL 3.0.14 4 Jun 2024]
25-Oct-2024 21:01:16.925 INFO [main] org.apache.coyote.AbstractProtocol.init Inicializando el manejador de protocolo ["http-nio-8080"]

25-Oct-2024 21:01:16.962 INFO [main] org.apache.catalina.startup.Catalina.load Server initialization in [1090] milliseconds
25-Oct-2024 21:01:17.059 INFO [main] org.apache.catalina.core.StandardService.startInternal Arrancando servicio [Catalina]
25-Oct-2024 21:01:17.060 INFO [main] org.apache.catalina.core.StandardEngine.startInternal Starting Servlet engine: [Apache Tomcat/9.0.93]
25-Oct-2024 21:01:17.081 INFO [main] org.apache.catalina.startup.HostConfig.deployDescriptor Desplieque del descriptor de configuración [C:\Proyecto-3s\T03_BodegaLaEsquinita_P\conf\Catalina\localhost\T03_BodegaLaEsquinita_P.xml]
25-Oct-2024 21:01:18.402 INFO [main] org.apache.jasper.servlet.TldScanner.scanJars Al menos un JAR, que se ha explorado buscando TLDs, aún no contenía TLDs. Activar historial de depuración para este historiador para una completa lista de los JARs que fueron explorados y de los que nos se halló TLDs. Saltarse JARs no necesarios durante la exploración puede dar lugar a una mejora de tiempo significativa en el arranque y compilación de JSP .
25-Oct-2024 21:01:18.585 INFO [main] org.apache.catalina.startup.HostConfig.deployDescriptor Deployment of deployment descriptor [C:\Proyecto-3s\T03_BodegaLaEsquinita_P\conf\Catalina\localhost\T03_BodegaLaEsquinita_P.xml] has finished in [1.500] ms
25-Oct-2024 21:01:18.592 INFO [main] org.apache.coyote.AbstractProtocol.start Starting ProtocolHandler ["http-nio-8080"]
25-Oct-2024 21:01:18.658 INFO [main] org.apache.catalina.startup.Catalina.start Server startup in [1695] milliseconds
25-Oct-2024 21:01:49.907 INFO [Thread-1] org.apache.coyote.AbstractProtocol.pause Pausing ProtocolHandler ["http-nio-8080"]
25-Oct-2024 21:01:50.215 INFO [Thread-1] org.apache.catalina.core.StandardService.stopInternal Parando servicio [Catalina]
25-Oct-2024 21:01:50.228 WARNING [Thread-1] org.apache.catalina.loader.WebappClassLoaderBase.clearReferencesJdbc La aplicación web [T03_BodegaLaEsquinita_P] registró el conductor JDBC [com.microsoft.sqlserver.jdbc.SQLServerDriver] pero falló al anular el registro mientras la aplicación web estaba parada. Para prevenir un fallo de memoria, se ha anulado el registro del conductor JDBC por la fuerza.
25-Oct-2024 21:01:50.236 INFO [Thread-1] org.apache.coyote.AbstractProtocol.stop Stopping ProtocolHandler ["http-nio-8080"]
25-Oct-2024 21:01:50.249 INFO [Thread-1] org.apache.coyote.AbstractProtocol.destroy Destroying ProtocolHandler ["http-nio-8080"]
25-Oct-2024 21:01:54.573 INFO [main] org.apache.catalina.startup.VersionLoggerListener.log Nombre de la versión del servidor: Apache Tomcat/9.0.93
25-Oct-2024 21:01:54.581 INFO [main] org.apache.catalina.startup.VersionLoggerListener.log Server built:                      Aug 2 2024 21:24:59 UTC
25-Oct-2024 21:01:54.581 INFO [main] org.apache.catalina.startup.VersionLoggerListener.log Número de versión de servidor:     9.0.93.0
25-Oct-2024 21:01:54.582 INFO [main] org.apache.catalina.startup.VersionLoggerListener.log OS Name:                           Windows 11
25-Oct-2024 21:01:54.582 INFO [main] org.apache.catalina.startup.VersionLoggerListener.log Versión de Systema Operativo:      10.0
25-Oct-2024 21:01:54.582 INFO [main] org.apache.catalina.startup.VersionLoggerListener.log Arquitectura:                      amd64
25-Oct-2024 21:01:54.582 INFO [main] org.apache.catalina.startup.VersionLoggerListener.log Java Home:                         C:\Program Files\Java\jdk-17
25-Oct-2024 21:01:54.583 INFO [main] org.apache.catalina.startup.VersionLoggerListener.log JVM Version:                       17.0.10+11-LTS-240
25-Oct-2024 21:01:54.583 INFO [main] org.apache.catalina.startup.VersionLoggerListener.log Vededor JVM:                       Oracle Corporation
25-Oct-2024 21:01:54.583 INFO [main] org.apache.catalina.startup.VersionLoggerListener.log CATALINA_BASE:                     C:\Proyecto-3s\T03_BodegaLaEsquinita_P
25-Oct-2024 21:01:54.583 INFO [main] org.apache.catalina.startup.VersionLoggerListener.log CATALINA_HOME:                     C:\ValleGrande\IntelliJ\apache-tomcat-9.0.93
25-Oct-2024 21:01:54.601 INFO [main] org.apache.catalina.startup.VersionLoggerListener.log Command line argument:             --add-opens=java.base/java.lang=ALL-UNNAMED
25-Oct-2024 21:01:54.601 INFO [main] org.apache.catalina.startup.VersionLoggerListener.log Command line argument:             --add-opens=java.base/java.io=ALL-UNNAMED
25-Oct-2024 21:01:54.601 INFO [main] org.apache.catalina.startup.VersionLoggerListener.log Command line argument:             --add-opens=java.base/java.util=ALL-UNNAMED
25-Oct-2024 21:01:54.602 INFO [main] org.apache.catalina.startup.VersionLoggerListener.log Command line argument:             --add-opens=java.base/java.util.concurrent=ALL-UNNAMED
25-Oct-2024 21:01:54.602 INFO [main] org.apache.catalina.startup.VersionLoggerListener.log Command line argument:             --add-opens=java.rmi/sun.rmi.transport=ALL-UNNAMED
25-Oct-2024 21:01:54.602 INFO [main] org.apache.catalina.startup.VersionLoggerListener.log Command line argument:             -Dcatalina.home=C:\..\ValleGrande\IntelliJ\apache-tomcat-9.0.93
25-Oct-2024 21:01:54.602 INFO [main] org.apache.catalina.startup.VersionLoggerListener.log Command line argument:             -Dcatalina.base=C:\Proyecto-3s\T03_BodegaLaEsquinita_P
25-Oct-2024 21:01:54.602 INFO [main] org.apache.catalina.startup.VersionLoggerListener.log Command line argument:             -Djava.io.tmpdir=C:\Proyecto-3s\T03_BodegaLaEsquinita_P\temp
25-Oct-2024 21:01:54.603 INFO [main] org.apache.catalina.startup.VersionLoggerListener.log Command line argument:             -Djava.util.logging.config.file=C:\Proyecto-3s\T03_BodegaLaEsquinita_P\conf\logging.properties
25-Oct-2024 21:01:54.603 INFO [main] org.apache.catalina.startup.VersionLoggerListener.log Command line argument:             -Djava.util.logging.manager=org.apache.juli.ClassLoaderLogManager
25-Oct-2024 21:01:54.603 INFO [main] org.apache.catalina.startup.VersionLoggerListener.log Command line argument:             -javaagent:C:\Program Files\JetBrains\IntelliJ IDEA 2024.2.1\lib\idea_rt.jar=51679:C:\Program Files\JetBrains\IntelliJ IDEA 2024.2.1\bin
25-Oct-2024 21:01:54.603 INFO [main] org.apache.catalina.startup.VersionLoggerListener.log Command line argument:             -Dfile.encoding=UTF-8
25-Oct-2024 21:01:54.611 INFO [main] org.apache.catalina.core.AprLifecycleListener.lifecycleEvent Cargada la biblioteca nativa APR de Apache Tomcat [1.3.1] con la versión APR [1.7.4].
25-Oct-2024 21:01:54.612 INFO [main] org.apache.catalina.core.AprLifecycleListener.lifecycleEvent Capacidades APR: IPv6 [true], enviar fichero [true], aceptar filtros [false], aleatorio [true], UDS [true].
25-Oct-2024 21:01:54.612 INFO [main] org.apache.catalina.core.AprLifecycleListener.lifecycleEvent APR/OpenSSL configuration: useAprConnector [false], useOpenSSL [true]
25-Oct-2024 21:01:54.624 INFO [main] org.apache.catalina.core.AprLifecycleListener.initializeSSL OpenSSL inicializado correctamente [OpenSSL 3.0.14 4 Jun 2024]
25-Oct-2024 21:01:55.159 INFO [main] org.apache.coyote.AbstractProtocol.init Inicializando el manejador de protocolo ["http-nio-8080"]

25-Oct-2024 21:01:55.209 INFO [main] org.apache.catalina.startup.Catalina.load Server initialization in [1055] milliseconds
25-Oct-2024 21:01:55.316 INFO [main] org.apache.catalina.core.StandardService.startInternal Arrancando servicio [Catalina]
25-Oct-2024 21:01:55.317 INFO [main] org.apache.catalina.core.StandardEngine.startInternal Starting Servlet engine: [Apache Tomcat/9.0.93]
25-Oct-2024 21:01:55.339 INFO [main] org.apache.catalina.startup.HostConfig.deployDescriptor Desplieque del descriptor de configuración [C:\Proyecto-3s\T03_BodegaLaEsquinita_P\conf\Catalina\localhost\T03_BodegaLaEsquinita_P.xml]
25-Oct-2024 21:01:56.586 INFO [main] org.apache.jasper.servlet.TldScanner.scanJars Al menos un JAR, que se ha explorado buscando TLDs, aún no contenía TLDs. Activar historial de depuración para este historiador para una completa lista de los JARs que fueron explorados y de los que nos se halló TLDs. Saltarse JARs no necesarios durante la exploración puede dar lugar a una mejora de tiempo significativa en el arranque y compilación de JSP .
25-Oct-2024 21:01:56.814 INFO [main] org.apache.catalina.startup.HostConfig.deployDescriptor Deployment of deployment descriptor [C:\Proyecto-3s\T03_BodegaLaEsquinita_P\conf\Catalina\localhost\T03_BodegaLaEsquinita_P.xml] has finished in [1.476] ms
25-Oct-2024 21:01:56.826 INFO [main] org.apache.coyote.AbstractProtocol.start Starting ProtocolHandler ["http-nio-8080"]
25-Oct-2024 21:01:56.890 INFO [main] org.apache.catalina.startup.Catalina.start Server startup in [1683] milliseconds
25-Oct-2024 21:07:21.821 INFO [Thread-1] org.apache.coyote.AbstractProtocol.pause Pausing ProtocolHandler ["http-nio-8080"]
25-Oct-2024 21:07:22.248 INFO [Thread-1] org.apache.catalina.core.StandardService.stopInternal Parando servicio [Catalina]
25-Oct-2024 21:07:22.397 WARNING [Thread-1] org.apache.catalina.loader.WebappClassLoaderBase.clearReferencesJdbc La aplicación web [T03_BodegaLaEsquinita_P] registró el conductor JDBC [com.microsoft.sqlserver.jdbc.SQLServerDriver] pero falló al anular el registro mientras la aplicación web estaba parada. Para prevenir un fallo de memoria, se ha anulado el registro del conductor JDBC por la fuerza.
25-Oct-2024 21:07:22.469 INFO [Thread-1] org.apache.coyote.AbstractProtocol.stop Stopping ProtocolHandler ["http-nio-8080"]
25-Oct-2024 21:07:22.500 INFO [Thread-1] org.apache.coyote.AbstractProtocol.destroy Destroying ProtocolHandler ["http-nio-8080"]
25-Oct-2024 21:07:29.096 INFO [main] org.apache.catalina.startup.VersionLoggerListener.log Nombre de la versión del servidor: Apache Tomcat/9.0.93
25-Oct-2024 21:07:29.103 INFO [main] org.apache.catalina.startup.VersionLoggerListener.log Server built:                      Aug 2 2024 21:24:59 UTC
25-Oct-2024 21:07:29.104 INFO [main] org.apache.catalina.startup.VersionLoggerListener.log Número de versión de servidor:     9.0.93.0
25-Oct-2024 21:07:29.104 INFO [main] org.apache.catalina.startup.VersionLoggerListener.log OS Name:                           Windows 11
25-Oct-2024 21:07:29.104 INFO [main] org.apache.catalina.startup.VersionLoggerListener.log Versión de Systema Operativo:      10.0
25-Oct-2024 21:07:29.104 INFO [main] org.apache.catalina.startup.VersionLoggerListener.log Arquitectura:                      amd64
25-Oct-2024 21:07:29.104 INFO [main] org.apache.catalina.startup.VersionLoggerListener.log Java Home:                         C:\Program Files\Java\jdk-17
25-Oct-2024 21:07:29.104 INFO [main] org.apache.catalina.startup.VersionLoggerListener.log JVM Version:                       17.0.10+11-LTS-240
25-Oct-2024 21:07:29.105 INFO [main] org.apache.catalina.startup.VersionLoggerListener.log Vededor JVM:                       Oracle Corporation
25-Oct-2024 21:07:29.105 INFO [main] org.apache.catalina.startup.VersionLoggerListener.log CATALINA_BASE:                     C:\Proyecto-3s\T03_BodegaLaEsquinita_P
25-Oct-2024 21:07:29.105 INFO [main] org.apache.catalina.startup.VersionLoggerListener.log CATALINA_HOME:                     C:\ValleGrande\IntelliJ\apache-tomcat-9.0.93
25-Oct-2024 21:07:29.125 INFO [main] org.apache.catalina.startup.VersionLoggerListener.log Command line argument:             --add-opens=java.base/java.lang=ALL-UNNAMED
25-Oct-2024 21:07:29.126 INFO [main] org.apache.catalina.startup.VersionLoggerListener.log Command line argument:             --add-opens=java.base/java.io=ALL-UNNAMED
25-Oct-2024 21:07:29.126 INFO [main] org.apache.catalina.startup.VersionLoggerListener.log Command line argument:             --add-opens=java.base/java.util=ALL-UNNAMED
25-Oct-2024 21:07:29.126 INFO [main] org.apache.catalina.startup.VersionLoggerListener.log Command line argument:             --add-opens=java.base/java.util.concurrent=ALL-UNNAMED
25-Oct-2024 21:07:29.127 INFO [main] org.apache.catalina.startup.VersionLoggerListener.log Command line argument:             --add-opens=java.rmi/sun.rmi.transport=ALL-UNNAMED
25-Oct-2024 21:07:29.127 INFO [main] org.apache.catalina.startup.VersionLoggerListener.log Command line argument:             -Dcatalina.home=C:\..\ValleGrande\IntelliJ\apache-tomcat-9.0.93
25-Oct-2024 21:07:29.127 INFO [main] org.apache.catalina.startup.VersionLoggerListener.log Command line argument:             -Dcatalina.base=C:\Proyecto-3s\T03_BodegaLaEsquinita_P
25-Oct-2024 21:07:29.127 INFO [main] org.apache.catalina.startup.VersionLoggerListener.log Command line argument:             -Djava.io.tmpdir=C:\Proyecto-3s\T03_BodegaLaEsquinita_P\temp
25-Oct-2024 21:07:29.127 INFO [main] org.apache.catalina.startup.VersionLoggerListener.log Command line argument:             -Djava.util.logging.config.file=C:\Proyecto-3s\T03_BodegaLaEsquinita_P\conf\logging.properties
25-Oct-2024 21:07:29.127 INFO [main] org.apache.catalina.startup.VersionLoggerListener.log Command line argument:             -Djava.util.logging.manager=org.apache.juli.ClassLoaderLogManager
25-Oct-2024 21:07:29.128 INFO [main] org.apache.catalina.startup.VersionLoggerListener.log Command line argument:             -javaagent:C:\Program Files\JetBrains\IntelliJ IDEA 2024.2.1\lib\idea_rt.jar=51794:C:\Program Files\JetBrains\IntelliJ IDEA 2024.2.1\bin
25-Oct-2024 21:07:29.128 INFO [main] org.apache.catalina.startup.VersionLoggerListener.log Command line argument:             -Dfile.encoding=UTF-8
25-Oct-2024 21:07:29.138 INFO [main] org.apache.catalina.core.AprLifecycleListener.lifecycleEvent Cargada la biblioteca nativa APR de Apache Tomcat [1.3.1] con la versión APR [1.7.4].
25-Oct-2024 21:07:29.138 INFO [main] org.apache.catalina.core.AprLifecycleListener.lifecycleEvent Capacidades APR: IPv6 [true], enviar fichero [true], aceptar filtros [false], aleatorio [true], UDS [true].
25-Oct-2024 21:07:29.139 INFO [main] org.apache.catalina.core.AprLifecycleListener.lifecycleEvent APR/OpenSSL configuration: useAprConnector [false], useOpenSSL [true]
25-Oct-2024 21:07:29.173 INFO [main] org.apache.catalina.core.AprLifecycleListener.initializeSSL OpenSSL inicializado correctamente [OpenSSL 3.0.14 4 Jun 2024]
25-Oct-2024 21:07:29.783 INFO [main] org.apache.coyote.AbstractProtocol.init Inicializando el manejador de protocolo ["http-nio-8080"]

25-Oct-2024 21:07:29.841 INFO [main] org.apache.catalina.startup.Catalina.load Server initialization in [1240] milliseconds
25-Oct-2024 21:07:30.011 INFO [main] org.apache.catalina.core.StandardService.startInternal Arrancando servicio [Catalina]
25-Oct-2024 21:07:30.012 INFO [main] org.apache.catalina.core.StandardEngine.startInternal Starting Servlet engine: [Apache Tomcat/9.0.93]
25-Oct-2024 21:07:30.033 INFO [main] org.apache.catalina.startup.HostConfig.deployDescriptor Desplieque del descriptor de configuración [C:\Proyecto-3s\T03_BodegaLaEsquinita_P\conf\Catalina\localhost\T03_BodegaLaEsquinita_P.xml]
25-Oct-2024 21:07:31.611 INFO [main] org.apache.jasper.servlet.TldScanner.scanJars Al menos un JAR, que se ha explorado buscando TLDs, aún no contenía TLDs. Activar historial de depuración para este historiador para una completa lista de los JARs que fueron explorados y de los que nos se halló TLDs. Saltarse JARs no necesarios durante la exploración puede dar lugar a una mejora de tiempo significativa en el arranque y compilación de JSP .
25-Oct-2024 21:07:31.833 INFO [main] org.apache.catalina.startup.HostConfig.deployDescriptor Deployment of deployment descriptor [C:\Proyecto-3s\T03_BodegaLaEsquinita_P\conf\Catalina\localhost\T03_BodegaLaEsquinita_P.xml] has finished in [1.792] ms
25-Oct-2024 21:07:31.843 INFO [main] org.apache.coyote.AbstractProtocol.start Starting ProtocolHandler ["http-nio-8080"]
25-Oct-2024 21:07:31.934 INFO [main] org.apache.catalina.startup.Catalina.start Server startup in [2091] milliseconds
25-Oct-2024 21:09:19.241 INFO [Thread-1] org.apache.coyote.AbstractProtocol.pause Pausing ProtocolHandler ["http-nio-8080"]
25-Oct-2024 21:09:19.614 INFO [Thread-1] org.apache.catalina.core.StandardService.stopInternal Parando servicio [Catalina]
25-Oct-2024 21:09:19.683 WARNING [Thread-1] org.apache.catalina.loader.WebappClassLoaderBase.clearReferencesJdbc La aplicación web [T03_BodegaLaEsquinita_P] registró el conductor JDBC [com.microsoft.sqlserver.jdbc.SQLServerDriver] pero falló al anular el registro mientras la aplicación web estaba parada. Para prevenir un fallo de memoria, se ha anulado el registro del conductor JDBC por la fuerza.
25-Oct-2024 21:09:19.706 INFO [Thread-1] org.apache.coyote.AbstractProtocol.stop Stopping ProtocolHandler ["http-nio-8080"]
25-Oct-2024 21:09:19.717 INFO [Thread-1] org.apache.coyote.AbstractProtocol.destroy Destroying ProtocolHandler ["http-nio-8080"]
25-Oct-2024 21:09:24.116 INFO [main] org.apache.catalina.startup.VersionLoggerListener.log Nombre de la versión del servidor: Apache Tomcat/9.0.93
25-Oct-2024 21:09:24.126 INFO [main] org.apache.catalina.startup.VersionLoggerListener.log Server built:                      Aug 2 2024 21:24:59 UTC
25-Oct-2024 21:09:24.127 INFO [main] org.apache.catalina.startup.VersionLoggerListener.log Número de versión de servidor:     9.0.93.0
25-Oct-2024 21:09:24.127 INFO [main] org.apache.catalina.startup.VersionLoggerListener.log OS Name:                           Windows 11
25-Oct-2024 21:09:24.128 INFO [main] org.apache.catalina.startup.VersionLoggerListener.log Versión de Systema Operativo:      10.0
25-Oct-2024 21:09:24.128 INFO [main] org.apache.catalina.startup.VersionLoggerListener.log Arquitectura:                      amd64
25-Oct-2024 21:09:24.128 INFO [main] org.apache.catalina.startup.VersionLoggerListener.log Java Home:                         C:\Program Files\Java\jdk-17
25-Oct-2024 21:09:24.128 INFO [main] org.apache.catalina.startup.VersionLoggerListener.log JVM Version:                       17.0.10+11-LTS-240
25-Oct-2024 21:09:24.129 INFO [main] org.apache.catalina.startup.VersionLoggerListener.log Vededor JVM:                       Oracle Corporation
25-Oct-2024 21:09:24.129 INFO [main] org.apache.catalina.startup.VersionLoggerListener.log CATALINA_BASE:                     C:\Proyecto-3s\T03_BodegaLaEsquinita_P
25-Oct-2024 21:09:24.129 INFO [main] org.apache.catalina.startup.VersionLoggerListener.log CATALINA_HOME:                     C:\ValleGrande\IntelliJ\apache-tomcat-9.0.93
25-Oct-2024 21:09:24.149 INFO [main] org.apache.catalina.startup.VersionLoggerListener.log Command line argument:             --add-opens=java.base/java.lang=ALL-UNNAMED
25-Oct-2024 21:09:24.149 INFO [main] org.apache.catalina.startup.VersionLoggerListener.log Command line argument:             --add-opens=java.base/java.io=ALL-UNNAMED
25-Oct-2024 21:09:24.149 INFO [main] org.apache.catalina.startup.VersionLoggerListener.log Command line argument:             --add-opens=java.base/java.util=ALL-UNNAMED
25-Oct-2024 21:09:24.150 INFO [main] org.apache.catalina.startup.VersionLoggerListener.log Command line argument:             --add-opens=java.base/java.util.concurrent=ALL-UNNAMED
25-Oct-2024 21:09:24.150 INFO [main] org.apache.catalina.startup.VersionLoggerListener.log Command line argument:             --add-opens=java.rmi/sun.rmi.transport=ALL-UNNAMED
25-Oct-2024 21:09:24.150 INFO [main] org.apache.catalina.startup.VersionLoggerListener.log Command line argument:             -Dcatalina.home=C:\..\ValleGrande\IntelliJ\apache-tomcat-9.0.93
25-Oct-2024 21:09:24.150 INFO [main] org.apache.catalina.startup.VersionLoggerListener.log Command line argument:             -Dcatalina.base=C:\Proyecto-3s\T03_BodegaLaEsquinita_P
25-Oct-2024 21:09:24.151 INFO [main] org.apache.catalina.startup.VersionLoggerListener.log Command line argument:             -Djava.io.tmpdir=C:\Proyecto-3s\T03_BodegaLaEsquinita_P\temp
25-Oct-2024 21:09:24.151 INFO [main] org.apache.catalina.startup.VersionLoggerListener.log Command line argument:             -Djava.util.logging.config.file=C:\Proyecto-3s\T03_BodegaLaEsquinita_P\conf\logging.properties
25-Oct-2024 21:09:24.151 INFO [main] org.apache.catalina.startup.VersionLoggerListener.log Command line argument:             -Djava.util.logging.manager=org.apache.juli.ClassLoaderLogManager
25-Oct-2024 21:09:24.151 INFO [main] org.apache.catalina.startup.VersionLoggerListener.log Command line argument:             -javaagent:C:\Program Files\JetBrains\IntelliJ IDEA 2024.2.1\lib\idea_rt.jar=51823:C:\Program Files\JetBrains\IntelliJ IDEA 2024.2.1\bin
25-Oct-2024 21:09:24.151 INFO [main] org.apache.catalina.startup.VersionLoggerListener.log Command line argument:             -Dfile.encoding=UTF-8
25-Oct-2024 21:09:24.159 INFO [main] org.apache.catalina.core.AprLifecycleListener.lifecycleEvent Cargada la biblioteca nativa APR de Apache Tomcat [1.3.1] con la versión APR [1.7.4].
25-Oct-2024 21:09:24.159 INFO [main] org.apache.catalina.core.AprLifecycleListener.lifecycleEvent Capacidades APR: IPv6 [true], enviar fichero [true], aceptar filtros [false], aleatorio [true], UDS [true].
25-Oct-2024 21:09:24.159 INFO [main] org.apache.catalina.core.AprLifecycleListener.lifecycleEvent APR/OpenSSL configuration: useAprConnector [false], useOpenSSL [true]
25-Oct-2024 21:09:24.171 INFO [main] org.apache.catalina.core.AprLifecycleListener.initializeSSL OpenSSL inicializado correctamente [OpenSSL 3.0.14 4 Jun 2024]
25-Oct-2024 21:09:24.657 INFO [main] org.apache.coyote.AbstractProtocol.init Inicializando el manejador de protocolo ["http-nio-8080"]

25-Oct-2024 21:09:24.696 INFO [main] org.apache.catalina.startup.Catalina.load Server initialization in [1005] milliseconds
25-Oct-2024 21:09:24.785 INFO [main] org.apache.catalina.core.StandardService.startInternal Arrancando servicio [Catalina]
25-Oct-2024 21:09:24.786 INFO [main] org.apache.catalina.core.StandardEngine.startInternal Starting Servlet engine: [Apache Tomcat/9.0.93]
25-Oct-2024 21:09:24.801 INFO [main] org.apache.catalina.startup.HostConfig.deployDescriptor Desplieque del descriptor de configuración [C:\Proyecto-3s\T03_BodegaLaEsquinita_P\conf\Catalina\localhost\T03_BodegaLaEsquinita_P.xml]
25-Oct-2024 21:09:26.037 INFO [main] org.apache.jasper.servlet.TldScanner.scanJars Al menos un JAR, que se ha explorado buscando TLDs, aún no contenía TLDs. Activar historial de depuración para este historiador para una completa lista de los JARs que fueron explorados y de los que nos se halló TLDs. Saltarse JARs no necesarios durante la exploración puede dar lugar a una mejora de tiempo significativa en el arranque y compilación de JSP .
25-Oct-2024 21:09:26.234 INFO [main] org.apache.catalina.startup.HostConfig.deployDescriptor Deployment of deployment descriptor [C:\Proyecto-3s\T03_BodegaLaEsquinita_P\conf\Catalina\localhost\T03_BodegaLaEsquinita_P.xml] has finished in [1.430] ms
25-Oct-2024 21:09:26.242 INFO [main] org.apache.coyote.AbstractProtocol.start Starting ProtocolHandler ["http-nio-8080"]
25-Oct-2024 21:09:26.304 INFO [main] org.apache.catalina.startup.Catalina.start Server startup in [1607] milliseconds
25-Oct-2024 21:19:46.330 INFO [Thread-1] org.apache.coyote.AbstractProtocol.pause Pausing ProtocolHandler ["http-nio-8080"]
25-Oct-2024 21:19:46.913 INFO [Thread-1] org.apache.catalina.core.StandardService.stopInternal Parando servicio [Catalina]
25-Oct-2024 21:19:47.295 WARNING [Thread-1] org.apache.catalina.loader.WebappClassLoaderBase.clearReferencesJdbc La aplicación web [T03_BodegaLaEsquinita_P] registró el conductor JDBC [com.microsoft.sqlserver.jdbc.SQLServerDriver] pero falló al anular el registro mientras la aplicación web estaba parada. Para prevenir un fallo de memoria, se ha anulado el registro del conductor JDBC por la fuerza.
25-Oct-2024 21:19:47.391 INFO [Thread-1] org.apache.coyote.AbstractProtocol.stop Stopping ProtocolHandler ["http-nio-8080"]
25-Oct-2024 21:19:47.429 INFO [Thread-1] org.apache.coyote.AbstractProtocol.destroy Destroying ProtocolHandler ["http-nio-8080"]
25-Oct-2024 21:19:55.154 INFO [main] org.apache.catalina.startup.VersionLoggerListener.log Nombre de la versión del servidor: Apache Tomcat/9.0.93
25-Oct-2024 21:19:55.160 INFO [main] org.apache.catalina.startup.VersionLoggerListener.log Server built:                      Aug 2 2024 21:24:59 UTC
25-Oct-2024 21:19:55.161 INFO [main] org.apache.catalina.startup.VersionLoggerListener.log Número de versión de servidor:     9.0.93.0
25-Oct-2024 21:19:55.161 INFO [main] org.apache.catalina.startup.VersionLoggerListener.log OS Name:                           Windows 11
25-Oct-2024 21:19:55.161 INFO [main] org.apache.catalina.startup.VersionLoggerListener.log Versión de Systema Operativo:      10.0
25-Oct-2024 21:19:55.161 INFO [main] org.apache.catalina.startup.VersionLoggerListener.log Arquitectura:                      amd64
25-Oct-2024 21:19:55.161 INFO [main] org.apache.catalina.startup.VersionLoggerListener.log Java Home:                         C:\Program Files\Java\jdk-17
25-Oct-2024 21:19:55.162 INFO [main] org.apache.catalina.startup.VersionLoggerListener.log JVM Version:                       17.0.10+11-LTS-240
25-Oct-2024 21:19:55.162 INFO [main] org.apache.catalina.startup.VersionLoggerListener.log Vededor JVM:                       Oracle Corporation
25-Oct-2024 21:19:55.162 INFO [main] org.apache.catalina.startup.VersionLoggerListener.log CATALINA_BASE:                     C:\Proyecto-3s\T03_BodegaLaEsquinita_P
25-Oct-2024 21:19:55.162 INFO [main] org.apache.catalina.startup.VersionLoggerListener.log CATALINA_HOME:                     C:\ValleGrande\IntelliJ\apache-tomcat-9.0.93
25-Oct-2024 21:19:55.177 INFO [main] org.apache.catalina.startup.VersionLoggerListener.log Command line argument:             --add-opens=java.base/java.lang=ALL-UNNAMED
25-Oct-2024 21:19:55.178 INFO [main] org.apache.catalina.startup.VersionLoggerListener.log Command line argument:             --add-opens=java.base/java.io=ALL-UNNAMED
25-Oct-2024 21:19:55.178 INFO [main] org.apache.catalina.startup.VersionLoggerListener.log Command line argument:             --add-opens=java.base/java.util=ALL-UNNAMED
25-Oct-2024 21:19:55.178 INFO [main] org.apache.catalina.startup.VersionLoggerListener.log Command line argument:             --add-opens=java.base/java.util.concurrent=ALL-UNNAMED
25-Oct-2024 21:19:55.178 INFO [main] org.apache.catalina.startup.VersionLoggerListener.log Command line argument:             --add-opens=java.rmi/sun.rmi.transport=ALL-UNNAMED
25-Oct-2024 21:19:55.178 INFO [main] org.apache.catalina.startup.VersionLoggerListener.log Command line argument:             -Dcatalina.home=C:\..\ValleGrande\IntelliJ\apache-tomcat-9.0.93
25-Oct-2024 21:19:55.179 INFO [main] org.apache.catalina.startup.VersionLoggerListener.log Command line argument:             -Dcatalina.base=C:\Proyecto-3s\T03_BodegaLaEsquinita_P
25-Oct-2024 21:19:55.179 INFO [main] org.apache.catalina.startup.VersionLoggerListener.log Command line argument:             -Djava.io.tmpdir=C:\Proyecto-3s\T03_BodegaLaEsquinita_P\temp
25-Oct-2024 21:19:55.179 INFO [main] org.apache.catalina.startup.VersionLoggerListener.log Command line argument:             -Djava.util.logging.config.file=C:\Proyecto-3s\T03_BodegaLaEsquinita_P\conf\logging.properties
25-Oct-2024 21:19:55.179 INFO [main] org.apache.catalina.startup.VersionLoggerListener.log Command line argument:             -Djava.util.logging.manager=org.apache.juli.ClassLoaderLogManager
25-Oct-2024 21:19:55.179 INFO [main] org.apache.catalina.startup.VersionLoggerListener.log Command line argument:             -javaagent:C:\Program Files\JetBrains\IntelliJ IDEA 2024.2.1\lib\idea_rt.jar=52046:C:\Program Files\JetBrains\IntelliJ IDEA 2024.2.1\bin
25-Oct-2024 21:19:55.179 INFO [main] org.apache.catalina.startup.VersionLoggerListener.log Command line argument:             -Dfile.encoding=UTF-8
25-Oct-2024 21:19:55.189 INFO [main] org.apache.catalina.core.AprLifecycleListener.lifecycleEvent Cargada la biblioteca nativa APR de Apache Tomcat [1.3.1] con la versión APR [1.7.4].
25-Oct-2024 21:19:55.189 INFO [main] org.apache.catalina.core.AprLifecycleListener.lifecycleEvent Capacidades APR: IPv6 [true], enviar fichero [true], aceptar filtros [false], aleatorio [true], UDS [true].
25-Oct-2024 21:19:55.189 INFO [main] org.apache.catalina.core.AprLifecycleListener.lifecycleEvent APR/OpenSSL configuration: useAprConnector [false], useOpenSSL [true]
25-Oct-2024 21:19:55.219 INFO [main] org.apache.catalina.core.AprLifecycleListener.initializeSSL OpenSSL inicializado correctamente [OpenSSL 3.0.14 4 Jun 2024]
25-Oct-2024 21:19:55.756 INFO [main] org.apache.coyote.AbstractProtocol.init Inicializando el manejador de protocolo ["http-nio-8080"]

25-Oct-2024 21:19:55.798 INFO [main] org.apache.catalina.startup.Catalina.load Server initialization in [1094] milliseconds
25-Oct-2024 21:19:55.899 INFO [main] org.apache.catalina.core.StandardService.startInternal Arrancando servicio [Catalina]
25-Oct-2024 21:19:55.899 INFO [main] org.apache.catalina.core.StandardEngine.startInternal Starting Servlet engine: [Apache Tomcat/9.0.93]
25-Oct-2024 21:19:55.920 INFO [main] org.apache.catalina.startup.HostConfig.deployDescriptor Desplieque del descriptor de configuración [C:\Proyecto-3s\T03_BodegaLaEsquinita_P\conf\Catalina\localhost\T03_BodegaLaEsquinita_P.xml]
25-Oct-2024 21:19:57.277 INFO [main] org.apache.jasper.servlet.TldScanner.scanJars Al menos un JAR, que se ha explorado buscando TLDs, aún no contenía TLDs. Activar historial de depuración para este historiador para una completa lista de los JARs que fueron explorados y de los que nos se halló TLDs. Saltarse JARs no necesarios durante la exploración puede dar lugar a una mejora de tiempo significativa en el arranque y compilación de JSP .
25-Oct-2024 21:19:57.473 INFO [main] org.apache.catalina.startup.HostConfig.deployDescriptor Deployment of deployment descriptor [C:\Proyecto-3s\T03_BodegaLaEsquinita_P\conf\Catalina\localhost\T03_BodegaLaEsquinita_P.xml] has finished in [1.548] ms
25-Oct-2024 21:19:57.483 INFO [main] org.apache.coyote.AbstractProtocol.start Starting ProtocolHandler ["http-nio-8080"]
25-Oct-2024 21:19:57.556 INFO [main] org.apache.catalina.startup.Catalina.start Server startup in [1758] milliseconds
25-Oct-2024 21:20:46.888 INFO [Thread-1] org.apache.coyote.AbstractProtocol.pause Pausing ProtocolHandler ["http-nio-8080"]
25-Oct-2024 21:20:47.254 INFO [Thread-1] org.apache.catalina.core.StandardService.stopInternal Parando servicio [Catalina]
25-Oct-2024 21:20:47.270 WARNING [Thread-1] org.apache.catalina.loader.WebappClassLoaderBase.clearReferencesJdbc La aplicación web [T03_BodegaLaEsquinita_P] registró el conductor JDBC [com.microsoft.sqlserver.jdbc.SQLServerDriver] pero falló al anular el registro mientras la aplicación web estaba parada. Para prevenir un fallo de memoria, se ha anulado el registro del conductor JDBC por la fuerza.
25-Oct-2024 21:20:47.278 INFO [Thread-1] org.apache.coyote.AbstractProtocol.stop Stopping ProtocolHandler ["http-nio-8080"]
25-Oct-2024 21:20:47.295 INFO [Thread-1] org.apache.coyote.AbstractProtocol.destroy Destroying ProtocolHandler ["http-nio-8080"]
25-Oct-2024 21:20:51.840 INFO [main] org.apache.catalina.startup.VersionLoggerListener.log Nombre de la versión del servidor: Apache Tomcat/9.0.93
25-Oct-2024 21:20:51.848 INFO [main] org.apache.catalina.startup.VersionLoggerListener.log Server built:                      Aug 2 2024 21:24:59 UTC
25-Oct-2024 21:20:51.849 INFO [main] org.apache.catalina.startup.VersionLoggerListener.log Número de versión de servidor:     9.0.93.0
25-Oct-2024 21:20:51.849 INFO [main] org.apache.catalina.startup.VersionLoggerListener.log OS Name:                           Windows 11
25-Oct-2024 21:20:51.849 INFO [main] org.apache.catalina.startup.VersionLoggerListener.log Versión de Systema Operativo:      10.0
25-Oct-2024 21:20:51.850 INFO [main] org.apache.catalina.startup.VersionLoggerListener.log Arquitectura:                      amd64
25-Oct-2024 21:20:51.850 INFO [main] org.apache.catalina.startup.VersionLoggerListener.log Java Home:                         C:\Program Files\Java\jdk-17
25-Oct-2024 21:20:51.850 INFO [main] org.apache.catalina.startup.VersionLoggerListener.log JVM Version:                       17.0.10+11-LTS-240
25-Oct-2024 21:20:51.850 INFO [main] org.apache.catalina.startup.VersionLoggerListener.log Vededor JVM:                       Oracle Corporation
25-Oct-2024 21:20:51.850 INFO [main] org.apache.catalina.startup.VersionLoggerListener.log CATALINA_BASE:                     C:\Proyecto-3s\T03_BodegaLaEsquinita_P
25-Oct-2024 21:20:51.850 INFO [main] org.apache.catalina.startup.VersionLoggerListener.log CATALINA_HOME:                     C:\ValleGrande\IntelliJ\apache-tomcat-9.0.93
25-Oct-2024 21:20:51.869 INFO [main] org.apache.catalina.startup.VersionLoggerListener.log Command line argument:             --add-opens=java.base/java.lang=ALL-UNNAMED
25-Oct-2024 21:20:51.869 INFO [main] org.apache.catalina.startup.VersionLoggerListener.log Command line argument:             --add-opens=java.base/java.io=ALL-UNNAMED
25-Oct-2024 21:20:51.869 INFO [main] org.apache.catalina.startup.VersionLoggerListener.log Command line argument:             --add-opens=java.base/java.util=ALL-UNNAMED
25-Oct-2024 21:20:51.869 INFO [main] org.apache.catalina.startup.VersionLoggerListener.log Command line argument:             --add-opens=java.base/java.util.concurrent=ALL-UNNAMED
25-Oct-2024 21:20:51.869 INFO [main] org.apache.catalina.startup.VersionLoggerListener.log Command line argument:             --add-opens=java.rmi/sun.rmi.transport=ALL-UNNAMED
25-Oct-2024 21:20:51.870 INFO [main] org.apache.catalina.startup.VersionLoggerListener.log Command line argument:             -Dcatalina.home=C:\..\ValleGrande\IntelliJ\apache-tomcat-9.0.93
25-Oct-2024 21:20:51.870 INFO [main] org.apache.catalina.startup.VersionLoggerListener.log Command line argument:             -Dcatalina.base=C:\Proyecto-3s\T03_BodegaLaEsquinita_P
25-Oct-2024 21:20:51.870 INFO [main] org.apache.catalina.startup.VersionLoggerListener.log Command line argument:             -Djava.io.tmpdir=C:\Proyecto-3s\T03_BodegaLaEsquinita_P\temp
25-Oct-2024 21:20:51.870 INFO [main] org.apache.catalina.startup.VersionLoggerListener.log Command line argument:             -Djava.util.logging.config.file=C:\Proyecto-3s\T03_BodegaLaEsquinita_P\conf\logging.properties
25-Oct-2024 21:20:51.870 INFO [main] org.apache.catalina.startup.VersionLoggerListener.log Command line argument:             -Djava.util.logging.manager=org.apache.juli.ClassLoaderLogManager
25-Oct-2024 21:20:51.870 INFO [main] org.apache.catalina.startup.VersionLoggerListener.log Command line argument:             -javaagent:C:\Program Files\JetBrains\IntelliJ IDEA 2024.2.1\lib\idea_rt.jar=52067:C:\Program Files\JetBrains\IntelliJ IDEA 2024.2.1\bin
25-Oct-2024 21:20:51.872 INFO [main] org.apache.catalina.startup.VersionLoggerListener.log Command line argument:             -Dfile.encoding=UTF-8
25-Oct-2024 21:20:51.881 INFO [main] org.apache.catalina.core.AprLifecycleListener.lifecycleEvent Cargada la biblioteca nativa APR de Apache Tomcat [1.3.1] con la versión APR [1.7.4].
25-Oct-2024 21:20:51.881 INFO [main] org.apache.catalina.core.AprLifecycleListener.lifecycleEvent Capacidades APR: IPv6 [true], enviar fichero [true], aceptar filtros [false], aleatorio [true], UDS [true].
25-Oct-2024 21:20:51.881 INFO [main] org.apache.catalina.core.AprLifecycleListener.lifecycleEvent APR/OpenSSL configuration: useAprConnector [false], useOpenSSL [true]
25-Oct-2024 21:20:51.896 INFO [main] org.apache.catalina.core.AprLifecycleListener.initializeSSL OpenSSL inicializado correctamente [OpenSSL 3.0.14 4 Jun 2024]
25-Oct-2024 21:20:52.457 INFO [main] org.apache.coyote.AbstractProtocol.init Inicializando el manejador de protocolo ["http-nio-8080"]

25-Oct-2024 21:20:52.530 INFO [main] org.apache.catalina.startup.Catalina.load Server initialization in [1147] milliseconds
25-Oct-2024 21:20:52.643 INFO [main] org.apache.catalina.core.StandardService.startInternal Arrancando servicio [Catalina]
25-Oct-2024 21:20:52.643 INFO [main] org.apache.catalina.core.StandardEngine.startInternal Starting Servlet engine: [Apache Tomcat/9.0.93]
25-Oct-2024 21:20:52.663 INFO [main] org.apache.catalina.startup.HostConfig.deployDescriptor Desplieque del descriptor de configuración [C:\Proyecto-3s\T03_BodegaLaEsquinita_P\conf\Catalina\localhost\T03_BodegaLaEsquinita_P.xml]
25-Oct-2024 21:20:54.039 INFO [main] org.apache.jasper.servlet.TldScanner.scanJars Al menos un JAR, que se ha explorado buscando TLDs, aún no contenía TLDs. Activar historial de depuración para este historiador para una completa lista de los JARs que fueron explorados y de los que nos se halló TLDs. Saltarse JARs no necesarios durante la exploración puede dar lugar a una mejora de tiempo significativa en el arranque y compilación de JSP .
25-Oct-2024 21:20:54.209 INFO [main] org.apache.catalina.startup.HostConfig.deployDescriptor Deployment of deployment descriptor [C:\Proyecto-3s\T03_BodegaLaEsquinita_P\conf\Catalina\localhost\T03_BodegaLaEsquinita_P.xml] has finished in [1.543] ms
25-Oct-2024 21:20:54.216 INFO [main] org.apache.coyote.AbstractProtocol.start Starting ProtocolHandler ["http-nio-8080"]
25-Oct-2024 21:20:54.293 INFO [main] org.apache.catalina.startup.Catalina.start Server startup in [1763] milliseconds
25-Oct-2024 21:27:46.252 INFO [Thread-1] org.apache.coyote.AbstractProtocol.pause Pausing ProtocolHandler ["http-nio-8080"]
25-Oct-2024 21:27:46.590 INFO [Thread-1] org.apache.catalina.core.StandardService.stopInternal Parando servicio [Catalina]
25-Oct-2024 21:27:46.739 WARNING [Thread-1] org.apache.catalina.loader.WebappClassLoaderBase.clearReferencesJdbc La aplicación web [T03_BodegaLaEsquinita_P] registró el conductor JDBC [com.microsoft.sqlserver.jdbc.SQLServerDriver] pero falló al anular el registro mientras la aplicación web estaba parada. Para prevenir un fallo de memoria, se ha anulado el registro del conductor JDBC por la fuerza.
25-Oct-2024 21:27:46.775 INFO [Thread-1] org.apache.coyote.AbstractProtocol.stop Stopping ProtocolHandler ["http-nio-8080"]
25-Oct-2024 21:27:46.796 INFO [Thread-1] org.apache.coyote.AbstractProtocol.destroy Destroying ProtocolHandler ["http-nio-8080"]
25-Oct-2024 21:27:57.262 INFO [main] org.apache.catalina.startup.VersionLoggerListener.log Nombre de la versión del servidor: Apache Tomcat/9.0.93
25-Oct-2024 21:27:57.271 INFO [main] org.apache.catalina.startup.VersionLoggerListener.log Server built:                      Aug 2 2024 21:24:59 UTC
25-Oct-2024 21:27:57.271 INFO [main] org.apache.catalina.startup.VersionLoggerListener.log Número de versión de servidor:     9.0.93.0
25-Oct-2024 21:27:57.272 INFO [main] org.apache.catalina.startup.VersionLoggerListener.log OS Name:                           Windows 11
25-Oct-2024 21:27:57.272 INFO [main] org.apache.catalina.startup.VersionLoggerListener.log Versión de Systema Operativo:      10.0
25-Oct-2024 21:27:57.272 INFO [main] org.apache.catalina.startup.VersionLoggerListener.log Arquitectura:                      amd64
25-Oct-2024 21:27:57.273 INFO [main] org.apache.catalina.startup.VersionLoggerListener.log Java Home:                         C:\Program Files\Java\jdk-17
25-Oct-2024 21:27:57.273 INFO [main] org.apache.catalina.startup.VersionLoggerListener.log JVM Version:                       17.0.10+11-LTS-240
25-Oct-2024 21:27:57.273 INFO [main] org.apache.catalina.startup.VersionLoggerListener.log Vededor JVM:                       Oracle Corporation
25-Oct-2024 21:27:57.274 INFO [main] org.apache.catalina.startup.VersionLoggerListener.log CATALINA_BASE:                     C:\Proyecto-3s\T03_BodegaLaEsquinita_P
25-Oct-2024 21:27:57.274 INFO [main] org.apache.catalina.startup.VersionLoggerListener.log CATALINA_HOME:                     C:\ValleGrande\IntelliJ\apache-tomcat-9.0.93
25-Oct-2024 21:27:57.295 INFO [main] org.apache.catalina.startup.VersionLoggerListener.log Command line argument:             --add-opens=java.base/java.lang=ALL-UNNAMED
25-Oct-2024 21:27:57.295 INFO [main] org.apache.catalina.startup.VersionLoggerListener.log Command line argument:             --add-opens=java.base/java.io=ALL-UNNAMED
25-Oct-2024 21:27:57.295 INFO [main] org.apache.catalina.startup.VersionLoggerListener.log Command line argument:             --add-opens=java.base/java.util=ALL-UNNAMED
25-Oct-2024 21:27:57.295 INFO [main] org.apache.catalina.startup.VersionLoggerListener.log Command line argument:             --add-opens=java.base/java.util.concurrent=ALL-UNNAMED
25-Oct-2024 21:27:57.296 INFO [main] org.apache.catalina.startup.VersionLoggerListener.log Command line argument:             --add-opens=java.rmi/sun.rmi.transport=ALL-UNNAMED
25-Oct-2024 21:27:57.296 INFO [main] org.apache.catalina.startup.VersionLoggerListener.log Command line argument:             -Dcatalina.home=C:\..\ValleGrande\IntelliJ\apache-tomcat-9.0.93
25-Oct-2024 21:27:57.296 INFO [main] org.apache.catalina.startup.VersionLoggerListener.log Command line argument:             -Dcatalina.base=C:\Proyecto-3s\T03_BodegaLaEsquinita_P
25-Oct-2024 21:27:57.296 INFO [main] org.apache.catalina.startup.VersionLoggerListener.log Command line argument:             -Djava.io.tmpdir=C:\Proyecto-3s\T03_BodegaLaEsquinita_P\temp
25-Oct-2024 21:27:57.296 INFO [main] org.apache.catalina.startup.VersionLoggerListener.log Command line argument:             -Djava.util.logging.config.file=C:\Proyecto-3s\T03_BodegaLaEsquinita_P\conf\logging.properties
25-Oct-2024 21:27:57.296 INFO [main] org.apache.catalina.startup.VersionLoggerListener.log Command line argument:             -Djava.util.logging.manager=org.apache.juli.ClassLoaderLogManager
25-Oct-2024 21:27:57.297 INFO [main] org.apache.catalina.startup.VersionLoggerListener.log Command line argument:             -javaagent:C:\Program Files\JetBrains\IntelliJ IDEA 2024.2.1\lib\idea_rt.jar=52199:C:\Program Files\JetBrains\IntelliJ IDEA 2024.2.1\bin
25-Oct-2024 21:27:57.297 INFO [main] org.apache.catalina.startup.VersionLoggerListener.log Command line argument:             -Dfile.encoding=UTF-8
25-Oct-2024 21:27:57.310 INFO [main] org.apache.catalina.core.AprLifecycleListener.lifecycleEvent Cargada la biblioteca nativa APR de Apache Tomcat [1.3.1] con la versión APR [1.7.4].
25-Oct-2024 21:27:57.311 INFO [main] org.apache.catalina.core.AprLifecycleListener.lifecycleEvent Capacidades APR: IPv6 [true], enviar fichero [true], aceptar filtros [false], aleatorio [true], UDS [true].
25-Oct-2024 21:27:57.311 INFO [main] org.apache.catalina.core.AprLifecycleListener.lifecycleEvent APR/OpenSSL configuration: useAprConnector [false], useOpenSSL [true]
25-Oct-2024 21:27:57.345 INFO [main] org.apache.catalina.core.AprLifecycleListener.initializeSSL OpenSSL inicializado correctamente [OpenSSL 3.0.14 4 Jun 2024]
25-Oct-2024 21:27:57.867 INFO [main] org.apache.coyote.AbstractProtocol.init Inicializando el manejador de protocolo ["http-nio-8080"]

25-Oct-2024 21:27:57.919 INFO [main] org.apache.catalina.startup.Catalina.load Server initialization in [1155] milliseconds
25-Oct-2024 21:27:58.029 INFO [main] org.apache.catalina.core.StandardService.startInternal Arrancando servicio [Catalina]
25-Oct-2024 21:27:58.032 INFO [main] org.apache.catalina.core.StandardEngine.startInternal Starting Servlet engine: [Apache Tomcat/9.0.93]
25-Oct-2024 21:27:58.051 INFO [main] org.apache.catalina.startup.HostConfig.deployDescriptor Desplieque del descriptor de configuración [C:\Proyecto-3s\T03_BodegaLaEsquinita_P\conf\Catalina\localhost\T03_BodegaLaEsquinita_P.xml]
25-Oct-2024 21:27:59.513 INFO [main] org.apache.jasper.servlet.TldScanner.scanJars Al menos un JAR, que se ha explorado buscando TLDs, aún no contenía TLDs. Activar historial de depuración para este historiador para una completa lista de los JARs que fueron explorados y de los que nos se halló TLDs. Saltarse JARs no necesarios durante la exploración puede dar lugar a una mejora de tiempo significativa en el arranque y compilación de JSP .
25-Oct-2024 21:27:59.693 INFO [main] org.apache.catalina.startup.HostConfig.deployDescriptor Deployment of deployment descriptor [C:\Proyecto-3s\T03_BodegaLaEsquinita_P\conf\Catalina\localhost\T03_BodegaLaEsquinita_P.xml] has finished in [1.639] ms
25-Oct-2024 21:27:59.701 INFO [main] org.apache.coyote.AbstractProtocol.start Starting ProtocolHandler ["http-nio-8080"]
25-Oct-2024 21:27:59.766 INFO [main] org.apache.catalina.startup.Catalina.start Server startup in [1849] milliseconds
25-Oct-2024 21:29:20.093 INFO [Thread-1] org.apache.coyote.AbstractProtocol.pause Pausing ProtocolHandler ["http-nio-8080"]
25-Oct-2024 21:29:20.444 INFO [Thread-1] org.apache.catalina.core.StandardService.stopInternal Parando servicio [Catalina]
25-Oct-2024 21:29:20.486 WARNING [Thread-1] org.apache.catalina.loader.WebappClassLoaderBase.clearReferencesJdbc La aplicación web [T03_BodegaLaEsquinita_P] registró el conductor JDBC [com.microsoft.sqlserver.jdbc.SQLServerDriver] pero falló al anular el registro mientras la aplicación web estaba parada. Para prevenir un fallo de memoria, se ha anulado el registro del conductor JDBC por la fuerza.
25-Oct-2024 21:29:20.503 INFO [Thread-1] org.apache.coyote.AbstractProtocol.stop Stopping ProtocolHandler ["http-nio-8080"]
25-Oct-2024 21:29:20.521 INFO [Thread-1] org.apache.coyote.AbstractProtocol.destroy Destroying ProtocolHandler ["http-nio-8080"]
25-Oct-2024 21:29:25.633 INFO [main] org.apache.catalina.startup.VersionLoggerListener.log Nombre de la versión del servidor: Apache Tomcat/9.0.93
25-Oct-2024 21:29:25.640 INFO [main] org.apache.catalina.startup.VersionLoggerListener.log Server built:                      Aug 2 2024 21:24:59 UTC
25-Oct-2024 21:29:25.640 INFO [main] org.apache.catalina.startup.VersionLoggerListener.log Número de versión de servidor:     9.0.93.0
25-Oct-2024 21:29:25.640 INFO [main] org.apache.catalina.startup.VersionLoggerListener.log OS Name:                           Windows 11
25-Oct-2024 21:29:25.641 INFO [main] org.apache.catalina.startup.VersionLoggerListener.log Versión de Systema Operativo:      10.0
25-Oct-2024 21:29:25.641 INFO [main] org.apache.catalina.startup.VersionLoggerListener.log Arquitectura:                      amd64
25-Oct-2024 21:29:25.641 INFO [main] org.apache.catalina.startup.VersionLoggerListener.log Java Home:                         C:\Program Files\Java\jdk-17
25-Oct-2024 21:29:25.641 INFO [main] org.apache.catalina.startup.VersionLoggerListener.log JVM Version:                       17.0.10+11-LTS-240
25-Oct-2024 21:29:25.641 INFO [main] org.apache.catalina.startup.VersionLoggerListener.log Vededor JVM:                       Oracle Corporation
25-Oct-2024 21:29:25.641 INFO [main] org.apache.catalina.startup.VersionLoggerListener.log CATALINA_BASE:                     C:\Proyecto-3s\T03_BodegaLaEsquinita_P
25-Oct-2024 21:29:25.641 INFO [main] org.apache.catalina.startup.VersionLoggerListener.log CATALINA_HOME:                     C:\ValleGrande\IntelliJ\apache-tomcat-9.0.93
25-Oct-2024 21:29:25.659 INFO [main] org.apache.catalina.startup.VersionLoggerListener.log Command line argument:             --add-opens=java.base/java.lang=ALL-UNNAMED
25-Oct-2024 21:29:25.660 INFO [main] org.apache.catalina.startup.VersionLoggerListener.log Command line argument:             --add-opens=java.base/java.io=ALL-UNNAMED
25-Oct-2024 21:29:25.660 INFO [main] org.apache.catalina.startup.VersionLoggerListener.log Command line argument:             --add-opens=java.base/java.util=ALL-UNNAMED
25-Oct-2024 21:29:25.660 INFO [main] org.apache.catalina.startup.VersionLoggerListener.log Command line argument:             --add-opens=java.base/java.util.concurrent=ALL-UNNAMED
25-Oct-2024 21:29:25.660 INFO [main] org.apache.catalina.startup.VersionLoggerListener.log Command line argument:             --add-opens=java.rmi/sun.rmi.transport=ALL-UNNAMED
25-Oct-2024 21:29:25.660 INFO [main] org.apache.catalina.startup.VersionLoggerListener.log Command line argument:             -Dcatalina.home=C:\..\ValleGrande\IntelliJ\apache-tomcat-9.0.93
25-Oct-2024 21:29:25.660 INFO [main] org.apache.catalina.startup.VersionLoggerListener.log Command line argument:             -Dcatalina.base=C:\Proyecto-3s\T03_BodegaLaEsquinita_P
25-Oct-2024 21:29:25.660 INFO [main] org.apache.catalina.startup.VersionLoggerListener.log Command line argument:             -Djava.io.tmpdir=C:\Proyecto-3s\T03_BodegaLaEsquinita_P\temp
25-Oct-2024 21:29:25.661 INFO [main] org.apache.catalina.startup.VersionLoggerListener.log Command line argument:             -Djava.util.logging.config.file=C:\Proyecto-3s\T03_BodegaLaEsquinita_P\conf\logging.properties
25-Oct-2024 21:29:25.661 INFO [main] org.apache.catalina.startup.VersionLoggerListener.log Command line argument:             -Djava.util.logging.manager=org.apache.juli.ClassLoaderLogManager
25-Oct-2024 21:29:25.661 INFO [main] org.apache.catalina.startup.VersionLoggerListener.log Command line argument:             -javaagent:C:\Program Files\JetBrains\IntelliJ IDEA 2024.2.1\lib\idea_rt.jar=52242:C:\Program Files\JetBrains\IntelliJ IDEA 2024.2.1\bin
25-Oct-2024 21:29:25.661 INFO [main] org.apache.catalina.startup.VersionLoggerListener.log Command line argument:             -Dfile.encoding=UTF-8
25-Oct-2024 21:29:25.667 INFO [main] org.apache.catalina.core.AprLifecycleListener.lifecycleEvent Cargada la biblioteca nativa APR de Apache Tomcat [1.3.1] con la versión APR [1.7.4].
25-Oct-2024 21:29:25.668 INFO [main] org.apache.catalina.core.AprLifecycleListener.lifecycleEvent Capacidades APR: IPv6 [true], enviar fichero [true], aceptar filtros [false], aleatorio [true], UDS [true].
25-Oct-2024 21:29:25.668 INFO [main] org.apache.catalina.core.AprLifecycleListener.lifecycleEvent APR/OpenSSL configuration: useAprConnector [false], useOpenSSL [true]
25-Oct-2024 21:29:25.678 INFO [main] org.apache.catalina.core.AprLifecycleListener.initializeSSL OpenSSL inicializado correctamente [OpenSSL 3.0.14 4 Jun 2024]
25-Oct-2024 21:29:26.158 INFO [main] org.apache.coyote.AbstractProtocol.init Inicializando el manejador de protocolo ["http-nio-8080"]

25-Oct-2024 21:29:26.191 INFO [main] org.apache.catalina.startup.Catalina.load Server initialization in [1025] milliseconds
25-Oct-2024 21:29:26.290 INFO [main] org.apache.catalina.core.StandardService.startInternal Arrancando servicio [Catalina]
25-Oct-2024 21:29:26.291 INFO [main] org.apache.catalina.core.StandardEngine.startInternal Starting Servlet engine: [Apache Tomcat/9.0.93]
25-Oct-2024 21:29:26.311 INFO [main] org.apache.catalina.startup.HostConfig.deployDescriptor Desplieque del descriptor de configuración [C:\Proyecto-3s\T03_BodegaLaEsquinita_P\conf\Catalina\localhost\T03_BodegaLaEsquinita_P.xml]
25-Oct-2024 21:29:27.525 INFO [main] org.apache.jasper.servlet.TldScanner.scanJars Al menos un JAR, que se ha explorado buscando TLDs, aún no contenía TLDs. Activar historial de depuración para este historiador para una completa lista de los JARs que fueron explorados y de los que nos se halló TLDs. Saltarse JARs no necesarios durante la exploración puede dar lugar a una mejora de tiempo significativa en el arranque y compilación de JSP .
25-Oct-2024 21:29:27.694 INFO [main] org.apache.catalina.startup.HostConfig.deployDescriptor Deployment of deployment descriptor [C:\Proyecto-3s\T03_BodegaLaEsquinita_P\conf\Catalina\localhost\T03_BodegaLaEsquinita_P.xml] has finished in [1.380] ms
25-Oct-2024 21:29:27.707 INFO [main] org.apache.coyote.AbstractProtocol.start Starting ProtocolHandler ["http-nio-8080"]
25-Oct-2024 21:29:27.772 INFO [main] org.apache.catalina.startup.Catalina.start Server startup in [1580] milliseconds
25-Oct-2024 21:30:58.762 INFO [Thread-1] org.apache.coyote.AbstractProtocol.pause Pausing ProtocolHandler ["http-nio-8080"]
25-Oct-2024 21:30:59.187 INFO [Thread-1] org.apache.catalina.core.StandardService.stopInternal Parando servicio [Catalina]
25-Oct-2024 21:30:59.255 WARNING [Thread-1] org.apache.catalina.loader.WebappClassLoaderBase.clearReferencesJdbc La aplicación web [T03_BodegaLaEsquinita_P] registró el conductor JDBC [com.microsoft.sqlserver.jdbc.SQLServerDriver] pero falló al anular el registro mientras la aplicación web estaba parada. Para prevenir un fallo de memoria, se ha anulado el registro del conductor JDBC por la fuerza.
25-Oct-2024 21:30:59.279 INFO [Thread-1] org.apache.coyote.AbstractProtocol.stop Stopping ProtocolHandler ["http-nio-8080"]
25-Oct-2024 21:30:59.305 INFO [Thread-1] org.apache.coyote.AbstractProtocol.destroy Destroying ProtocolHandler ["http-nio-8080"]
25-Oct-2024 21:31:07.258 INFO [main] org.apache.catalina.startup.VersionLoggerListener.log Nombre de la versión del servidor: Apache Tomcat/9.0.93
25-Oct-2024 21:31:07.266 INFO [main] org.apache.catalina.startup.VersionLoggerListener.log Server built:                      Aug 2 2024 21:24:59 UTC
25-Oct-2024 21:31:07.267 INFO [main] org.apache.catalina.startup.VersionLoggerListener.log Número de versión de servidor:     9.0.93.0
25-Oct-2024 21:31:07.267 INFO [main] org.apache.catalina.startup.VersionLoggerListener.log OS Name:                           Windows 11
25-Oct-2024 21:31:07.267 INFO [main] org.apache.catalina.startup.VersionLoggerListener.log Versión de Systema Operativo:      10.0
25-Oct-2024 21:31:07.267 INFO [main] org.apache.catalina.startup.VersionLoggerListener.log Arquitectura:                      amd64
25-Oct-2024 21:31:07.267 INFO [main] org.apache.catalina.startup.VersionLoggerListener.log Java Home:                         C:\Program Files\Java\jdk-17
25-Oct-2024 21:31:07.267 INFO [main] org.apache.catalina.startup.VersionLoggerListener.log JVM Version:                       17.0.10+11-LTS-240
25-Oct-2024 21:31:07.268 INFO [main] org.apache.catalina.startup.VersionLoggerListener.log Vededor JVM:                       Oracle Corporation
25-Oct-2024 21:31:07.268 INFO [main] org.apache.catalina.startup.VersionLoggerListener.log CATALINA_BASE:                     C:\Proyecto-3s\T03_BodegaLaEsquinita_P
25-Oct-2024 21:31:07.268 INFO [main] org.apache.catalina.startup.VersionLoggerListener.log CATALINA_HOME:                     C:\ValleGrande\IntelliJ\apache-tomcat-9.0.93
25-Oct-2024 21:31:07.283 INFO [main] org.apache.catalina.startup.VersionLoggerListener.log Command line argument:             --add-opens=java.base/java.lang=ALL-UNNAMED
25-Oct-2024 21:31:07.283 INFO [main] org.apache.catalina.startup.VersionLoggerListener.log Command line argument:             --add-opens=java.base/java.io=ALL-UNNAMED
25-Oct-2024 21:31:07.283 INFO [main] org.apache.catalina.startup.VersionLoggerListener.log Command line argument:             --add-opens=java.base/java.util=ALL-UNNAMED
25-Oct-2024 21:31:07.285 INFO [main] org.apache.catalina.startup.VersionLoggerListener.log Command line argument:             --add-opens=java.base/java.util.concurrent=ALL-UNNAMED
25-Oct-2024 21:31:07.285 INFO [main] org.apache.catalina.startup.VersionLoggerListener.log Command line argument:             --add-opens=java.rmi/sun.rmi.transport=ALL-UNNAMED
25-Oct-2024 21:31:07.285 INFO [main] org.apache.catalina.startup.VersionLoggerListener.log Command line argument:             -Dcatalina.home=C:\..\ValleGrande\IntelliJ\apache-tomcat-9.0.93
25-Oct-2024 21:31:07.285 INFO [main] org.apache.catalina.startup.VersionLoggerListener.log Command line argument:             -Dcatalina.base=C:\Proyecto-3s\T03_BodegaLaEsquinita_P
25-Oct-2024 21:31:07.285 INFO [main] org.apache.catalina.startup.VersionLoggerListener.log Command line argument:             -Djava.io.tmpdir=C:\Proyecto-3s\T03_BodegaLaEsquinita_P\temp
25-Oct-2024 21:31:07.285 INFO [main] org.apache.catalina.startup.VersionLoggerListener.log Command line argument:             -Djava.util.logging.config.file=C:\Proyecto-3s\T03_BodegaLaEsquinita_P\conf\logging.properties
25-Oct-2024 21:31:07.285 INFO [main] org.apache.catalina.startup.VersionLoggerListener.log Command line argument:             -Djava.util.logging.manager=org.apache.juli.ClassLoaderLogManager
25-Oct-2024 21:31:07.286 INFO [main] org.apache.catalina.startup.VersionLoggerListener.log Command line argument:             -javaagent:C:\Program Files\JetBrains\IntelliJ IDEA 2024.2.1\lib\idea_rt.jar=52271:C:\Program Files\JetBrains\IntelliJ IDEA 2024.2.1\bin
25-Oct-2024 21:31:07.286 INFO [main] org.apache.catalina.startup.VersionLoggerListener.log Command line argument:             -Dfile.encoding=UTF-8
25-Oct-2024 21:31:07.297 INFO [main] org.apache.catalina.core.AprLifecycleListener.lifecycleEvent Cargada la biblioteca nativa APR de Apache Tomcat [1.3.1] con la versión APR [1.7.4].
25-Oct-2024 21:31:07.297 INFO [main] org.apache.catalina.core.AprLifecycleListener.lifecycleEvent Capacidades APR: IPv6 [true], enviar fichero [true], aceptar filtros [false], aleatorio [true], UDS [true].
25-Oct-2024 21:31:07.297 INFO [main] org.apache.catalina.core.AprLifecycleListener.lifecycleEvent APR/OpenSSL configuration: useAprConnector [false], useOpenSSL [true]
25-Oct-2024 21:31:07.329 INFO [main] org.apache.catalina.core.AprLifecycleListener.initializeSSL OpenSSL inicializado correctamente [OpenSSL 3.0.14 4 Jun 2024]
25-Oct-2024 21:31:07.804 INFO [main] org.apache.coyote.AbstractProtocol.init Inicializando el manejador de protocolo ["http-nio-8080"]

25-Oct-2024 21:31:07.837 INFO [main] org.apache.catalina.startup.Catalina.load Server initialization in [1007] milliseconds
25-Oct-2024 21:31:07.922 INFO [main] org.apache.catalina.core.StandardService.startInternal Arrancando servicio [Catalina]
25-Oct-2024 21:31:07.923 INFO [main] org.apache.catalina.core.StandardEngine.startInternal Starting Servlet engine: [Apache Tomcat/9.0.93]
25-Oct-2024 21:31:07.943 INFO [main] org.apache.catalina.startup.HostConfig.deployDescriptor Desplieque del descriptor de configuración [C:\Proyecto-3s\T03_BodegaLaEsquinita_P\conf\Catalina\localhost\T03_BodegaLaEsquinita_P.xml]
25-Oct-2024 21:31:09.154 INFO [main] org.apache.jasper.servlet.TldScanner.scanJars Al menos un JAR, que se ha explorado buscando TLDs, aún no contenía TLDs. Activar historial de depuración para este historiador para una completa lista de los JARs que fueron explorados y de los que nos se halló TLDs. Saltarse JARs no necesarios durante la exploración puede dar lugar a una mejora de tiempo significativa en el arranque y compilación de JSP .
25-Oct-2024 21:31:09.337 INFO [main] org.apache.catalina.startup.HostConfig.deployDescriptor Deployment of deployment descriptor [C:\Proyecto-3s\T03_BodegaLaEsquinita_P\conf\Catalina\localhost\T03_BodegaLaEsquinita_P.xml] has finished in [1.390] ms
25-Oct-2024 21:31:09.346 INFO [main] org.apache.coyote.AbstractProtocol.start Starting ProtocolHandler ["http-nio-8080"]
25-Oct-2024 21:31:09.414 INFO [main] org.apache.catalina.startup.Catalina.start Server startup in [1576] milliseconds
25-Oct-2024 21:39:11.590 INFO [Thread-1] org.apache.coyote.AbstractProtocol.pause Pausing ProtocolHandler ["http-nio-8080"]
25-Oct-2024 21:39:12.032 INFO [Thread-1] org.apache.catalina.core.StandardService.stopInternal Parando servicio [Catalina]
25-Oct-2024 21:39:12.321 WARNING [Thread-1] org.apache.catalina.loader.WebappClassLoaderBase.clearReferencesJdbc La aplicación web [T03_BodegaLaEsquinita_P] registró el conductor JDBC [com.microsoft.sqlserver.jdbc.SQLServerDriver] pero falló al anular el registro mientras la aplicación web estaba parada. Para prevenir un fallo de memoria, se ha anulado el registro del conductor JDBC por la fuerza.
25-Oct-2024 21:39:12.424 INFO [Thread-1] org.apache.coyote.AbstractProtocol.stop Stopping ProtocolHandler ["http-nio-8080"]
25-Oct-2024 21:39:12.464 INFO [Thread-1] org.apache.coyote.AbstractProtocol.destroy Destroying ProtocolHandler ["http-nio-8080"]
25-Oct-2024 21:39:21.206 INFO [main] org.apache.catalina.startup.VersionLoggerListener.log Nombre de la versión del servidor: Apache Tomcat/9.0.93
25-Oct-2024 21:39:21.214 INFO [main] org.apache.catalina.startup.VersionLoggerListener.log Server built:                      Aug 2 2024 21:24:59 UTC
25-Oct-2024 21:39:21.214 INFO [main] org.apache.catalina.startup.VersionLoggerListener.log Número de versión de servidor:     9.0.93.0
25-Oct-2024 21:39:21.214 INFO [main] org.apache.catalina.startup.VersionLoggerListener.log OS Name:                           Windows 11
25-Oct-2024 21:39:21.214 INFO [main] org.apache.catalina.startup.VersionLoggerListener.log Versión de Systema Operativo:      10.0
25-Oct-2024 21:39:21.215 INFO [main] org.apache.catalina.startup.VersionLoggerListener.log Arquitectura:                      amd64
25-Oct-2024 21:39:21.215 INFO [main] org.apache.catalina.startup.VersionLoggerListener.log Java Home:                         C:\Program Files\Java\jdk-17
25-Oct-2024 21:39:21.215 INFO [main] org.apache.catalina.startup.VersionLoggerListener.log JVM Version:                       17.0.10+11-LTS-240
25-Oct-2024 21:39:21.215 INFO [main] org.apache.catalina.startup.VersionLoggerListener.log Vededor JVM:                       Oracle Corporation
25-Oct-2024 21:39:21.215 INFO [main] org.apache.catalina.startup.VersionLoggerListener.log CATALINA_BASE:                     C:\Proyecto-3s\T03_BodegaLaEsquinita_P
25-Oct-2024 21:39:21.215 INFO [main] org.apache.catalina.startup.VersionLoggerListener.log CATALINA_HOME:                     C:\ValleGrande\IntelliJ\apache-tomcat-9.0.93
25-Oct-2024 21:39:21.234 INFO [main] org.apache.catalina.startup.VersionLoggerListener.log Command line argument:             --add-opens=java.base/java.lang=ALL-UNNAMED
25-Oct-2024 21:39:21.234 INFO [main] org.apache.catalina.startup.VersionLoggerListener.log Command line argument:             --add-opens=java.base/java.io=ALL-UNNAMED
25-Oct-2024 21:39:21.235 INFO [main] org.apache.catalina.startup.VersionLoggerListener.log Command line argument:             --add-opens=java.base/java.util=ALL-UNNAMED
25-Oct-2024 21:39:21.235 INFO [main] org.apache.catalina.startup.VersionLoggerListener.log Command line argument:             --add-opens=java.base/java.util.concurrent=ALL-UNNAMED
25-Oct-2024 21:39:21.235 INFO [main] org.apache.catalina.startup.VersionLoggerListener.log Command line argument:             --add-opens=java.rmi/sun.rmi.transport=ALL-UNNAMED
25-Oct-2024 21:39:21.235 INFO [main] org.apache.catalina.startup.VersionLoggerListener.log Command line argument:             -Dcatalina.home=C:\..\ValleGrande\IntelliJ\apache-tomcat-9.0.93
25-Oct-2024 21:39:21.235 INFO [main] org.apache.catalina.startup.VersionLoggerListener.log Command line argument:             -Dcatalina.base=C:\Proyecto-3s\T03_BodegaLaEsquinita_P
25-Oct-2024 21:39:21.235 INFO [main] org.apache.catalina.startup.VersionLoggerListener.log Command line argument:             -Djava.io.tmpdir=C:\Proyecto-3s\T03_BodegaLaEsquinita_P\temp
25-Oct-2024 21:39:21.236 INFO [main] org.apache.catalina.startup.VersionLoggerListener.log Command line argument:             -Djava.util.logging.config.file=C:\Proyecto-3s\T03_BodegaLaEsquinita_P\conf\logging.properties
25-Oct-2024 21:39:21.236 INFO [main] org.apache.catalina.startup.VersionLoggerListener.log Command line argument:             -Djava.util.logging.manager=org.apache.juli.ClassLoaderLogManager
25-Oct-2024 21:39:21.236 INFO [main] org.apache.catalina.startup.VersionLoggerListener.log Command line argument:             -javaagent:C:\Program Files\JetBrains\IntelliJ IDEA 2024.2.1\lib\idea_rt.jar=52396:C:\Program Files\JetBrains\IntelliJ IDEA 2024.2.1\bin
25-Oct-2024 21:39:21.236 INFO [main] org.apache.catalina.startup.VersionLoggerListener.log Command line argument:             -Dfile.encoding=UTF-8
25-Oct-2024 21:39:21.245 INFO [main] org.apache.catalina.core.AprLifecycleListener.lifecycleEvent Cargada la biblioteca nativa APR de Apache Tomcat [1.3.1] con la versión APR [1.7.4].
25-Oct-2024 21:39:21.246 INFO [main] org.apache.catalina.core.AprLifecycleListener.lifecycleEvent Capacidades APR: IPv6 [true], enviar fichero [true], aceptar filtros [false], aleatorio [true], UDS [true].
25-Oct-2024 21:39:21.246 INFO [main] org.apache.catalina.core.AprLifecycleListener.lifecycleEvent APR/OpenSSL configuration: useAprConnector [false], useOpenSSL [true]
25-Oct-2024 21:39:21.290 INFO [main] org.apache.catalina.core.AprLifecycleListener.initializeSSL OpenSSL inicializado correctamente [OpenSSL 3.0.14 4 Jun 2024]
25-Oct-2024 21:39:21.861 INFO [main] org.apache.coyote.AbstractProtocol.init Inicializando el manejador de protocolo ["http-nio-8080"]

25-Oct-2024 21:39:21.898 INFO [main] org.apache.catalina.startup.Catalina.load Server initialization in [1179] milliseconds
25-Oct-2024 21:39:21.987 INFO [main] org.apache.catalina.core.StandardService.startInternal Arrancando servicio [Catalina]
25-Oct-2024 21:39:21.987 INFO [main] org.apache.catalina.core.StandardEngine.startInternal Starting Servlet engine: [Apache Tomcat/9.0.93]
25-Oct-2024 21:39:22.004 INFO [main] org.apache.catalina.startup.HostConfig.deployDescriptor Desplieque del descriptor de configuración [C:\Proyecto-3s\T03_BodegaLaEsquinita_P\conf\Catalina\localhost\T03_BodegaLaEsquinita_P.xml]
25-Oct-2024 21:39:23.331 INFO [main] org.apache.jasper.servlet.TldScanner.scanJars Al menos un JAR, que se ha explorado buscando TLDs, aún no contenía TLDs. Activar historial de depuración para este historiador para una completa lista de los JARs que fueron explorados y de los que nos se halló TLDs. Saltarse JARs no necesarios durante la exploración puede dar lugar a una mejora de tiempo significativa en el arranque y compilación de JSP .
25-Oct-2024 21:39:23.535 INFO [main] org.apache.catalina.startup.HostConfig.deployDescriptor Deployment of deployment descriptor [C:\Proyecto-3s\T03_BodegaLaEsquinita_P\conf\Catalina\localhost\T03_BodegaLaEsquinita_P.xml] has finished in [1.527] ms
25-Oct-2024 21:39:23.543 INFO [main] org.apache.coyote.AbstractProtocol.start Starting ProtocolHandler ["http-nio-8080"]
25-Oct-2024 21:39:23.606 INFO [main] org.apache.catalina.startup.Catalina.start Server startup in [1707] milliseconds
25-Oct-2024 21:47:51.635 INFO [Thread-1] org.apache.coyote.AbstractProtocol.pause Pausing ProtocolHandler ["http-nio-8080"]
25-Oct-2024 21:47:52.256 INFO [Thread-1] org.apache.catalina.core.StandardService.stopInternal Parando servicio [Catalina]
25-Oct-2024 21:47:52.585 WARNING [Thread-1] org.apache.catalina.loader.WebappClassLoaderBase.clearReferencesJdbc La aplicación web [T03_BodegaLaEsquinita_P] registró el conductor JDBC [com.microsoft.sqlserver.jdbc.SQLServerDriver] pero falló al anular el registro mientras la aplicación web estaba parada. Para prevenir un fallo de memoria, se ha anulado el registro del conductor JDBC por la fuerza.
25-Oct-2024 21:47:52.692 INFO [Thread-1] org.apache.coyote.AbstractProtocol.stop Stopping ProtocolHandler ["http-nio-8080"]
25-Oct-2024 21:47:52.732 INFO [Thread-1] org.apache.coyote.AbstractProtocol.destroy Destroying ProtocolHandler ["http-nio-8080"]
25-Oct-2024 21:48:11.284 INFO [main] org.apache.catalina.startup.VersionLoggerListener.log Nombre de la versión del servidor: Apache Tomcat/9.0.93
25-Oct-2024 21:48:11.294 INFO [main] org.apache.catalina.startup.VersionLoggerListener.log Server built:                      Aug 2 2024 21:24:59 UTC
25-Oct-2024 21:48:11.294 INFO [main] org.apache.catalina.startup.VersionLoggerListener.log Número de versión de servidor:     9.0.93.0
25-Oct-2024 21:48:11.294 INFO [main] org.apache.catalina.startup.VersionLoggerListener.log OS Name:                           Windows 11
25-Oct-2024 21:48:11.294 INFO [main] org.apache.catalina.startup.VersionLoggerListener.log Versión de Systema Operativo:      10.0
25-Oct-2024 21:48:11.294 INFO [main] org.apache.catalina.startup.VersionLoggerListener.log Arquitectura:                      amd64
25-Oct-2024 21:48:11.294 INFO [main] org.apache.catalina.startup.VersionLoggerListener.log Java Home:                         C:\Program Files\Java\jdk-17
25-Oct-2024 21:48:11.294 INFO [main] org.apache.catalina.startup.VersionLoggerListener.log JVM Version:                       17.0.10+11-LTS-240
25-Oct-2024 21:48:11.294 INFO [main] org.apache.catalina.startup.VersionLoggerListener.log Vededor JVM:                       Oracle Corporation
25-Oct-2024 21:48:11.294 INFO [main] org.apache.catalina.startup.VersionLoggerListener.log CATALINA_BASE:                     C:\Proyecto-3s\T03_BodegaLaEsquinita_P
25-Oct-2024 21:48:11.294 INFO [main] org.apache.catalina.startup.VersionLoggerListener.log CATALINA_HOME:                     C:\ValleGrande\IntelliJ\apache-tomcat-9.0.93
25-Oct-2024 21:48:11.316 INFO [main] org.apache.catalina.startup.VersionLoggerListener.log Command line argument:             --add-opens=java.base/java.lang=ALL-UNNAMED
25-Oct-2024 21:48:11.316 INFO [main] org.apache.catalina.startup.VersionLoggerListener.log Command line argument:             --add-opens=java.base/java.io=ALL-UNNAMED
25-Oct-2024 21:48:11.316 INFO [main] org.apache.catalina.startup.VersionLoggerListener.log Command line argument:             --add-opens=java.base/java.util=ALL-UNNAMED
25-Oct-2024 21:48:11.316 INFO [main] org.apache.catalina.startup.VersionLoggerListener.log Command line argument:             --add-opens=java.base/java.util.concurrent=ALL-UNNAMED
25-Oct-2024 21:48:11.316 INFO [main] org.apache.catalina.startup.VersionLoggerListener.log Command line argument:             --add-opens=java.rmi/sun.rmi.transport=ALL-UNNAMED
25-Oct-2024 21:48:11.318 INFO [main] org.apache.catalina.startup.VersionLoggerListener.log Command line argument:             -Dcatalina.home=C:\..\ValleGrande\IntelliJ\apache-tomcat-9.0.93
25-Oct-2024 21:48:11.318 INFO [main] org.apache.catalina.startup.VersionLoggerListener.log Command line argument:             -Dcatalina.base=C:\Proyecto-3s\T03_BodegaLaEsquinita_P
25-Oct-2024 21:48:11.318 INFO [main] org.apache.catalina.startup.VersionLoggerListener.log Command line argument:             -Djava.io.tmpdir=C:\Proyecto-3s\T03_BodegaLaEsquinita_P\temp
25-Oct-2024 21:48:11.318 INFO [main] org.apache.catalina.startup.VersionLoggerListener.log Command line argument:             -Djava.util.logging.config.file=C:\Proyecto-3s\T03_BodegaLaEsquinita_P\conf\logging.properties
25-Oct-2024 21:48:11.318 INFO [main] org.apache.catalina.startup.VersionLoggerListener.log Command line argument:             -Djava.util.logging.manager=org.apache.juli.ClassLoaderLogManager
25-Oct-2024 21:48:11.318 INFO [main] org.apache.catalina.startup.VersionLoggerListener.log Command line argument:             -javaagent:C:\Program Files\JetBrains\IntelliJ IDEA 2024.2.1\lib\idea_rt.jar=51920:C:\Program Files\JetBrains\IntelliJ IDEA 2024.2.1\bin
25-Oct-2024 21:48:11.318 INFO [main] org.apache.catalina.startup.VersionLoggerListener.log Command line argument:             -Dfile.encoding=UTF-8
25-Oct-2024 21:48:11.332 INFO [main] org.apache.catalina.core.AprLifecycleListener.lifecycleEvent Cargada la biblioteca nativa APR de Apache Tomcat [1.3.1] con la versión APR [1.7.4].
25-Oct-2024 21:48:11.332 INFO [main] org.apache.catalina.core.AprLifecycleListener.lifecycleEvent Capacidades APR: IPv6 [true], enviar fichero [true], aceptar filtros [false], aleatorio [true], UDS [true].
25-Oct-2024 21:48:11.332 INFO [main] org.apache.catalina.core.AprLifecycleListener.lifecycleEvent APR/OpenSSL configuration: useAprConnector [false], useOpenSSL [true]
25-Oct-2024 21:48:11.362 INFO [main] org.apache.catalina.core.AprLifecycleListener.initializeSSL OpenSSL inicializado correctamente [OpenSSL 3.0.14 4 Jun 2024]
25-Oct-2024 21:48:11.853 INFO [main] org.apache.coyote.AbstractProtocol.init Inicializando el manejador de protocolo ["http-nio-8080"]

25-Oct-2024 21:48:11.896 INFO [main] org.apache.catalina.startup.Catalina.load Server initialization in [1134] milliseconds
25-Oct-2024 21:48:12.012 INFO [main] org.apache.catalina.core.StandardService.startInternal Arrancando servicio [Catalina]
25-Oct-2024 21:48:12.012 INFO [main] org.apache.catalina.core.StandardEngine.startInternal Starting Servlet engine: [Apache Tomcat/9.0.93]
25-Oct-2024 21:48:12.032 INFO [main] org.apache.catalina.startup.HostConfig.deployDescriptor Desplieque del descriptor de configuración [C:\Proyecto-3s\T03_BodegaLaEsquinita_P\conf\Catalina\localhost\T03_BodegaLaEsquinita_P.xml]
25-Oct-2024 21:48:13.622 INFO [main] org.apache.jasper.servlet.TldScanner.scanJars Al menos un JAR, que se ha explorado buscando TLDs, aún no contenía TLDs. Activar historial de depuración para este historiador para una completa lista de los JARs que fueron explorados y de los que nos se halló TLDs. Saltarse JARs no necesarios durante la exploración puede dar lugar a una mejora de tiempo significativa en el arranque y compilación de JSP .
25-Oct-2024 21:48:14.086 INFO [main] org.apache.catalina.startup.HostConfig.deployDescriptor Deployment of deployment descriptor [C:\Proyecto-3s\T03_BodegaLaEsquinita_P\conf\Catalina\localhost\T03_BodegaLaEsquinita_P.xml] has finished in [2.017] ms
25-Oct-2024 21:48:14.094 INFO [main] org.apache.coyote.AbstractProtocol.start Starting ProtocolHandler ["http-nio-8080"]
25-Oct-2024 21:48:14.233 INFO [main] org.apache.catalina.startup.Catalina.start Server startup in [2333] milliseconds
25-Oct-2024 21:59:43.896 INFO [Thread-1] org.apache.coyote.AbstractProtocol.pause Pausing ProtocolHandler ["http-nio-8080"]
25-Oct-2024 21:59:44.344 INFO [Thread-1] org.apache.catalina.core.StandardService.stopInternal Parando servicio [Catalina]
25-Oct-2024 21:59:44.611 WARNING [Thread-1] org.apache.catalina.loader.WebappClassLoaderBase.clearReferencesJdbc La aplicación web [T03_BodegaLaEsquinita_P] registró el conductor JDBC [com.microsoft.sqlserver.jdbc.SQLServerDriver] pero falló al anular el registro mientras la aplicación web estaba parada. Para prevenir un fallo de memoria, se ha anulado el registro del conductor JDBC por la fuerza.
25-Oct-2024 21:59:44.691 INFO [Thread-1] org.apache.coyote.AbstractProtocol.stop Stopping ProtocolHandler ["http-nio-8080"]
25-Oct-2024 21:59:44.720 INFO [Thread-1] org.apache.coyote.AbstractProtocol.destroy Destroying ProtocolHandler ["http-nio-8080"]
25-Oct-2024 21:59:59.693 INFO [main] org.apache.catalina.startup.VersionLoggerListener.log Nombre de la versión del servidor: Apache Tomcat/9.0.93
25-Oct-2024 21:59:59.702 INFO [main] org.apache.catalina.startup.VersionLoggerListener.log Server built:                      Aug 2 2024 21:24:59 UTC
25-Oct-2024 21:59:59.702 INFO [main] org.apache.catalina.startup.VersionLoggerListener.log Número de versión de servidor:     9.0.93.0
25-Oct-2024 21:59:59.702 INFO [main] org.apache.catalina.startup.VersionLoggerListener.log OS Name:                           Windows 11
25-Oct-2024 21:59:59.703 INFO [main] org.apache.catalina.startup.VersionLoggerListener.log Versión de Systema Operativo:      10.0
25-Oct-2024 21:59:59.703 INFO [main] org.apache.catalina.startup.VersionLoggerListener.log Arquitectura:                      amd64
25-Oct-2024 21:59:59.703 INFO [main] org.apache.catalina.startup.VersionLoggerListener.log Java Home:                         C:\Program Files\Java\jdk-17
25-Oct-2024 21:59:59.703 INFO [main] org.apache.catalina.startup.VersionLoggerListener.log JVM Version:                       17.0.10+11-LTS-240
25-Oct-2024 21:59:59.703 INFO [main] org.apache.catalina.startup.VersionLoggerListener.log Vededor JVM:                       Oracle Corporation
25-Oct-2024 21:59:59.703 INFO [main] org.apache.catalina.startup.VersionLoggerListener.log CATALINA_BASE:                     C:\Proyecto-3s\T03_BodegaLaEsquinita_P
25-Oct-2024 21:59:59.704 INFO [main] org.apache.catalina.startup.VersionLoggerListener.log CATALINA_HOME:                     C:\ValleGrande\IntelliJ\apache-tomcat-9.0.93
25-Oct-2024 21:59:59.724 INFO [main] org.apache.catalina.startup.VersionLoggerListener.log Command line argument:             --add-opens=java.base/java.lang=ALL-UNNAMED
25-Oct-2024 21:59:59.725 INFO [main] org.apache.catalina.startup.VersionLoggerListener.log Command line argument:             --add-opens=java.base/java.io=ALL-UNNAMED
25-Oct-2024 21:59:59.725 INFO [main] org.apache.catalina.startup.VersionLoggerListener.log Command line argument:             --add-opens=java.base/java.util=ALL-UNNAMED
25-Oct-2024 21:59:59.725 INFO [main] org.apache.catalina.startup.VersionLoggerListener.log Command line argument:             --add-opens=java.base/java.util.concurrent=ALL-UNNAMED
25-Oct-2024 21:59:59.726 INFO [main] org.apache.catalina.startup.VersionLoggerListener.log Command line argument:             --add-opens=java.rmi/sun.rmi.transport=ALL-UNNAMED
25-Oct-2024 21:59:59.726 INFO [main] org.apache.catalina.startup.VersionLoggerListener.log Command line argument:             -Dcatalina.home=C:\..\ValleGrande\IntelliJ\apache-tomcat-9.0.93
25-Oct-2024 21:59:59.726 INFO [main] org.apache.catalina.startup.VersionLoggerListener.log Command line argument:             -Dcatalina.base=C:\Proyecto-3s\T03_BodegaLaEsquinita_P
25-Oct-2024 21:59:59.727 INFO [main] org.apache.catalina.startup.VersionLoggerListener.log Command line argument:             -Djava.io.tmpdir=C:\Proyecto-3s\T03_BodegaLaEsquinita_P\temp
25-Oct-2024 21:59:59.727 INFO [main] org.apache.catalina.startup.VersionLoggerListener.log Command line argument:             -Djava.util.logging.config.file=C:\Proyecto-3s\T03_BodegaLaEsquinita_P\conf\logging.properties
25-Oct-2024 21:59:59.727 INFO [main] org.apache.catalina.startup.VersionLoggerListener.log Command line argument:             -Djava.util.logging.manager=org.apache.juli.ClassLoaderLogManager
25-Oct-2024 21:59:59.727 INFO [main] org.apache.catalina.startup.VersionLoggerListener.log Command line argument:             -javaagent:C:\Program Files\JetBrains\IntelliJ IDEA 2024.2.1\lib\idea_rt.jar=52077:C:\Program Files\JetBrains\IntelliJ IDEA 2024.2.1\bin
25-Oct-2024 21:59:59.727 INFO [main] org.apache.catalina.startup.VersionLoggerListener.log Command line argument:             -Dfile.encoding=UTF-8
25-Oct-2024 21:59:59.740 INFO [main] org.apache.catalina.core.AprLifecycleListener.lifecycleEvent Cargada la biblioteca nativa APR de Apache Tomcat [1.3.1] con la versión APR [1.7.4].
25-Oct-2024 21:59:59.740 INFO [main] org.apache.catalina.core.AprLifecycleListener.lifecycleEvent Capacidades APR: IPv6 [true], enviar fichero [true], aceptar filtros [false], aleatorio [true], UDS [true].
25-Oct-2024 21:59:59.740 INFO [main] org.apache.catalina.core.AprLifecycleListener.lifecycleEvent APR/OpenSSL configuration: useAprConnector [false], useOpenSSL [true]
25-Oct-2024 21:59:59.786 INFO [main] org.apache.catalina.core.AprLifecycleListener.initializeSSL OpenSSL inicializado correctamente [OpenSSL 3.0.14 4 Jun 2024]
25-Oct-2024 22:00:00.387 INFO [main] org.apache.coyote.AbstractProtocol.init Inicializando el manejador de protocolo ["http-nio-8080"]

25-Oct-2024 22:00:00.438 INFO [main] org.apache.catalina.startup.Catalina.load Server initialization in [1268] milliseconds
25-Oct-2024 22:00:00.612 INFO [main] org.apache.catalina.core.StandardService.startInternal Arrancando servicio [Catalina]
25-Oct-2024 22:00:00.612 INFO [main] org.apache.catalina.core.StandardEngine.startInternal Starting Servlet engine: [Apache Tomcat/9.0.93]
25-Oct-2024 22:00:00.632 INFO [main] org.apache.catalina.startup.HostConfig.deployDescriptor Desplieque del descriptor de configuración [C:\Proyecto-3s\T03_BodegaLaEsquinita_P\conf\Catalina\localhost\T03_BodegaLaEsquinita_P.xml]
25-Oct-2024 22:00:01.847 INFO [main] org.apache.jasper.servlet.TldScanner.scanJars Al menos un JAR, que se ha explorado buscando TLDs, aún no contenía TLDs. Activar historial de depuración para este historiador para una completa lista de los JARs que fueron explorados y de los que nos se halló TLDs. Saltarse JARs no necesarios durante la exploración puede dar lugar a una mejora de tiempo significativa en el arranque y compilación de JSP .
25-Oct-2024 22:00:02.047 INFO [main] org.apache.catalina.startup.HostConfig.deployDescriptor Deployment of deployment descriptor [C:\Proyecto-3s\T03_BodegaLaEsquinita_P\conf\Catalina\localhost\T03_BodegaLaEsquinita_P.xml] has finished in [1.410] ms
25-Oct-2024 22:00:02.054 INFO [main] org.apache.coyote.AbstractProtocol.start Starting ProtocolHandler ["http-nio-8080"]
25-Oct-2024 22:00:02.130 INFO [main] org.apache.catalina.startup.Catalina.start Server startup in [1690] milliseconds
25-Oct-2024 22:00:17.264 INFO [Thread-1] org.apache.coyote.AbstractProtocol.pause Pausing ProtocolHandler ["http-nio-8080"]
25-Oct-2024 22:00:17.584 INFO [Thread-1] org.apache.catalina.core.StandardService.stopInternal Parando servicio [Catalina]
25-Oct-2024 22:00:17.596 WARNING [Thread-1] org.apache.catalina.loader.WebappClassLoaderBase.clearReferencesJdbc La aplicación web [T03_BodegaLaEsquinita_P] registró el conductor JDBC [com.microsoft.sqlserver.jdbc.SQLServerDriver] pero falló al anular el registro mientras la aplicación web estaba parada. Para prevenir un fallo de memoria, se ha anulado el registro del conductor JDBC por la fuerza.
25-Oct-2024 22:00:17.602 INFO [Thread-1] org.apache.coyote.AbstractProtocol.stop Stopping ProtocolHandler ["http-nio-8080"]
25-Oct-2024 22:00:17.613 INFO [Thread-1] org.apache.coyote.AbstractProtocol.destroy Destroying ProtocolHandler ["http-nio-8080"]
25-Oct-2024 22:00:22.345 INFO [main] org.apache.catalina.startup.VersionLoggerListener.log Nombre de la versión del servidor: Apache Tomcat/9.0.93
25-Oct-2024 22:00:22.354 INFO [main] org.apache.catalina.startup.VersionLoggerListener.log Server built:                      Aug 2 2024 21:24:59 UTC
25-Oct-2024 22:00:22.356 INFO [main] org.apache.catalina.startup.VersionLoggerListener.log Número de versión de servidor:     9.0.93.0
25-Oct-2024 22:00:22.356 INFO [main] org.apache.catalina.startup.VersionLoggerListener.log OS Name:                           Windows 11
25-Oct-2024 22:00:22.356 INFO [main] org.apache.catalina.startup.VersionLoggerListener.log Versión de Systema Operativo:      10.0
25-Oct-2024 22:00:22.357 INFO [main] org.apache.catalina.startup.VersionLoggerListener.log Arquitectura:                      amd64
25-Oct-2024 22:00:22.357 INFO [main] org.apache.catalina.startup.VersionLoggerListener.log Java Home:                         C:\Program Files\Java\jdk-17
25-Oct-2024 22:00:22.358 INFO [main] org.apache.catalina.startup.VersionLoggerListener.log JVM Version:                       17.0.10+11-LTS-240
25-Oct-2024 22:00:22.358 INFO [main] org.apache.catalina.startup.VersionLoggerListener.log Vededor JVM:                       Oracle Corporation
25-Oct-2024 22:00:22.358 INFO [main] org.apache.catalina.startup.VersionLoggerListener.log CATALINA_BASE:                     C:\Proyecto-3s\T03_BodegaLaEsquinita_P
25-Oct-2024 22:00:22.358 INFO [main] org.apache.catalina.startup.VersionLoggerListener.log CATALINA_HOME:                     C:\ValleGrande\IntelliJ\apache-tomcat-9.0.93
25-Oct-2024 22:00:22.388 INFO [main] org.apache.catalina.startup.VersionLoggerListener.log Command line argument:             --add-opens=java.base/java.lang=ALL-UNNAMED
25-Oct-2024 22:00:22.389 INFO [main] org.apache.catalina.startup.VersionLoggerListener.log Command line argument:             --add-opens=java.base/java.io=ALL-UNNAMED
25-Oct-2024 22:00:22.390 INFO [main] org.apache.catalina.startup.VersionLoggerListener.log Command line argument:             --add-opens=java.base/java.util=ALL-UNNAMED
25-Oct-2024 22:00:22.390 INFO [main] org.apache.catalina.startup.VersionLoggerListener.log Command line argument:             --add-opens=java.base/java.util.concurrent=ALL-UNNAMED
25-Oct-2024 22:00:22.390 INFO [main] org.apache.catalina.startup.VersionLoggerListener.log Command line argument:             --add-opens=java.rmi/sun.rmi.transport=ALL-UNNAMED
25-Oct-2024 22:00:22.391 INFO [main] org.apache.catalina.startup.VersionLoggerListener.log Command line argument:             -Dcatalina.home=C:\..\ValleGrande\IntelliJ\apache-tomcat-9.0.93
25-Oct-2024 22:00:22.391 INFO [main] org.apache.catalina.startup.VersionLoggerListener.log Command line argument:             -Dcatalina.base=C:\Proyecto-3s\T03_BodegaLaEsquinita_P
25-Oct-2024 22:00:22.391 INFO [main] org.apache.catalina.startup.VersionLoggerListener.log Command line argument:             -Djava.io.tmpdir=C:\Proyecto-3s\T03_BodegaLaEsquinita_P\temp
25-Oct-2024 22:00:22.391 INFO [main] org.apache.catalina.startup.VersionLoggerListener.log Command line argument:             -Djava.util.logging.config.file=C:\Proyecto-3s\T03_BodegaLaEsquinita_P\conf\logging.properties
25-Oct-2024 22:00:22.391 INFO [main] org.apache.catalina.startup.VersionLoggerListener.log Command line argument:             -Djava.util.logging.manager=org.apache.juli.ClassLoaderLogManager
25-Oct-2024 22:00:22.391 INFO [main] org.apache.catalina.startup.VersionLoggerListener.log Command line argument:             -javaagent:C:\Program Files\JetBrains\IntelliJ IDEA 2024.2.1\lib\idea_rt.jar=52097:C:\Program Files\JetBrains\IntelliJ IDEA 2024.2.1\bin
25-Oct-2024 22:00:22.392 INFO [main] org.apache.catalina.startup.VersionLoggerListener.log Command line argument:             -Dfile.encoding=UTF-8
25-Oct-2024 22:00:22.400 INFO [main] org.apache.catalina.core.AprLifecycleListener.lifecycleEvent Cargada la biblioteca nativa APR de Apache Tomcat [1.3.1] con la versión APR [1.7.4].
25-Oct-2024 22:00:22.401 INFO [main] org.apache.catalina.core.AprLifecycleListener.lifecycleEvent Capacidades APR: IPv6 [true], enviar fichero [true], aceptar filtros [false], aleatorio [true], UDS [true].
25-Oct-2024 22:00:22.402 INFO [main] org.apache.catalina.core.AprLifecycleListener.lifecycleEvent APR/OpenSSL configuration: useAprConnector [false], useOpenSSL [true]
25-Oct-2024 22:00:22.416 INFO [main] org.apache.catalina.core.AprLifecycleListener.initializeSSL OpenSSL inicializado correctamente [OpenSSL 3.0.14 4 Jun 2024]
25-Oct-2024 22:00:22.969 INFO [main] org.apache.coyote.AbstractProtocol.init Inicializando el manejador de protocolo ["http-nio-8080"]

25-Oct-2024 22:00:23.007 INFO [main] org.apache.catalina.startup.Catalina.load Server initialization in [1108] milliseconds
25-Oct-2024 22:00:23.105 INFO [main] org.apache.catalina.core.StandardService.startInternal Arrancando servicio [Catalina]
25-Oct-2024 22:00:23.106 INFO [main] org.apache.catalina.core.StandardEngine.startInternal Starting Servlet engine: [Apache Tomcat/9.0.93]
25-Oct-2024 22:00:23.127 INFO [main] org.apache.catalina.startup.HostConfig.deployDescriptor Desplieque del descriptor de configuración [C:\Proyecto-3s\T03_BodegaLaEsquinita_P\conf\Catalina\localhost\T03_BodegaLaEsquinita_P.xml]
25-Oct-2024 22:00:24.531 INFO [main] org.apache.jasper.servlet.TldScanner.scanJars Al menos un JAR, que se ha explorado buscando TLDs, aún no contenía TLDs. Activar historial de depuración para este historiador para una completa lista de los JARs que fueron explorados y de los que nos se halló TLDs. Saltarse JARs no necesarios durante la exploración puede dar lugar a una mejora de tiempo significativa en el arranque y compilación de JSP .
25-Oct-2024 22:00:24.728 INFO [main] org.apache.catalina.startup.HostConfig.deployDescriptor Deployment of deployment descriptor [C:\Proyecto-3s\T03_BodegaLaEsquinita_P\conf\Catalina\localhost\T03_BodegaLaEsquinita_P.xml] has finished in [1.598] ms
25-Oct-2024 22:00:24.737 INFO [main] org.apache.coyote.AbstractProtocol.start Starting ProtocolHandler ["http-nio-8080"]
25-Oct-2024 22:00:24.807 INFO [main] org.apache.catalina.startup.Catalina.start Server startup in [1799] milliseconds
25-Oct-2024 22:03:44.373 INFO [Thread-1] org.apache.coyote.AbstractProtocol.pause Pausing ProtocolHandler ["http-nio-8080"]
25-Oct-2024 22:03:44.903 INFO [Thread-1] org.apache.catalina.core.StandardService.stopInternal Parando servicio [Catalina]
25-Oct-2024 22:03:45.273 WARNING [Thread-1] org.apache.catalina.loader.WebappClassLoaderBase.clearReferencesJdbc La aplicación web [T03_BodegaLaEsquinita_P] registró el conductor JDBC [com.microsoft.sqlserver.jdbc.SQLServerDriver] pero falló al anular el registro mientras la aplicación web estaba parada. Para prevenir un fallo de memoria, se ha anulado el registro del conductor JDBC por la fuerza.
25-Oct-2024 22:03:45.374 INFO [Thread-1] org.apache.coyote.AbstractProtocol.stop Stopping ProtocolHandler ["http-nio-8080"]
25-Oct-2024 22:03:45.403 INFO [Thread-1] org.apache.coyote.AbstractProtocol.destroy Destroying ProtocolHandler ["http-nio-8080"]
25-Oct-2024 22:03:52.354 INFO [main] org.apache.catalina.startup.VersionLoggerListener.log Nombre de la versión del servidor: Apache Tomcat/9.0.93
25-Oct-2024 22:03:52.368 INFO [main] org.apache.catalina.startup.VersionLoggerListener.log Server built:                      Aug 2 2024 21:24:59 UTC
25-Oct-2024 22:03:52.369 INFO [main] org.apache.catalina.startup.VersionLoggerListener.log Número de versión de servidor:     9.0.93.0
25-Oct-2024 22:03:52.369 INFO [main] org.apache.catalina.startup.VersionLoggerListener.log OS Name:                           Windows 11
25-Oct-2024 22:03:52.370 INFO [main] org.apache.catalina.startup.VersionLoggerListener.log Versión de Systema Operativo:      10.0
25-Oct-2024 22:03:52.370 INFO [main] org.apache.catalina.startup.VersionLoggerListener.log Arquitectura:                      amd64
25-Oct-2024 22:03:52.371 INFO [main] org.apache.catalina.startup.VersionLoggerListener.log Java Home:                         C:\Program Files\Java\jdk-17
25-Oct-2024 22:03:52.371 INFO [main] org.apache.catalina.startup.VersionLoggerListener.log JVM Version:                       17.0.10+11-LTS-240
25-Oct-2024 22:03:52.371 INFO [main] org.apache.catalina.startup.VersionLoggerListener.log Vededor JVM:                       Oracle Corporation
25-Oct-2024 22:03:52.371 INFO [main] org.apache.catalina.startup.VersionLoggerListener.log CATALINA_BASE:                     C:\Proyecto-3s\T03_BodegaLaEsquinita_P
25-Oct-2024 22:03:52.372 INFO [main] org.apache.catalina.startup.VersionLoggerListener.log CATALINA_HOME:                     C:\ValleGrande\IntelliJ\apache-tomcat-9.0.93
25-Oct-2024 22:03:52.398 INFO [main] org.apache.catalina.startup.VersionLoggerListener.log Command line argument:             --add-opens=java.base/java.lang=ALL-UNNAMED
25-Oct-2024 22:03:52.400 INFO [main] org.apache.catalina.startup.VersionLoggerListener.log Command line argument:             --add-opens=java.base/java.io=ALL-UNNAMED
25-Oct-2024 22:03:52.400 INFO [main] org.apache.catalina.startup.VersionLoggerListener.log Command line argument:             --add-opens=java.base/java.util=ALL-UNNAMED
25-Oct-2024 22:03:52.400 INFO [main] org.apache.catalina.startup.VersionLoggerListener.log Command line argument:             --add-opens=java.base/java.util.concurrent=ALL-UNNAMED
25-Oct-2024 22:03:52.400 INFO [main] org.apache.catalina.startup.VersionLoggerListener.log Command line argument:             --add-opens=java.rmi/sun.rmi.transport=ALL-UNNAMED
25-Oct-2024 22:03:52.401 INFO [main] org.apache.catalina.startup.VersionLoggerListener.log Command line argument:             -Dcatalina.home=C:\..\ValleGrande\IntelliJ\apache-tomcat-9.0.93
25-Oct-2024 22:03:52.401 INFO [main] org.apache.catalina.startup.VersionLoggerListener.log Command line argument:             -Dcatalina.base=C:\Proyecto-3s\T03_BodegaLaEsquinita_P
25-Oct-2024 22:03:52.401 INFO [main] org.apache.catalina.startup.VersionLoggerListener.log Command line argument:             -Djava.io.tmpdir=C:\Proyecto-3s\T03_BodegaLaEsquinita_P\temp
25-Oct-2024 22:03:52.401 INFO [main] org.apache.catalina.startup.VersionLoggerListener.log Command line argument:             -Djava.util.logging.config.file=C:\Proyecto-3s\T03_BodegaLaEsquinita_P\conf\logging.properties
25-Oct-2024 22:03:52.402 INFO [main] org.apache.catalina.startup.VersionLoggerListener.log Command line argument:             -Djava.util.logging.manager=org.apache.juli.ClassLoaderLogManager
25-Oct-2024 22:03:52.402 INFO [main] org.apache.catalina.startup.VersionLoggerListener.log Command line argument:             -javaagent:C:\Program Files\JetBrains\IntelliJ IDEA 2024.2.1\lib\idea_rt.jar=52166:C:\Program Files\JetBrains\IntelliJ IDEA 2024.2.1\bin
25-Oct-2024 22:03:52.403 INFO [main] org.apache.catalina.startup.VersionLoggerListener.log Command line argument:             -Dfile.encoding=UTF-8
25-Oct-2024 22:03:52.417 INFO [main] org.apache.catalina.core.AprLifecycleListener.lifecycleEvent Cargada la biblioteca nativa APR de Apache Tomcat [1.3.1] con la versión APR [1.7.4].
25-Oct-2024 22:03:52.418 INFO [main] org.apache.catalina.core.AprLifecycleListener.lifecycleEvent Capacidades APR: IPv6 [true], enviar fichero [true], aceptar filtros [false], aleatorio [true], UDS [true].
25-Oct-2024 22:03:52.418 INFO [main] org.apache.catalina.core.AprLifecycleListener.lifecycleEvent APR/OpenSSL configuration: useAprConnector [false], useOpenSSL [true]
25-Oct-2024 22:03:52.456 INFO [main] org.apache.catalina.core.AprLifecycleListener.initializeSSL OpenSSL inicializado correctamente [OpenSSL 3.0.14 4 Jun 2024]
25-Oct-2024 22:03:53.083 INFO [main] org.apache.coyote.AbstractProtocol.init Inicializando el manejador de protocolo ["http-nio-8080"]

25-Oct-2024 22:03:53.120 INFO [main] org.apache.catalina.startup.Catalina.load Server initialization in [1290] milliseconds
25-Oct-2024 22:03:53.223 INFO [main] org.apache.catalina.core.StandardService.startInternal Arrancando servicio [Catalina]
25-Oct-2024 22:03:53.224 INFO [main] org.apache.catalina.core.StandardEngine.startInternal Starting Servlet engine: [Apache Tomcat/9.0.93]
25-Oct-2024 22:03:53.247 INFO [main] org.apache.catalina.startup.HostConfig.deployDescriptor Desplieque del descriptor de configuración [C:\Proyecto-3s\T03_BodegaLaEsquinita_P\conf\Catalina\localhost\T03_BodegaLaEsquinita_P.xml]
25-Oct-2024 22:03:55.369 INFO [main] org.apache.jasper.servlet.TldScanner.scanJars Al menos un JAR, que se ha explorado buscando TLDs, aún no contenía TLDs. Activar historial de depuración para este historiador para una completa lista de los JARs que fueron explorados y de los que nos se halló TLDs. Saltarse JARs no necesarios durante la exploración puede dar lugar a una mejora de tiempo significativa en el arranque y compilación de JSP .
25-Oct-2024 22:03:55.661 INFO [main] org.apache.catalina.startup.HostConfig.deployDescriptor Deployment of deployment descriptor [C:\Proyecto-3s\T03_BodegaLaEsquinita_P\conf\Catalina\localhost\T03_BodegaLaEsquinita_P.xml] has finished in [2.407] ms
25-Oct-2024 22:03:55.672 INFO [main] org.apache.coyote.AbstractProtocol.start Starting ProtocolHandler ["http-nio-8080"]
25-Oct-2024 22:03:55.778 INFO [main] org.apache.catalina.startup.Catalina.start Server startup in [2656] milliseconds
25-Oct-2024 22:04:14.472 INFO [Thread-1] org.apache.coyote.AbstractProtocol.pause Pausing ProtocolHandler ["http-nio-8080"]
25-Oct-2024 22:04:14.888 INFO [Thread-1] org.apache.catalina.core.StandardService.stopInternal Parando servicio [Catalina]
25-Oct-2024 22:04:14.902 WARNING [Thread-1] org.apache.catalina.loader.WebappClassLoaderBase.clearReferencesJdbc La aplicación web [T03_BodegaLaEsquinita_P] registró el conductor JDBC [com.microsoft.sqlserver.jdbc.SQLServerDriver] pero falló al anular el registro mientras la aplicación web estaba parada. Para prevenir un fallo de memoria, se ha anulado el registro del conductor JDBC por la fuerza.
25-Oct-2024 22:04:14.911 INFO [Thread-1] org.apache.coyote.AbstractProtocol.stop Stopping ProtocolHandler ["http-nio-8080"]
25-Oct-2024 22:04:14.925 INFO [Thread-1] org.apache.coyote.AbstractProtocol.destroy Destroying ProtocolHandler ["http-nio-8080"]
25-Oct-2024 22:04:20.263 INFO [main] org.apache.catalina.startup.VersionLoggerListener.log Nombre de la versión del servidor: Apache Tomcat/9.0.93
25-Oct-2024 22:04:20.276 INFO [main] org.apache.catalina.startup.VersionLoggerListener.log Server built:                      Aug 2 2024 21:24:59 UTC
25-Oct-2024 22:04:20.277 INFO [main] org.apache.catalina.startup.VersionLoggerListener.log Número de versión de servidor:     9.0.93.0
25-Oct-2024 22:04:20.279 INFO [main] org.apache.catalina.startup.VersionLoggerListener.log OS Name:                           Windows 11
25-Oct-2024 22:04:20.279 INFO [main] org.apache.catalina.startup.VersionLoggerListener.log Versión de Systema Operativo:      10.0
25-Oct-2024 22:04:20.279 INFO [main] org.apache.catalina.startup.VersionLoggerListener.log Arquitectura:                      amd64
25-Oct-2024 22:04:20.279 INFO [main] org.apache.catalina.startup.VersionLoggerListener.log Java Home:                         C:\Program Files\Java\jdk-17
25-Oct-2024 22:04:20.279 INFO [main] org.apache.catalina.startup.VersionLoggerListener.log JVM Version:                       17.0.10+11-LTS-240
25-Oct-2024 22:04:20.282 INFO [main] org.apache.catalina.startup.VersionLoggerListener.log Vededor JVM:                       Oracle Corporation
25-Oct-2024 22:04:20.282 INFO [main] org.apache.catalina.startup.VersionLoggerListener.log CATALINA_BASE:                     C:\Proyecto-3s\T03_BodegaLaEsquinita_P
25-Oct-2024 22:04:20.284 INFO [main] org.apache.catalina.startup.VersionLoggerListener.log CATALINA_HOME:                     C:\ValleGrande\IntelliJ\apache-tomcat-9.0.93
25-Oct-2024 22:04:20.317 INFO [main] org.apache.catalina.startup.VersionLoggerListener.log Command line argument:             --add-opens=java.base/java.lang=ALL-UNNAMED
25-Oct-2024 22:04:20.318 INFO [main] org.apache.catalina.startup.VersionLoggerListener.log Command line argument:             --add-opens=java.base/java.io=ALL-UNNAMED
25-Oct-2024 22:04:20.318 INFO [main] org.apache.catalina.startup.VersionLoggerListener.log Command line argument:             --add-opens=java.base/java.util=ALL-UNNAMED
25-Oct-2024 22:04:20.318 INFO [main] org.apache.catalina.startup.VersionLoggerListener.log Command line argument:             --add-opens=java.base/java.util.concurrent=ALL-UNNAMED
25-Oct-2024 22:04:20.318 INFO [main] org.apache.catalina.startup.VersionLoggerListener.log Command line argument:             --add-opens=java.rmi/sun.rmi.transport=ALL-UNNAMED
25-Oct-2024 22:04:20.318 INFO [main] org.apache.catalina.startup.VersionLoggerListener.log Command line argument:             -Dcatalina.home=C:\..\ValleGrande\IntelliJ\apache-tomcat-9.0.93
25-Oct-2024 22:04:20.318 INFO [main] org.apache.catalina.startup.VersionLoggerListener.log Command line argument:             -Dcatalina.base=C:\Proyecto-3s\T03_BodegaLaEsquinita_P
25-Oct-2024 22:04:20.320 INFO [main] org.apache.catalina.startup.VersionLoggerListener.log Command line argument:             -Djava.io.tmpdir=C:\Proyecto-3s\T03_BodegaLaEsquinita_P\temp
25-Oct-2024 22:04:20.320 INFO [main] org.apache.catalina.startup.VersionLoggerListener.log Command line argument:             -Djava.util.logging.config.file=C:\Proyecto-3s\T03_BodegaLaEsquinita_P\conf\logging.properties
25-Oct-2024 22:04:20.320 INFO [main] org.apache.catalina.startup.VersionLoggerListener.log Command line argument:             -Djava.util.logging.manager=org.apache.juli.ClassLoaderLogManager
25-Oct-2024 22:04:20.321 INFO [main] org.apache.catalina.startup.VersionLoggerListener.log Command line argument:             -javaagent:C:\Program Files\JetBrains\IntelliJ IDEA 2024.2.1\lib\idea_rt.jar=52181:C:\Program Files\JetBrains\IntelliJ IDEA 2024.2.1\bin
25-Oct-2024 22:04:20.321 INFO [main] org.apache.catalina.startup.VersionLoggerListener.log Command line argument:             -Dfile.encoding=UTF-8
25-Oct-2024 22:04:25.398 INFO [main] org.apache.catalina.core.AprLifecycleListener.lifecycleEvent Cargada la biblioteca nativa APR de Apache Tomcat [1.3.1] con la versión APR [1.7.4].
25-Oct-2024 22:04:25.398 INFO [main] org.apache.catalina.core.AprLifecycleListener.lifecycleEvent Capacidades APR: IPv6 [true], enviar fichero [true], aceptar filtros [false], aleatorio [true], UDS [true].
25-Oct-2024 22:04:25.398 INFO [main] org.apache.catalina.core.AprLifecycleListener.lifecycleEvent APR/OpenSSL configuration: useAprConnector [false], useOpenSSL [true]
25-Oct-2024 22:04:25.443 INFO [main] org.apache.catalina.core.AprLifecycleListener.initializeSSL OpenSSL inicializado correctamente [OpenSSL 3.0.14 4 Jun 2024]
25-Oct-2024 22:04:26.195 INFO [main] org.apache.coyote.AbstractProtocol.init Inicializando el manejador de protocolo ["http-nio-8080"]

25-Oct-2024 22:04:26.241 INFO [main] org.apache.catalina.startup.Catalina.load Server initialization in [6539] milliseconds
25-Oct-2024 22:04:26.360 INFO [main] org.apache.catalina.core.StandardService.startInternal Arrancando servicio [Catalina]
25-Oct-2024 22:04:26.360 INFO [main] org.apache.catalina.core.StandardEngine.startInternal Starting Servlet engine: [Apache Tomcat/9.0.93]
25-Oct-2024 22:04:26.387 INFO [main] org.apache.catalina.startup.HostConfig.deployDescriptor Desplieque del descriptor de configuración [C:\Proyecto-3s\T03_BodegaLaEsquinita_P\conf\Catalina\localhost\T03_BodegaLaEsquinita_P.xml]
25-Oct-2024 22:04:28.836 INFO [main] org.apache.jasper.servlet.TldScanner.scanJars Al menos un JAR, que se ha explorado buscando TLDs, aún no contenía TLDs. Activar historial de depuración para este historiador para una completa lista de los JARs que fueron explorados y de los que nos se halló TLDs. Saltarse JARs no necesarios durante la exploración puede dar lugar a una mejora de tiempo significativa en el arranque y compilación de JSP .
25-Oct-2024 22:04:29.185 WARNING [main] org.apache.catalina.util.SessionIdGeneratorBase.createSecureRandom Creation of SecureRandom instance for session ID generation using [SHA1PRNG] took [104] milliseconds.
25-Oct-2024 22:04:29.310 INFO [main] org.apache.catalina.startup.HostConfig.deployDescriptor Deployment of deployment descriptor [C:\Proyecto-3s\T03_BodegaLaEsquinita_P\conf\Catalina\localhost\T03_BodegaLaEsquinita_P.xml] has finished in [2.923] ms
25-Oct-2024 22:04:29.326 INFO [main] org.apache.coyote.AbstractProtocol.start Starting ProtocolHandler ["http-nio-8080"]
25-Oct-2024 22:04:29.531 INFO [main] org.apache.catalina.startup.Catalina.start Server startup in [3290] milliseconds
25-Oct-2024 22:05:59.530 INFO [Thread-1] org.apache.coyote.AbstractProtocol.pause Pausing ProtocolHandler ["http-nio-8080"]
25-Oct-2024 22:06:00.015 INFO [Thread-1] org.apache.catalina.core.StandardService.stopInternal Parando servicio [Catalina]
25-Oct-2024 22:06:00.202 WARNING [Thread-1] org.apache.catalina.loader.WebappClassLoaderBase.clearReferencesJdbc La aplicación web [T03_BodegaLaEsquinita_P] registró el conductor JDBC [com.microsoft.sqlserver.jdbc.SQLServerDriver] pero falló al anular el registro mientras la aplicación web estaba parada. Para prevenir un fallo de memoria, se ha anulado el registro del conductor JDBC por la fuerza.
25-Oct-2024 22:06:00.245 INFO [Thread-1] org.apache.coyote.AbstractProtocol.stop Stopping ProtocolHandler ["http-nio-8080"]
25-Oct-2024 22:06:00.267 INFO [Thread-1] org.apache.coyote.AbstractProtocol.destroy Destroying ProtocolHandler ["http-nio-8080"]
25-Oct-2024 22:06:09.750 INFO [main] org.apache.catalina.startup.VersionLoggerListener.log Nombre de la versión del servidor: Apache Tomcat/9.0.93
25-Oct-2024 22:06:09.758 INFO [main] org.apache.catalina.startup.VersionLoggerListener.log Server built:                      Aug 2 2024 21:24:59 UTC
25-Oct-2024 22:06:09.758 INFO [main] org.apache.catalina.startup.VersionLoggerListener.log Número de versión de servidor:     9.0.93.0
25-Oct-2024 22:06:09.758 INFO [main] org.apache.catalina.startup.VersionLoggerListener.log OS Name:                           Windows 11
25-Oct-2024 22:06:09.758 INFO [main] org.apache.catalina.startup.VersionLoggerListener.log Versión de Systema Operativo:      10.0
25-Oct-2024 22:06:09.758 INFO [main] org.apache.catalina.startup.VersionLoggerListener.log Arquitectura:                      amd64
25-Oct-2024 22:06:09.759 INFO [main] org.apache.catalina.startup.VersionLoggerListener.log Java Home:                         C:\Program Files\Java\jdk-17
25-Oct-2024 22:06:09.760 INFO [main] org.apache.catalina.startup.VersionLoggerListener.log JVM Version:                       17.0.10+11-LTS-240
25-Oct-2024 22:06:09.760 INFO [main] org.apache.catalina.startup.VersionLoggerListener.log Vededor JVM:                       Oracle Corporation
25-Oct-2024 22:06:09.760 INFO [main] org.apache.catalina.startup.VersionLoggerListener.log CATALINA_BASE:                     C:\Proyecto-3s\T03_BodegaLaEsquinita_P
25-Oct-2024 22:06:09.760 INFO [main] org.apache.catalina.startup.VersionLoggerListener.log CATALINA_HOME:                     C:\ValleGrande\IntelliJ\apache-tomcat-9.0.93
25-Oct-2024 22:06:09.777 INFO [main] org.apache.catalina.startup.VersionLoggerListener.log Command line argument:             --add-opens=java.base/java.lang=ALL-UNNAMED
25-Oct-2024 22:06:09.777 INFO [main] org.apache.catalina.startup.VersionLoggerListener.log Command line argument:             --add-opens=java.base/java.io=ALL-UNNAMED
25-Oct-2024 22:06:09.777 INFO [main] org.apache.catalina.startup.VersionLoggerListener.log Command line argument:             --add-opens=java.base/java.util=ALL-UNNAMED
25-Oct-2024 22:06:09.777 INFO [main] org.apache.catalina.startup.VersionLoggerListener.log Command line argument:             --add-opens=java.base/java.util.concurrent=ALL-UNNAMED
25-Oct-2024 22:06:09.777 INFO [main] org.apache.catalina.startup.VersionLoggerListener.log Command line argument:             --add-opens=java.rmi/sun.rmi.transport=ALL-UNNAMED
25-Oct-2024 22:06:09.778 INFO [main] org.apache.catalina.startup.VersionLoggerListener.log Command line argument:             -Dcatalina.home=C:\..\ValleGrande\IntelliJ\apache-tomcat-9.0.93
25-Oct-2024 22:06:09.778 INFO [main] org.apache.catalina.startup.VersionLoggerListener.log Command line argument:             -Dcatalina.base=C:\Proyecto-3s\T03_BodegaLaEsquinita_P
25-Oct-2024 22:06:09.778 INFO [main] org.apache.catalina.startup.VersionLoggerListener.log Command line argument:             -Djava.io.tmpdir=C:\Proyecto-3s\T03_BodegaLaEsquinita_P\temp
25-Oct-2024 22:06:09.778 INFO [main] org.apache.catalina.startup.VersionLoggerListener.log Command line argument:             -Djava.util.logging.config.file=C:\Proyecto-3s\T03_BodegaLaEsquinita_P\conf\logging.properties
25-Oct-2024 22:06:09.778 INFO [main] org.apache.catalina.startup.VersionLoggerListener.log Command line argument:             -Djava.util.logging.manager=org.apache.juli.ClassLoaderLogManager
25-Oct-2024 22:06:09.778 INFO [main] org.apache.catalina.startup.VersionLoggerListener.log Command line argument:             -javaagent:C:\Program Files\JetBrains\IntelliJ IDEA 2024.2.1\lib\idea_rt.jar=52250:C:\Program Files\JetBrains\IntelliJ IDEA 2024.2.1\bin
25-Oct-2024 22:06:09.778 INFO [main] org.apache.catalina.startup.VersionLoggerListener.log Command line argument:             -Dfile.encoding=UTF-8
25-Oct-2024 22:06:09.791 INFO [main] org.apache.catalina.core.AprLifecycleListener.lifecycleEvent Cargada la biblioteca nativa APR de Apache Tomcat [1.3.1] con la versión APR [1.7.4].
25-Oct-2024 22:06:09.791 INFO [main] org.apache.catalina.core.AprLifecycleListener.lifecycleEvent Capacidades APR: IPv6 [true], enviar fichero [true], aceptar filtros [false], aleatorio [true], UDS [true].
25-Oct-2024 22:06:09.791 INFO [main] org.apache.catalina.core.AprLifecycleListener.lifecycleEvent APR/OpenSSL configuration: useAprConnector [false], useOpenSSL [true]
25-Oct-2024 22:06:09.818 INFO [main] org.apache.catalina.core.AprLifecycleListener.initializeSSL OpenSSL inicializado correctamente [OpenSSL 3.0.14 4 Jun 2024]
25-Oct-2024 22:06:10.449 INFO [main] org.apache.coyote.AbstractProtocol.init Inicializando el manejador de protocolo ["http-nio-8080"]

25-Oct-2024 22:06:10.486 INFO [main] org.apache.catalina.startup.Catalina.load Server initialization in [1249] milliseconds
25-Oct-2024 22:06:10.595 INFO [main] org.apache.catalina.core.StandardService.startInternal Arrancando servicio [Catalina]
25-Oct-2024 22:06:10.596 INFO [main] org.apache.catalina.core.StandardEngine.startInternal Starting Servlet engine: [Apache Tomcat/9.0.93]
25-Oct-2024 22:06:10.615 INFO [main] org.apache.catalina.startup.HostConfig.deployDescriptor Desplieque del descriptor de configuración [C:\Proyecto-3s\T03_BodegaLaEsquinita_P\conf\Catalina\localhost\T03_BodegaLaEsquinita_P.xml]
25-Oct-2024 22:06:12.029 INFO [main] org.apache.jasper.servlet.TldScanner.scanJars Al menos un JAR, que se ha explorado buscando TLDs, aún no contenía TLDs. Activar historial de depuración para este historiador para una completa lista de los JARs que fueron explorados y de los que nos se halló TLDs. Saltarse JARs no necesarios durante la exploración puede dar lugar a una mejora de tiempo significativa en el arranque y compilación de JSP .
25-Oct-2024 22:06:12.230 INFO [main] org.apache.catalina.startup.HostConfig.deployDescriptor Deployment of deployment descriptor [C:\Proyecto-3s\T03_BodegaLaEsquinita_P\conf\Catalina\localhost\T03_BodegaLaEsquinita_P.xml] has finished in [1.611] ms
25-Oct-2024 22:06:12.239 INFO [main] org.apache.coyote.AbstractProtocol.start Starting ProtocolHandler ["http-nio-8080"]
25-Oct-2024 22:06:12.323 INFO [main] org.apache.catalina.startup.Catalina.start Server startup in [1835] milliseconds
25-Oct-2024 22:08:34.159 INFO [Thread-1] org.apache.coyote.AbstractProtocol.pause Pausing ProtocolHandler ["http-nio-8080"]
25-Oct-2024 22:08:34.533 INFO [Thread-1] org.apache.catalina.core.StandardService.stopInternal Parando servicio [Catalina]
25-Oct-2024 22:08:34.681 WARNING [Thread-1] org.apache.catalina.loader.WebappClassLoaderBase.clearReferencesJdbc La aplicación web [T03_BodegaLaEsquinita_P] registró el conductor JDBC [com.microsoft.sqlserver.jdbc.SQLServerDriver] pero falló al anular el registro mientras la aplicación web estaba parada. Para prevenir un fallo de memoria, se ha anulado el registro del conductor JDBC por la fuerza.
25-Oct-2024 22:08:34.745 INFO [Thread-1] org.apache.coyote.AbstractProtocol.stop Stopping ProtocolHandler ["http-nio-8080"]
25-Oct-2024 22:08:34.774 INFO [Thread-1] org.apache.coyote.AbstractProtocol.destroy Destroying ProtocolHandler ["http-nio-8080"]
25-Oct-2024 22:08:42.891 INFO [main] org.apache.catalina.startup.VersionLoggerListener.log Nombre de la versión del servidor: Apache Tomcat/9.0.93
25-Oct-2024 22:08:42.901 INFO [main] org.apache.catalina.startup.VersionLoggerListener.log Server built:                      Aug 2 2024 21:24:59 UTC
25-Oct-2024 22:08:42.902 INFO [main] org.apache.catalina.startup.VersionLoggerListener.log Número de versión de servidor:     9.0.93.0
25-Oct-2024 22:08:42.903 INFO [main] org.apache.catalina.startup.VersionLoggerListener.log OS Name:                           Windows 11
25-Oct-2024 22:08:42.903 INFO [main] org.apache.catalina.startup.VersionLoggerListener.log Versión de Systema Operativo:      10.0
25-Oct-2024 22:08:42.903 INFO [main] org.apache.catalina.startup.VersionLoggerListener.log Arquitectura:                      amd64
25-Oct-2024 22:08:42.904 INFO [main] org.apache.catalina.startup.VersionLoggerListener.log Java Home:                         C:\Program Files\Java\jdk-17
25-Oct-2024 22:08:42.904 INFO [main] org.apache.catalina.startup.VersionLoggerListener.log JVM Version:                       17.0.10+11-LTS-240
25-Oct-2024 22:08:42.904 INFO [main] org.apache.catalina.startup.VersionLoggerListener.log Vededor JVM:                       Oracle Corporation
25-Oct-2024 22:08:42.904 INFO [main] org.apache.catalina.startup.VersionLoggerListener.log CATALINA_BASE:                     C:\Proyecto-3s\T03_BodegaLaEsquinita_P
25-Oct-2024 22:08:42.905 INFO [main] org.apache.catalina.startup.VersionLoggerListener.log CATALINA_HOME:                     C:\ValleGrande\IntelliJ\apache-tomcat-9.0.93
25-Oct-2024 22:08:42.926 INFO [main] org.apache.catalina.startup.VersionLoggerListener.log Command line argument:             --add-opens=java.base/java.lang=ALL-UNNAMED
25-Oct-2024 22:08:42.926 INFO [main] org.apache.catalina.startup.VersionLoggerListener.log Command line argument:             --add-opens=java.base/java.io=ALL-UNNAMED
25-Oct-2024 22:08:42.927 INFO [main] org.apache.catalina.startup.VersionLoggerListener.log Command line argument:             --add-opens=java.base/java.util=ALL-UNNAMED
25-Oct-2024 22:08:42.927 INFO [main] org.apache.catalina.startup.VersionLoggerListener.log Command line argument:             --add-opens=java.base/java.util.concurrent=ALL-UNNAMED
25-Oct-2024 22:08:42.928 INFO [main] org.apache.catalina.startup.VersionLoggerListener.log Command line argument:             --add-opens=java.rmi/sun.rmi.transport=ALL-UNNAMED
25-Oct-2024 22:08:42.928 INFO [main] org.apache.catalina.startup.VersionLoggerListener.log Command line argument:             -Dcatalina.home=C:\..\ValleGrande\IntelliJ\apache-tomcat-9.0.93
25-Oct-2024 22:08:42.928 INFO [main] org.apache.catalina.startup.VersionLoggerListener.log Command line argument:             -Dcatalina.base=C:\Proyecto-3s\T03_BodegaLaEsquinita_P
25-Oct-2024 22:08:42.928 INFO [main] org.apache.catalina.startup.VersionLoggerListener.log Command line argument:             -Djava.io.tmpdir=C:\Proyecto-3s\T03_BodegaLaEsquinita_P\temp
25-Oct-2024 22:08:42.929 INFO [main] org.apache.catalina.startup.VersionLoggerListener.log Command line argument:             -Djava.util.logging.config.file=C:\Proyecto-3s\T03_BodegaLaEsquinita_P\conf\logging.properties
25-Oct-2024 22:08:42.929 INFO [main] org.apache.catalina.startup.VersionLoggerListener.log Command line argument:             -Djava.util.logging.manager=org.apache.juli.ClassLoaderLogManager
25-Oct-2024 22:08:42.929 INFO [main] org.apache.catalina.startup.VersionLoggerListener.log Command line argument:             -javaagent:C:\Program Files\JetBrains\IntelliJ IDEA 2024.2.1\lib\idea_rt.jar=52289:C:\Program Files\JetBrains\IntelliJ IDEA 2024.2.1\bin
25-Oct-2024 22:08:42.929 INFO [main] org.apache.catalina.startup.VersionLoggerListener.log Command line argument:             -Dfile.encoding=UTF-8
25-Oct-2024 22:08:42.944 INFO [main] org.apache.catalina.core.AprLifecycleListener.lifecycleEvent Cargada la biblioteca nativa APR de Apache Tomcat [1.3.1] con la versión APR [1.7.4].
25-Oct-2024 22:08:42.945 INFO [main] org.apache.catalina.core.AprLifecycleListener.lifecycleEvent Capacidades APR: IPv6 [true], enviar fichero [true], aceptar filtros [false], aleatorio [true], UDS [true].
25-Oct-2024 22:08:42.945 INFO [main] org.apache.catalina.core.AprLifecycleListener.lifecycleEvent APR/OpenSSL configuration: useAprConnector [false], useOpenSSL [true]
25-Oct-2024 22:08:42.984 INFO [main] org.apache.catalina.core.AprLifecycleListener.initializeSSL OpenSSL inicializado correctamente [OpenSSL 3.0.14 4 Jun 2024]
25-Oct-2024 22:08:43.556 INFO [main] org.apache.coyote.AbstractProtocol.init Inicializando el manejador de protocolo ["http-nio-8080"]

25-Oct-2024 22:08:43.601 INFO [main] org.apache.catalina.startup.Catalina.load Server initialization in [1243] milliseconds
25-Oct-2024 22:08:43.712 INFO [main] org.apache.catalina.core.StandardService.startInternal Arrancando servicio [Catalina]
25-Oct-2024 22:08:43.713 INFO [main] org.apache.catalina.core.StandardEngine.startInternal Starting Servlet engine: [Apache Tomcat/9.0.93]
25-Oct-2024 22:08:43.738 INFO [main] org.apache.catalina.startup.HostConfig.deployDescriptor Desplieque del descriptor de configuración [C:\Proyecto-3s\T03_BodegaLaEsquinita_P\conf\Catalina\localhost\T03_BodegaLaEsquinita_P.xml]
25-Oct-2024 22:08:45.550 INFO [main] org.apache.jasper.servlet.TldScanner.scanJars Al menos un JAR, que se ha explorado buscando TLDs, aún no contenía TLDs. Activar historial de depuración para este historiador para una completa lista de los JARs que fueron explorados y de los que nos se halló TLDs. Saltarse JARs no necesarios durante la exploración puede dar lugar a una mejora de tiempo significativa en el arranque y compilación de JSP .
25-Oct-2024 22:08:45.805 INFO [main] org.apache.catalina.startup.HostConfig.deployDescriptor Deployment of deployment descriptor [C:\Proyecto-3s\T03_BodegaLaEsquinita_P\conf\Catalina\localhost\T03_BodegaLaEsquinita_P.xml] has finished in [2.063] ms
25-Oct-2024 22:08:45.813 INFO [main] org.apache.coyote.AbstractProtocol.start Starting ProtocolHandler ["http-nio-8080"]
25-Oct-2024 22:08:45.881 INFO [main] org.apache.catalina.startup.Catalina.start Server startup in [2279] milliseconds
25-Oct-2024 22:11:07.929 INFO [Thread-1] org.apache.coyote.AbstractProtocol.pause Pausing ProtocolHandler ["http-nio-8080"]
25-Oct-2024 22:11:08.366 INFO [Thread-1] org.apache.catalina.core.StandardService.stopInternal Parando servicio [Catalina]
25-Oct-2024 22:11:08.494 WARNING [Thread-1] org.apache.catalina.loader.WebappClassLoaderBase.clearReferencesJdbc La aplicación web [T03_BodegaLaEsquinita_P] registró el conductor JDBC [com.microsoft.sqlserver.jdbc.SQLServerDriver] pero falló al anular el registro mientras la aplicación web estaba parada. Para prevenir un fallo de memoria, se ha anulado el registro del conductor JDBC por la fuerza.
25-Oct-2024 22:11:08.532 INFO [Thread-1] org.apache.coyote.AbstractProtocol.stop Stopping ProtocolHandler ["http-nio-8080"]
25-Oct-2024 22:11:08.563 INFO [Thread-1] org.apache.coyote.AbstractProtocol.destroy Destroying ProtocolHandler ["http-nio-8080"]
25-Oct-2024 22:11:15.713 INFO [main] org.apache.catalina.startup.VersionLoggerListener.log Nombre de la versión del servidor: Apache Tomcat/9.0.93
25-Oct-2024 22:11:15.721 INFO [main] org.apache.catalina.startup.VersionLoggerListener.log Server built:                      Aug 2 2024 21:24:59 UTC
25-Oct-2024 22:11:15.722 INFO [main] org.apache.catalina.startup.VersionLoggerListener.log Número de versión de servidor:     9.0.93.0
25-Oct-2024 22:11:15.722 INFO [main] org.apache.catalina.startup.VersionLoggerListener.log OS Name:                           Windows 11
25-Oct-2024 22:11:15.722 INFO [main] org.apache.catalina.startup.VersionLoggerListener.log Versión de Systema Operativo:      10.0
25-Oct-2024 22:11:15.723 INFO [main] org.apache.catalina.startup.VersionLoggerListener.log Arquitectura:                      amd64
25-Oct-2024 22:11:15.723 INFO [main] org.apache.catalina.startup.VersionLoggerListener.log Java Home:                         C:\Program Files\Java\jdk-17
25-Oct-2024 22:11:15.723 INFO [main] org.apache.catalina.startup.VersionLoggerListener.log JVM Version:                       17.0.10+11-LTS-240
25-Oct-2024 22:11:15.724 INFO [main] org.apache.catalina.startup.VersionLoggerListener.log Vededor JVM:                       Oracle Corporation
25-Oct-2024 22:11:15.724 INFO [main] org.apache.catalina.startup.VersionLoggerListener.log CATALINA_BASE:                     C:\Proyecto-3s\T03_BodegaLaEsquinita_P
25-Oct-2024 22:11:15.724 INFO [main] org.apache.catalina.startup.VersionLoggerListener.log CATALINA_HOME:                     C:\ValleGrande\IntelliJ\apache-tomcat-9.0.93
25-Oct-2024 22:11:15.742 INFO [main] org.apache.catalina.startup.VersionLoggerListener.log Command line argument:             --add-opens=java.base/java.lang=ALL-UNNAMED
25-Oct-2024 22:11:15.742 INFO [main] org.apache.catalina.startup.VersionLoggerListener.log Command line argument:             --add-opens=java.base/java.io=ALL-UNNAMED
25-Oct-2024 22:11:15.743 INFO [main] org.apache.catalina.startup.VersionLoggerListener.log Command line argument:             --add-opens=java.base/java.util=ALL-UNNAMED
25-Oct-2024 22:11:15.743 INFO [main] org.apache.catalina.startup.VersionLoggerListener.log Command line argument:             --add-opens=java.base/java.util.concurrent=ALL-UNNAMED
25-Oct-2024 22:11:15.743 INFO [main] org.apache.catalina.startup.VersionLoggerListener.log Command line argument:             --add-opens=java.rmi/sun.rmi.transport=ALL-UNNAMED
25-Oct-2024 22:11:15.743 INFO [main] org.apache.catalina.startup.VersionLoggerListener.log Command line argument:             -Dcatalina.home=C:\..\ValleGrande\IntelliJ\apache-tomcat-9.0.93
25-Oct-2024 22:11:15.743 INFO [main] org.apache.catalina.startup.VersionLoggerListener.log Command line argument:             -Dcatalina.base=C:\Proyecto-3s\T03_BodegaLaEsquinita_P
25-Oct-2024 22:11:15.744 INFO [main] org.apache.catalina.startup.VersionLoggerListener.log Command line argument:             -Djava.io.tmpdir=C:\Proyecto-3s\T03_BodegaLaEsquinita_P\temp
25-Oct-2024 22:11:15.744 INFO [main] org.apache.catalina.startup.VersionLoggerListener.log Command line argument:             -Djava.util.logging.config.file=C:\Proyecto-3s\T03_BodegaLaEsquinita_P\conf\logging.properties
25-Oct-2024 22:11:15.744 INFO [main] org.apache.catalina.startup.VersionLoggerListener.log Command line argument:             -Djava.util.logging.manager=org.apache.juli.ClassLoaderLogManager
25-Oct-2024 22:11:15.744 INFO [main] org.apache.catalina.startup.VersionLoggerListener.log Command line argument:             -javaagent:C:\Program Files\JetBrains\IntelliJ IDEA 2024.2.1\lib\idea_rt.jar=52329:C:\Program Files\JetBrains\IntelliJ IDEA 2024.2.1\bin
25-Oct-2024 22:11:15.744 INFO [main] org.apache.catalina.startup.VersionLoggerListener.log Command line argument:             -Dfile.encoding=UTF-8
25-Oct-2024 22:11:15.755 INFO [main] org.apache.catalina.core.AprLifecycleListener.lifecycleEvent Cargada la biblioteca nativa APR de Apache Tomcat [1.3.1] con la versión APR [1.7.4].
25-Oct-2024 22:11:15.757 INFO [main] org.apache.catalina.core.AprLifecycleListener.lifecycleEvent Capacidades APR: IPv6 [true], enviar fichero [true], aceptar filtros [false], aleatorio [true], UDS [true].
25-Oct-2024 22:11:15.757 INFO [main] org.apache.catalina.core.AprLifecycleListener.lifecycleEvent APR/OpenSSL configuration: useAprConnector [false], useOpenSSL [true]
25-Oct-2024 22:11:15.791 INFO [main] org.apache.catalina.core.AprLifecycleListener.initializeSSL OpenSSL inicializado correctamente [OpenSSL 3.0.14 4 Jun 2024]
25-Oct-2024 22:11:16.270 INFO [main] org.apache.coyote.AbstractProtocol.init Inicializando el manejador de protocolo ["http-nio-8080"]

25-Oct-2024 22:11:16.313 INFO [main] org.apache.catalina.startup.Catalina.load Server initialization in [1058] milliseconds
25-Oct-2024 22:11:16.402 INFO [main] org.apache.catalina.core.StandardService.startInternal Arrancando servicio [Catalina]
25-Oct-2024 22:11:16.402 INFO [main] org.apache.catalina.core.StandardEngine.startInternal Starting Servlet engine: [Apache Tomcat/9.0.93]
25-Oct-2024 22:11:16.417 INFO [main] org.apache.catalina.startup.HostConfig.deployDescriptor Desplieque del descriptor de configuración [C:\Proyecto-3s\T03_BodegaLaEsquinita_P\conf\Catalina\localhost\T03_BodegaLaEsquinita_P.xml]
25-Oct-2024 22:11:17.632 INFO [main] org.apache.jasper.servlet.TldScanner.scanJars Al menos un JAR, que se ha explorado buscando TLDs, aún no contenía TLDs. Activar historial de depuración para este historiador para una completa lista de los JARs que fueron explorados y de los que nos se halló TLDs. Saltarse JARs no necesarios durante la exploración puede dar lugar a una mejora de tiempo significativa en el arranque y compilación de JSP .
25-Oct-2024 22:11:17.818 INFO [main] org.apache.catalina.startup.HostConfig.deployDescriptor Deployment of deployment descriptor [C:\Proyecto-3s\T03_BodegaLaEsquinita_P\conf\Catalina\localhost\T03_BodegaLaEsquinita_P.xml] has finished in [1.397] ms
25-Oct-2024 22:11:17.995 INFO [main] org.apache.coyote.AbstractProtocol.start Starting ProtocolHandler ["http-nio-8080"]
25-Oct-2024 22:11:18.069 INFO [main] org.apache.catalina.startup.Catalina.start Server startup in [1755] milliseconds
25-Oct-2024 22:30:19.072 INFO [Thread-1] org.apache.coyote.AbstractProtocol.pause Pausing ProtocolHandler ["http-nio-8080"]
25-Oct-2024 22:30:19.544 INFO [Thread-1] org.apache.catalina.core.StandardService.stopInternal Parando servicio [Catalina]
25-Oct-2024 22:30:19.846 WARNING [Thread-1] org.apache.catalina.loader.WebappClassLoaderBase.clearReferencesJdbc La aplicación web [T03_BodegaLaEsquinita_P] registró el conductor JDBC [com.microsoft.sqlserver.jdbc.SQLServerDriver] pero falló al anular el registro mientras la aplicación web estaba parada. Para prevenir un fallo de memoria, se ha anulado el registro del conductor JDBC por la fuerza.
25-Oct-2024 22:30:19.959 INFO [Thread-1] org.apache.coyote.AbstractProtocol.stop Stopping ProtocolHandler ["http-nio-8080"]
25-Oct-2024 22:30:19.986 INFO [Thread-1] org.apache.coyote.AbstractProtocol.destroy Destroying ProtocolHandler ["http-nio-8080"]
25-Oct-2024 22:30:26.682 INFO [main] org.apache.catalina.startup.VersionLoggerListener.log Nombre de la versión del servidor: Apache Tomcat/9.0.93
25-Oct-2024 22:30:26.689 INFO [main] org.apache.catalina.startup.VersionLoggerListener.log Server built:                      Aug 2 2024 21:24:59 UTC
25-Oct-2024 22:30:26.689 INFO [main] org.apache.catalina.startup.VersionLoggerListener.log Número de versión de servidor:     9.0.93.0
25-Oct-2024 22:30:26.690 INFO [main] org.apache.catalina.startup.VersionLoggerListener.log OS Name:                           Windows 11
25-Oct-2024 22:30:26.690 INFO [main] org.apache.catalina.startup.VersionLoggerListener.log Versión de Systema Operativo:      10.0
25-Oct-2024 22:30:26.690 INFO [main] org.apache.catalina.startup.VersionLoggerListener.log Arquitectura:                      amd64
25-Oct-2024 22:30:26.690 INFO [main] org.apache.catalina.startup.VersionLoggerListener.log Java Home:                         C:\Program Files\Java\jdk-17
25-Oct-2024 22:30:26.692 INFO [main] org.apache.catalina.startup.VersionLoggerListener.log JVM Version:                       17.0.10+11-LTS-240
25-Oct-2024 22:30:26.692 INFO [main] org.apache.catalina.startup.VersionLoggerListener.log Vededor JVM:                       Oracle Corporation
25-Oct-2024 22:30:26.692 INFO [main] org.apache.catalina.startup.VersionLoggerListener.log CATALINA_BASE:                     C:\Proyecto-3s\T03_BodegaLaEsquinita_P
25-Oct-2024 22:30:26.692 INFO [main] org.apache.catalina.startup.VersionLoggerListener.log CATALINA_HOME:                     C:\ValleGrande\IntelliJ\apache-tomcat-9.0.93
25-Oct-2024 22:30:26.709 INFO [main] org.apache.catalina.startup.VersionLoggerListener.log Command line argument:             --add-opens=java.base/java.lang=ALL-UNNAMED
25-Oct-2024 22:30:26.710 INFO [main] org.apache.catalina.startup.VersionLoggerListener.log Command line argument:             --add-opens=java.base/java.io=ALL-UNNAMED
25-Oct-2024 22:30:26.710 INFO [main] org.apache.catalina.startup.VersionLoggerListener.log Command line argument:             --add-opens=java.base/java.util=ALL-UNNAMED
25-Oct-2024 22:30:26.710 INFO [main] org.apache.catalina.startup.VersionLoggerListener.log Command line argument:             --add-opens=java.base/java.util.concurrent=ALL-UNNAMED
25-Oct-2024 22:30:26.710 INFO [main] org.apache.catalina.startup.VersionLoggerListener.log Command line argument:             --add-opens=java.rmi/sun.rmi.transport=ALL-UNNAMED
25-Oct-2024 22:30:26.710 INFO [main] org.apache.catalina.startup.VersionLoggerListener.log Command line argument:             -Dcatalina.home=C:\..\ValleGrande\IntelliJ\apache-tomcat-9.0.93
25-Oct-2024 22:30:26.711 INFO [main] org.apache.catalina.startup.VersionLoggerListener.log Command line argument:             -Dcatalina.base=C:\Proyecto-3s\T03_BodegaLaEsquinita_P
25-Oct-2024 22:30:26.711 INFO [main] org.apache.catalina.startup.VersionLoggerListener.log Command line argument:             -Djava.io.tmpdir=C:\Proyecto-3s\T03_BodegaLaEsquinita_P\temp
25-Oct-2024 22:30:26.711 INFO [main] org.apache.catalina.startup.VersionLoggerListener.log Command line argument:             -Djava.util.logging.config.file=C:\Proyecto-3s\T03_BodegaLaEsquinita_P\conf\logging.properties
25-Oct-2024 22:30:26.711 INFO [main] org.apache.catalina.startup.VersionLoggerListener.log Command line argument:             -Djava.util.logging.manager=org.apache.juli.ClassLoaderLogManager
25-Oct-2024 22:30:26.711 INFO [main] org.apache.catalina.startup.VersionLoggerListener.log Command line argument:             -javaagent:C:\Program Files\JetBrains\IntelliJ IDEA 2024.2.1\lib\idea_rt.jar=52578:C:\Program Files\JetBrains\IntelliJ IDEA 2024.2.1\bin
25-Oct-2024 22:30:26.711 INFO [main] org.apache.catalina.startup.VersionLoggerListener.log Command line argument:             -Dfile.encoding=UTF-8
25-Oct-2024 22:30:26.722 INFO [main] org.apache.catalina.core.AprLifecycleListener.lifecycleEvent Cargada la biblioteca nativa APR de Apache Tomcat [1.3.1] con la versión APR [1.7.4].
25-Oct-2024 22:30:26.722 INFO [main] org.apache.catalina.core.AprLifecycleListener.lifecycleEvent Capacidades APR: IPv6 [true], enviar fichero [true], aceptar filtros [false], aleatorio [true], UDS [true].
25-Oct-2024 22:30:26.723 INFO [main] org.apache.catalina.core.AprLifecycleListener.lifecycleEvent APR/OpenSSL configuration: useAprConnector [false], useOpenSSL [true]
25-Oct-2024 22:30:26.754 INFO [main] org.apache.catalina.core.AprLifecycleListener.initializeSSL OpenSSL inicializado correctamente [OpenSSL 3.0.14 4 Jun 2024]
25-Oct-2024 22:30:27.270 INFO [main] org.apache.coyote.AbstractProtocol.init Inicializando el manejador de protocolo ["http-nio-8080"]

25-Oct-2024 22:30:27.310 INFO [main] org.apache.catalina.startup.Catalina.load Server initialization in [1051] milliseconds
25-Oct-2024 22:30:27.407 INFO [main] org.apache.catalina.core.StandardService.startInternal Arrancando servicio [Catalina]
25-Oct-2024 22:30:27.407 INFO [main] org.apache.catalina.core.StandardEngine.startInternal Starting Servlet engine: [Apache Tomcat/9.0.93]
25-Oct-2024 22:30:27.426 INFO [main] org.apache.catalina.startup.HostConfig.deployDescriptor Desplieque del descriptor de configuración [C:\Proyecto-3s\T03_BodegaLaEsquinita_P\conf\Catalina\localhost\T03_BodegaLaEsquinita_P.xml]
25-Oct-2024 22:30:28.796 INFO [main] org.apache.jasper.servlet.TldScanner.scanJars Al menos un JAR, que se ha explorado buscando TLDs, aún no contenía TLDs. Activar historial de depuración para este historiador para una completa lista de los JARs que fueron explorados y de los que nos se halló TLDs. Saltarse JARs no necesarios durante la exploración puede dar lugar a una mejora de tiempo significativa en el arranque y compilación de JSP .
25-Oct-2024 22:30:28.985 INFO [main] org.apache.catalina.startup.HostConfig.deployDescriptor Deployment of deployment descriptor [C:\Proyecto-3s\T03_BodegaLaEsquinita_P\conf\Catalina\localhost\T03_BodegaLaEsquinita_P.xml] has finished in [1.555] ms
25-Oct-2024 22:30:28.992 INFO [main] org.apache.coyote.AbstractProtocol.start Starting ProtocolHandler ["http-nio-8080"]
25-Oct-2024 22:30:29.061 INFO [main] org.apache.catalina.startup.Catalina.start Server startup in [1751] milliseconds
25-Oct-2024 22:37:39.002 INFO [Thread-1] org.apache.coyote.AbstractProtocol.pause Pausing ProtocolHandler ["http-nio-8080"]
25-Oct-2024 22:37:39.268 INFO [Thread-1] org.apache.catalina.core.StandardService.stopInternal Parando servicio [Catalina]
25-Oct-2024 22:37:39.376 WARNING [Thread-1] org.apache.catalina.loader.WebappClassLoaderBase.clearReferencesJdbc La aplicación web [T03_BodegaLaEsquinita_P] registró el conductor JDBC [com.microsoft.sqlserver.jdbc.SQLServerDriver] pero falló al anular el registro mientras la aplicación web estaba parada. Para prevenir un fallo de memoria, se ha anulado el registro del conductor JDBC por la fuerza.
25-Oct-2024 22:37:39.410 INFO [Thread-1] org.apache.coyote.AbstractProtocol.stop Stopping ProtocolHandler ["http-nio-8080"]
25-Oct-2024 22:37:39.427 INFO [Thread-1] org.apache.coyote.AbstractProtocol.destroy Destroying ProtocolHandler ["http-nio-8080"]
25-Oct-2024 22:37:52.054 INFO [main] org.apache.catalina.startup.VersionLoggerListener.log Nombre de la versión del servidor: Apache Tomcat/9.0.93
25-Oct-2024 22:37:52.066 INFO [main] org.apache.catalina.startup.VersionLoggerListener.log Server built:                      Aug 2 2024 21:24:59 UTC
25-Oct-2024 22:37:52.066 INFO [main] org.apache.catalina.startup.VersionLoggerListener.log Número de versión de servidor:     9.0.93.0
25-Oct-2024 22:37:52.067 INFO [main] org.apache.catalina.startup.VersionLoggerListener.log OS Name:                           Windows 11
25-Oct-2024 22:37:52.067 INFO [main] org.apache.catalina.startup.VersionLoggerListener.log Versión de Systema Operativo:      10.0
25-Oct-2024 22:37:52.067 INFO [main] org.apache.catalina.startup.VersionLoggerListener.log Arquitectura:                      amd64
25-Oct-2024 22:37:52.068 INFO [main] org.apache.catalina.startup.VersionLoggerListener.log Java Home:                         C:\Program Files\Java\jdk-17
25-Oct-2024 22:37:52.068 INFO [main] org.apache.catalina.startup.VersionLoggerListener.log JVM Version:                       17.0.10+11-LTS-240
25-Oct-2024 22:37:52.068 INFO [main] org.apache.catalina.startup.VersionLoggerListener.log Vededor JVM:                       Oracle Corporation
25-Oct-2024 22:37:52.068 INFO [main] org.apache.catalina.startup.VersionLoggerListener.log CATALINA_BASE:                     C:\Proyecto-3s\T03_BodegaLaEsquinita_P
25-Oct-2024 22:37:52.070 INFO [main] org.apache.catalina.startup.VersionLoggerListener.log CATALINA_HOME:                     C:\ValleGrande\IntelliJ\apache-tomcat-9.0.93
25-Oct-2024 22:37:52.108 INFO [main] org.apache.catalina.startup.VersionLoggerListener.log Command line argument:             --add-opens=java.base/java.lang=ALL-UNNAMED
25-Oct-2024 22:37:52.109 INFO [main] org.apache.catalina.startup.VersionLoggerListener.log Command line argument:             --add-opens=java.base/java.io=ALL-UNNAMED
25-Oct-2024 22:37:52.109 INFO [main] org.apache.catalina.startup.VersionLoggerListener.log Command line argument:             --add-opens=java.base/java.util=ALL-UNNAMED
25-Oct-2024 22:37:52.109 INFO [main] org.apache.catalina.startup.VersionLoggerListener.log Command line argument:             --add-opens=java.base/java.util.concurrent=ALL-UNNAMED
25-Oct-2024 22:37:52.109 INFO [main] org.apache.catalina.startup.VersionLoggerListener.log Command line argument:             --add-opens=java.rmi/sun.rmi.transport=ALL-UNNAMED
25-Oct-2024 22:37:52.109 INFO [main] org.apache.catalina.startup.VersionLoggerListener.log Command line argument:             -Dcatalina.home=C:\..\ValleGrande\IntelliJ\apache-tomcat-9.0.93
25-Oct-2024 22:37:52.109 INFO [main] org.apache.catalina.startup.VersionLoggerListener.log Command line argument:             -Dcatalina.base=C:\Proyecto-3s\T03_BodegaLaEsquinita_P
25-Oct-2024 22:37:52.109 INFO [main] org.apache.catalina.startup.VersionLoggerListener.log Command line argument:             -Djava.io.tmpdir=C:\Proyecto-3s\T03_BodegaLaEsquinita_P\temp
25-Oct-2024 22:37:52.109 INFO [main] org.apache.catalina.startup.VersionLoggerListener.log Command line argument:             -Djava.util.logging.config.file=C:\Proyecto-3s\T03_BodegaLaEsquinita_P\conf\logging.properties
25-Oct-2024 22:37:52.109 INFO [main] org.apache.catalina.startup.VersionLoggerListener.log Command line argument:             -Djava.util.logging.manager=org.apache.juli.ClassLoaderLogManager
25-Oct-2024 22:37:52.109 INFO [main] org.apache.catalina.startup.VersionLoggerListener.log Command line argument:             -javaagent:C:\Program Files\JetBrains\IntelliJ IDEA 2024.2.1\lib\idea_rt.jar=52726:C:\Program Files\JetBrains\IntelliJ IDEA 2024.2.1\bin
25-Oct-2024 22:37:52.110 INFO [main] org.apache.catalina.startup.VersionLoggerListener.log Command line argument:             -Dfile.encoding=UTF-8
25-Oct-2024 22:37:52.124 INFO [main] org.apache.catalina.core.AprLifecycleListener.lifecycleEvent Cargada la biblioteca nativa APR de Apache Tomcat [1.3.1] con la versión APR [1.7.4].
25-Oct-2024 22:37:52.125 INFO [main] org.apache.catalina.core.AprLifecycleListener.lifecycleEvent Capacidades APR: IPv6 [true], enviar fichero [true], aceptar filtros [false], aleatorio [true], UDS [true].
25-Oct-2024 22:37:52.125 INFO [main] org.apache.catalina.core.AprLifecycleListener.lifecycleEvent APR/OpenSSL configuration: useAprConnector [false], useOpenSSL [true]
25-Oct-2024 22:37:52.161 INFO [main] org.apache.catalina.core.AprLifecycleListener.initializeSSL OpenSSL inicializado correctamente [OpenSSL 3.0.14 4 Jun 2024]
25-Oct-2024 22:37:52.804 INFO [main] org.apache.coyote.AbstractProtocol.init Inicializando el manejador de protocolo ["http-nio-8080"]

25-Oct-2024 22:37:52.852 INFO [main] org.apache.catalina.startup.Catalina.load Server initialization in [1438] milliseconds
25-Oct-2024 22:37:52.978 INFO [main] org.apache.catalina.core.StandardService.startInternal Arrancando servicio [Catalina]
25-Oct-2024 22:37:52.979 INFO [main] org.apache.catalina.core.StandardEngine.startInternal Starting Servlet engine: [Apache Tomcat/9.0.93]
25-Oct-2024 22:37:53.008 INFO [main] org.apache.catalina.startup.HostConfig.deployDescriptor Desplieque del descriptor de configuración [C:\Proyecto-3s\T03_BodegaLaEsquinita_P\conf\Catalina\localhost\T03_BodegaLaEsquinita_P.xml]
25-Oct-2024 22:37:54.958 INFO [main] org.apache.jasper.servlet.TldScanner.scanJars Al menos un JAR, que se ha explorado buscando TLDs, aún no contenía TLDs. Activar historial de depuración para este historiador para una completa lista de los JARs que fueron explorados y de los que nos se halló TLDs. Saltarse JARs no necesarios durante la exploración puede dar lugar a una mejora de tiempo significativa en el arranque y compilación de JSP .
25-Oct-2024 22:37:55.401 INFO [main] org.apache.catalina.startup.HostConfig.deployDescriptor Deployment of deployment descriptor [C:\Proyecto-3s\T03_BodegaLaEsquinita_P\conf\Catalina\localhost\T03_BodegaLaEsquinita_P.xml] has finished in [2.386] ms
25-Oct-2024 22:37:55.415 INFO [main] org.apache.coyote.AbstractProtocol.start Starting ProtocolHandler ["http-nio-8080"]
25-Oct-2024 22:37:55.525 INFO [main] org.apache.catalina.startup.Catalina.start Server startup in [2673] milliseconds
25-Oct-2024 22:53:47.101 INFO [Thread-1] org.apache.coyote.AbstractProtocol.pause Pausing ProtocolHandler ["http-nio-8080"]
25-Oct-2024 22:53:47.621 INFO [Thread-1] org.apache.catalina.core.StandardService.stopInternal Parando servicio [Catalina]
25-Oct-2024 22:53:48.126 WARNING [Thread-1] org.apache.catalina.loader.WebappClassLoaderBase.clearReferencesJdbc La aplicación web [T03_BodegaLaEsquinita_P] registró el conductor JDBC [com.microsoft.sqlserver.jdbc.SQLServerDriver] pero falló al anular el registro mientras la aplicación web estaba parada. Para prevenir un fallo de memoria, se ha anulado el registro del conductor JDBC por la fuerza.
25-Oct-2024 22:53:48.469 INFO [Thread-1] org.apache.coyote.AbstractProtocol.stop Stopping ProtocolHandler ["http-nio-8080"]
25-Oct-2024 22:53:48.555 INFO [Thread-1] org.apache.coyote.AbstractProtocol.destroy Destroying ProtocolHandler ["http-nio-8080"]
25-Oct-2024 22:54:09.450 INFO [main] org.apache.catalina.startup.VersionLoggerListener.log Nombre de la versión del servidor: Apache Tomcat/9.0.93
25-Oct-2024 22:54:09.460 INFO [main] org.apache.catalina.startup.VersionLoggerListener.log Server built:                      Aug 2 2024 21:24:59 UTC
25-Oct-2024 22:54:09.460 INFO [main] org.apache.catalina.startup.VersionLoggerListener.log Número de versión de servidor:     9.0.93.0
25-Oct-2024 22:54:09.460 INFO [main] org.apache.catalina.startup.VersionLoggerListener.log OS Name:                           Windows 11
25-Oct-2024 22:54:09.461 INFO [main] org.apache.catalina.startup.VersionLoggerListener.log Versión de Systema Operativo:      10.0
25-Oct-2024 22:54:09.461 INFO [main] org.apache.catalina.startup.VersionLoggerListener.log Arquitectura:                      amd64
25-Oct-2024 22:54:09.461 INFO [main] org.apache.catalina.startup.VersionLoggerListener.log Java Home:                         C:\Program Files\Java\jdk-17
25-Oct-2024 22:54:09.461 INFO [main] org.apache.catalina.startup.VersionLoggerListener.log JVM Version:                       17.0.10+11-LTS-240
25-Oct-2024 22:54:09.461 INFO [main] org.apache.catalina.startup.VersionLoggerListener.log Vededor JVM:                       Oracle Corporation
25-Oct-2024 22:54:09.462 INFO [main] org.apache.catalina.startup.VersionLoggerListener.log CATALINA_BASE:                     C:\Proyecto-3s\T03_BodegaLaEsquinita_P
25-Oct-2024 22:54:09.462 INFO [main] org.apache.catalina.startup.VersionLoggerListener.log CATALINA_HOME:                     C:\ValleGrande\IntelliJ\apache-tomcat-9.0.93
25-Oct-2024 22:54:09.482 INFO [main] org.apache.catalina.startup.VersionLoggerListener.log Command line argument:             --add-opens=java.base/java.lang=ALL-UNNAMED
25-Oct-2024 22:54:09.484 INFO [main] org.apache.catalina.startup.VersionLoggerListener.log Command line argument:             --add-opens=java.base/java.io=ALL-UNNAMED
25-Oct-2024 22:54:09.484 INFO [main] org.apache.catalina.startup.VersionLoggerListener.log Command line argument:             --add-opens=java.base/java.util=ALL-UNNAMED
25-Oct-2024 22:54:09.484 INFO [main] org.apache.catalina.startup.VersionLoggerListener.log Command line argument:             --add-opens=java.base/java.util.concurrent=ALL-UNNAMED
25-Oct-2024 22:54:09.484 INFO [main] org.apache.catalina.startup.VersionLoggerListener.log Command line argument:             --add-opens=java.rmi/sun.rmi.transport=ALL-UNNAMED
25-Oct-2024 22:54:09.484 INFO [main] org.apache.catalina.startup.VersionLoggerListener.log Command line argument:             -Dcatalina.home=C:\..\ValleGrande\IntelliJ\apache-tomcat-9.0.93
25-Oct-2024 22:54:09.484 INFO [main] org.apache.catalina.startup.VersionLoggerListener.log Command line argument:             -Dcatalina.base=C:\Proyecto-3s\T03_BodegaLaEsquinita_P
25-Oct-2024 22:54:09.484 INFO [main] org.apache.catalina.startup.VersionLoggerListener.log Command line argument:             -Djava.io.tmpdir=C:\Proyecto-3s\T03_BodegaLaEsquinita_P\temp
25-Oct-2024 22:54:09.484 INFO [main] org.apache.catalina.startup.VersionLoggerListener.log Command line argument:             -Djava.util.logging.config.file=C:\Proyecto-3s\T03_BodegaLaEsquinita_P\conf\logging.properties
25-Oct-2024 22:54:09.484 INFO [main] org.apache.catalina.startup.VersionLoggerListener.log Command line argument:             -Djava.util.logging.manager=org.apache.juli.ClassLoaderLogManager
25-Oct-2024 22:54:09.484 INFO [main] org.apache.catalina.startup.VersionLoggerListener.log Command line argument:             -javaagent:C:\Program Files\JetBrains\IntelliJ IDEA 2024.2.1\lib\idea_rt.jar=52945:C:\Program Files\JetBrains\IntelliJ IDEA 2024.2.1\bin
25-Oct-2024 22:54:09.484 INFO [main] org.apache.catalina.startup.VersionLoggerListener.log Command line argument:             -Dfile.encoding=UTF-8
25-Oct-2024 22:54:09.498 INFO [main] org.apache.catalina.core.AprLifecycleListener.lifecycleEvent Cargada la biblioteca nativa APR de Apache Tomcat [1.3.1] con la versión APR [1.7.4].
25-Oct-2024 22:54:09.498 INFO [main] org.apache.catalina.core.AprLifecycleListener.lifecycleEvent Capacidades APR: IPv6 [true], enviar fichero [true], aceptar filtros [false], aleatorio [true], UDS [true].
25-Oct-2024 22:54:09.498 INFO [main] org.apache.catalina.core.AprLifecycleListener.lifecycleEvent APR/OpenSSL configuration: useAprConnector [false], useOpenSSL [true]
25-Oct-2024 22:54:09.530 INFO [main] org.apache.catalina.core.AprLifecycleListener.initializeSSL OpenSSL inicializado correctamente [OpenSSL 3.0.14 4 Jun 2024]
25-Oct-2024 22:54:10.176 INFO [main] org.apache.coyote.AbstractProtocol.init Inicializando el manejador de protocolo ["http-nio-8080"]

25-Oct-2024 22:54:10.219 INFO [main] org.apache.catalina.startup.Catalina.load Server initialization in [1443] milliseconds
25-Oct-2024 22:54:10.308 INFO [main] org.apache.catalina.core.StandardService.startInternal Arrancando servicio [Catalina]
25-Oct-2024 22:54:10.308 INFO [main] org.apache.catalina.core.StandardEngine.startInternal Starting Servlet engine: [Apache Tomcat/9.0.93]
25-Oct-2024 22:54:10.326 INFO [main] org.apache.catalina.startup.HostConfig.deployDescriptor Desplieque del descriptor de configuración [C:\Proyecto-3s\T03_BodegaLaEsquinita_P\conf\Catalina\localhost\T03_BodegaLaEsquinita_P.xml]
25-Oct-2024 22:54:12.150 INFO [main] org.apache.jasper.servlet.TldScanner.scanJars Al menos un JAR, que se ha explorado buscando TLDs, aún no contenía TLDs. Activar historial de depuración para este historiador para una completa lista de los JARs que fueron explorados y de los que nos se halló TLDs. Saltarse JARs no necesarios durante la exploración puede dar lugar a una mejora de tiempo significativa en el arranque y compilación de JSP .
25-Oct-2024 22:54:12.491 WARNING [main] org.apache.catalina.util.SessionIdGeneratorBase.createSecureRandom Creation of SecureRandom instance for session ID generation using [SHA1PRNG] took [129] milliseconds.
25-Oct-2024 22:54:12.609 INFO [main] org.apache.catalina.startup.HostConfig.deployDescriptor Deployment of deployment descriptor [C:\Proyecto-3s\T03_BodegaLaEsquinita_P\conf\Catalina\localhost\T03_BodegaLaEsquinita_P.xml] has finished in [2.282] ms
25-Oct-2024 22:54:12.621 INFO [main] org.apache.coyote.AbstractProtocol.start Starting ProtocolHandler ["http-nio-8080"]
25-Oct-2024 22:54:12.758 INFO [main] org.apache.catalina.startup.Catalina.start Server startup in [2540] milliseconds
25-Oct-2024 23:01:34.050 INFO [Thread-1] org.apache.coyote.AbstractProtocol.pause Pausing ProtocolHandler ["http-nio-8080"]
25-Oct-2024 23:01:34.339 INFO [Thread-1] org.apache.catalina.core.StandardService.stopInternal Parando servicio [Catalina]
25-Oct-2024 23:01:34.423 WARNING [Thread-1] org.apache.catalina.loader.WebappClassLoaderBase.clearReferencesJdbc La aplicación web [T03_BodegaLaEsquinita_P] registró el conductor JDBC [com.microsoft.sqlserver.jdbc.SQLServerDriver] pero falló al anular el registro mientras la aplicación web estaba parada. Para prevenir un fallo de memoria, se ha anulado el registro del conductor JDBC por la fuerza.
25-Oct-2024 23:01:34.449 INFO [Thread-1] org.apache.coyote.AbstractProtocol.stop Stopping ProtocolHandler ["http-nio-8080"]
25-Oct-2024 23:01:34.466 INFO [Thread-1] org.apache.coyote.AbstractProtocol.destroy Destroying ProtocolHandler ["http-nio-8080"]
25-Oct-2024 23:01:45.751 INFO [main] org.apache.catalina.startup.VersionLoggerListener.log Nombre de la versión del servidor: Apache Tomcat/9.0.93
25-Oct-2024 23:01:45.759 INFO [main] org.apache.catalina.startup.VersionLoggerListener.log Server built:                      Aug 2 2024 21:24:59 UTC
25-Oct-2024 23:01:45.760 INFO [main] org.apache.catalina.startup.VersionLoggerListener.log Número de versión de servidor:     9.0.93.0
25-Oct-2024 23:01:45.761 INFO [main] org.apache.catalina.startup.VersionLoggerListener.log OS Name:                           Windows 11
25-Oct-2024 23:01:45.761 INFO [main] org.apache.catalina.startup.VersionLoggerListener.log Versión de Systema Operativo:      10.0
25-Oct-2024 23:01:45.761 INFO [main] org.apache.catalina.startup.VersionLoggerListener.log Arquitectura:                      amd64
25-Oct-2024 23:01:45.761 INFO [main] org.apache.catalina.startup.VersionLoggerListener.log Java Home:                         C:\Program Files\Java\jdk-17
25-Oct-2024 23:01:45.761 INFO [main] org.apache.catalina.startup.VersionLoggerListener.log JVM Version:                       17.0.10+11-LTS-240
25-Oct-2024 23:01:45.761 INFO [main] org.apache.catalina.startup.VersionLoggerListener.log Vededor JVM:                       Oracle Corporation
25-Oct-2024 23:01:45.761 INFO [main] org.apache.catalina.startup.VersionLoggerListener.log CATALINA_BASE:                     C:\Proyecto-3s\T03_BodegaLaEsquinita_P
25-Oct-2024 23:01:45.761 INFO [main] org.apache.catalina.startup.VersionLoggerListener.log CATALINA_HOME:                     C:\ValleGrande\IntelliJ\apache-tomcat-9.0.93
25-Oct-2024 23:01:45.791 INFO [main] org.apache.catalina.startup.VersionLoggerListener.log Command line argument:             --add-opens=java.base/java.lang=ALL-UNNAMED
25-Oct-2024 23:01:45.791 INFO [main] org.apache.catalina.startup.VersionLoggerListener.log Command line argument:             --add-opens=java.base/java.io=ALL-UNNAMED
25-Oct-2024 23:01:45.791 INFO [main] org.apache.catalina.startup.VersionLoggerListener.log Command line argument:             --add-opens=java.base/java.util=ALL-UNNAMED
25-Oct-2024 23:01:45.791 INFO [main] org.apache.catalina.startup.VersionLoggerListener.log Command line argument:             --add-opens=java.base/java.util.concurrent=ALL-UNNAMED
25-Oct-2024 23:01:45.791 INFO [main] org.apache.catalina.startup.VersionLoggerListener.log Command line argument:             --add-opens=java.rmi/sun.rmi.transport=ALL-UNNAMED
25-Oct-2024 23:01:45.791 INFO [main] org.apache.catalina.startup.VersionLoggerListener.log Command line argument:             -Dcatalina.home=C:\..\ValleGrande\IntelliJ\apache-tomcat-9.0.93
25-Oct-2024 23:01:45.795 INFO [main] org.apache.catalina.startup.VersionLoggerListener.log Command line argument:             -Dcatalina.base=C:\Proyecto-3s\T03_BodegaLaEsquinita_P
25-Oct-2024 23:01:45.795 INFO [main] org.apache.catalina.startup.VersionLoggerListener.log Command line argument:             -Djava.io.tmpdir=C:\Proyecto-3s\T03_BodegaLaEsquinita_P\temp
25-Oct-2024 23:01:45.795 INFO [main] org.apache.catalina.startup.VersionLoggerListener.log Command line argument:             -Djava.util.logging.config.file=C:\Proyecto-3s\T03_BodegaLaEsquinita_P\conf\logging.properties
25-Oct-2024 23:01:45.795 INFO [main] org.apache.catalina.startup.VersionLoggerListener.log Command line argument:             -Djava.util.logging.manager=org.apache.juli.ClassLoaderLogManager
25-Oct-2024 23:01:45.796 INFO [main] org.apache.catalina.startup.VersionLoggerListener.log Command line argument:             -javaagent:C:\Program Files\JetBrains\IntelliJ IDEA 2024.2.1\lib\idea_rt.jar=53143:C:\Program Files\JetBrains\IntelliJ IDEA 2024.2.1\bin
25-Oct-2024 23:01:45.796 INFO [main] org.apache.catalina.startup.VersionLoggerListener.log Command line argument:             -Dfile.encoding=UTF-8
25-Oct-2024 23:01:45.809 INFO [main] org.apache.catalina.core.AprLifecycleListener.lifecycleEvent Cargada la biblioteca nativa APR de Apache Tomcat [1.3.1] con la versión APR [1.7.4].
25-Oct-2024 23:01:45.809 INFO [main] org.apache.catalina.core.AprLifecycleListener.lifecycleEvent Capacidades APR: IPv6 [true], enviar fichero [true], aceptar filtros [false], aleatorio [true], UDS [true].
25-Oct-2024 23:01:45.809 INFO [main] org.apache.catalina.core.AprLifecycleListener.lifecycleEvent APR/OpenSSL configuration: useAprConnector [false], useOpenSSL [true]
25-Oct-2024 23:01:45.846 INFO [main] org.apache.catalina.core.AprLifecycleListener.initializeSSL OpenSSL inicializado correctamente [OpenSSL 3.0.14 4 Jun 2024]
25-Oct-2024 23:01:46.500 INFO [main] org.apache.coyote.AbstractProtocol.init Inicializando el manejador de protocolo ["http-nio-8080"]

25-Oct-2024 23:01:46.543 INFO [main] org.apache.catalina.startup.Catalina.load Server initialization in [1375] milliseconds
25-Oct-2024 23:01:46.652 INFO [main] org.apache.catalina.core.StandardService.startInternal Arrancando servicio [Catalina]
25-Oct-2024 23:01:46.652 INFO [main] org.apache.catalina.core.StandardEngine.startInternal Starting Servlet engine: [Apache Tomcat/9.0.93]
25-Oct-2024 23:01:46.672 INFO [main] org.apache.catalina.startup.HostConfig.deployDescriptor Desplieque del descriptor de configuración [C:\Proyecto-3s\T03_BodegaLaEsquinita_P\conf\Catalina\localhost\T03_BodegaLaEsquinita_P.xml]
25-Oct-2024 23:01:48.775 INFO [main] org.apache.jasper.servlet.TldScanner.scanJars Al menos un JAR, que se ha explorado buscando TLDs, aún no contenía TLDs. Activar historial de depuración para este historiador para una completa lista de los JARs que fueron explorados y de los que nos se halló TLDs. Saltarse JARs no necesarios durante la exploración puede dar lugar a una mejora de tiempo significativa en el arranque y compilación de JSP .
25-Oct-2024 23:01:49.124 INFO [main] org.apache.catalina.startup.HostConfig.deployDescriptor Deployment of deployment descriptor [C:\Proyecto-3s\T03_BodegaLaEsquinita_P\conf\Catalina\localhost\T03_BodegaLaEsquinita_P.xml] has finished in [2.443] ms
25-Oct-2024 23:01:49.135 INFO [main] org.apache.coyote.AbstractProtocol.start Starting ProtocolHandler ["http-nio-8080"]
25-Oct-2024 23:01:49.300 INFO [main] org.apache.catalina.startup.Catalina.start Server startup in [2757] milliseconds
25-Oct-2024 23:51:18.754 INFO [Thread-1] org.apache.coyote.AbstractProtocol.pause Pausing ProtocolHandler ["http-nio-8080"]
25-Oct-2024 23:51:19.022 INFO [Thread-1] org.apache.catalina.core.StandardService.stopInternal Parando servicio [Catalina]
25-Oct-2024 23:51:19.145 WARNING [Thread-1] org.apache.catalina.loader.WebappClassLoaderBase.clearReferencesJdbc La aplicación web [T03_BodegaLaEsquinita_P] registró el conductor JDBC [com.microsoft.sqlserver.jdbc.SQLServerDriver] pero falló al anular el registro mientras la aplicación web estaba parada. Para prevenir un fallo de memoria, se ha anulado el registro del conductor JDBC por la fuerza.
25-Oct-2024 23:51:19.190 INFO [Thread-1] org.apache.coyote.AbstractProtocol.stop Stopping ProtocolHandler ["http-nio-8080"]
25-Oct-2024 23:51:19.220 INFO [Thread-1] org.apache.coyote.AbstractProtocol.destroy Destroying ProtocolHandler ["http-nio-8080"]
