28-Oct-2024 10:11:25.971 INFO [main] org.apache.catalina.startup.VersionLoggerListener.log Nombre de la versión del servidor: Apache Tomcat/9.0.93
28-Oct-2024 10:11:25.978 INFO [main] org.apache.catalina.startup.VersionLoggerListener.log Server built:                      Aug 2 2024 21:24:59 UTC
28-Oct-2024 10:11:25.978 INFO [main] org.apache.catalina.startup.VersionLoggerListener.log Número de versión de servidor:     9.0.93.0
28-Oct-2024 10:11:25.978 INFO [main] org.apache.catalina.startup.VersionLoggerListener.log OS Name:                           Windows 11
28-Oct-2024 10:11:25.978 INFO [main] org.apache.catalina.startup.VersionLoggerListener.log Versión de Systema Operativo:      10.0
28-Oct-2024 10:11:25.978 INFO [main] org.apache.catalina.startup.VersionLoggerListener.log Arquitectura:                      amd64
28-Oct-2024 10:11:25.978 INFO [main] org.apache.catalina.startup.VersionLoggerListener.log Java Home:                         C:\Program Files\Java\jdk-17
28-Oct-2024 10:11:25.978 INFO [main] org.apache.catalina.startup.VersionLoggerListener.log JVM Version:                       17.0.10+11-LTS-240
28-Oct-2024 10:11:25.978 INFO [main] org.apache.catalina.startup.VersionLoggerListener.log Vededor JVM:                       Oracle Corporation
28-Oct-2024 10:11:25.980 INFO [main] org.apache.catalina.startup.VersionLoggerListener.log CATALINA_BASE:                     C:\Proyecto-3s\T03_BodegaLaEsquinita_P
28-Oct-2024 10:11:25.980 INFO [main] org.apache.catalina.startup.VersionLoggerListener.log CATALINA_HOME:                     C:\ValleGrande\IntelliJ\apache-tomcat-9.0.93
28-Oct-2024 10:11:25.995 INFO [main] org.apache.catalina.startup.VersionLoggerListener.log Command line argument:             --add-opens=java.base/java.lang=ALL-UNNAMED
28-Oct-2024 10:11:25.995 INFO [main] org.apache.catalina.startup.VersionLoggerListener.log Command line argument:             --add-opens=java.base/java.io=ALL-UNNAMED
28-Oct-2024 10:11:25.995 INFO [main] org.apache.catalina.startup.VersionLoggerListener.log Command line argument:             --add-opens=java.base/java.util=ALL-UNNAMED
28-Oct-2024 10:11:25.995 INFO [main] org.apache.catalina.startup.VersionLoggerListener.log Command line argument:             --add-opens=java.base/java.util.concurrent=ALL-UNNAMED
28-Oct-2024 10:11:25.995 INFO [main] org.apache.catalina.startup.VersionLoggerListener.log Command line argument:             --add-opens=java.rmi/sun.rmi.transport=ALL-UNNAMED
28-Oct-2024 10:11:25.995 INFO [main] org.apache.catalina.startup.VersionLoggerListener.log Command line argument:             -Dcatalina.home=C:\..\ValleGrande\IntelliJ\apache-tomcat-9.0.93
28-Oct-2024 10:11:25.995 INFO [main] org.apache.catalina.startup.VersionLoggerListener.log Command line argument:             -Dcatalina.base=C:\Proyecto-3s\T03_BodegaLaEsquinita_P
28-Oct-2024 10:11:25.996 INFO [main] org.apache.catalina.startup.VersionLoggerListener.log Command line argument:             -Djava.io.tmpdir=C:\Proyecto-3s\T03_BodegaLaEsquinita_P\temp
28-Oct-2024 10:11:25.996 INFO [main] org.apache.catalina.startup.VersionLoggerListener.log Command line argument:             -Djava.util.logging.config.file=C:\Proyecto-3s\T03_BodegaLaEsquinita_P\conf\logging.properties
28-Oct-2024 10:11:25.996 INFO [main] org.apache.catalina.startup.VersionLoggerListener.log Command line argument:             -Djava.util.logging.manager=org.apache.juli.ClassLoaderLogManager
28-Oct-2024 10:11:25.996 INFO [main] org.apache.catalina.startup.VersionLoggerListener.log Command line argument:             -javaagent:C:\Program Files\JetBrains\IntelliJ IDEA 2024.2.1\lib\idea_rt.jar=57114:C:\Program Files\JetBrains\IntelliJ IDEA 2024.2.1\bin
28-Oct-2024 10:11:25.996 INFO [main] org.apache.catalina.startup.VersionLoggerListener.log Command line argument:             -Dfile.encoding=UTF-8
28-Oct-2024 10:11:26.134 INFO [main] org.apache.catalina.core.AprLifecycleListener.lifecycleEvent Cargada la biblioteca nativa APR de Apache Tomcat [1.3.1] con la versión APR [1.7.4].
28-Oct-2024 10:11:26.134 INFO [main] org.apache.catalina.core.AprLifecycleListener.lifecycleEvent Capacidades APR: IPv6 [true], enviar fichero [true], aceptar filtros [false], aleatorio [true], UDS [true].
28-Oct-2024 10:11:26.134 INFO [main] org.apache.catalina.core.AprLifecycleListener.lifecycleEvent APR/OpenSSL configuration: useAprConnector [false], useOpenSSL [true]
28-Oct-2024 10:11:26.153 INFO [main] org.apache.catalina.core.AprLifecycleListener.initializeSSL OpenSSL inicializado correctamente [OpenSSL 3.0.14 4 Jun 2024]
28-Oct-2024 10:11:26.613 INFO [main] org.apache.coyote.AbstractProtocol.init Inicializando el manejador de protocolo ["http-nio-8080"]

28-Oct-2024 10:11:26.658 INFO [main] org.apache.catalina.startup.Catalina.load Server initialization in [1055] milliseconds
28-Oct-2024 10:11:26.762 INFO [main] org.apache.catalina.core.StandardService.startInternal Arrancando servicio [Catalina]
28-Oct-2024 10:11:26.763 INFO [main] org.apache.catalina.core.StandardEngine.startInternal Starting Servlet engine: [Apache Tomcat/9.0.93]
28-Oct-2024 10:11:26.784 INFO [main] org.apache.catalina.startup.HostConfig.deployDescriptor Desplieque del descriptor de configuración [C:\Proyecto-3s\T03_BodegaLaEsquinita_P\conf\Catalina\localhost\T03_BodegaLaEsquinita_P.xml]
28-Oct-2024 10:11:28.422 INFO [main] org.apache.jasper.servlet.TldScanner.scanJars Al menos un JAR, que se ha explorado buscando TLDs, aún no contenía TLDs. Activar historial de depuración para este historiador para una completa lista de los JARs que fueron explorados y de los que nos se halló TLDs. Saltarse JARs no necesarios durante la exploración puede dar lugar a una mejora de tiempo significativa en el arranque y compilación de JSP .
28-Oct-2024 10:11:28.599 INFO [main] org.apache.catalina.startup.HostConfig.deployDescriptor Deployment of deployment descriptor [C:\Proyecto-3s\T03_BodegaLaEsquinita_P\conf\Catalina\localhost\T03_BodegaLaEsquinita_P.xml] has finished in [1.809] ms
28-Oct-2024 10:11:28.617 INFO [main] org.apache.coyote.AbstractProtocol.start Starting ProtocolHandler ["http-nio-8080"]
28-Oct-2024 10:11:28.715 INFO [main] org.apache.catalina.startup.Catalina.start Server startup in [2057] milliseconds
28-Oct-2024 10:18:17.773 INFO [Thread-1] org.apache.coyote.AbstractProtocol.pause Pausing ProtocolHandler ["http-nio-8080"]
28-Oct-2024 10:18:18.174 INFO [Thread-1] org.apache.catalina.core.StandardService.stopInternal Parando servicio [Catalina]
28-Oct-2024 10:18:18.439 WARNING [Thread-1] org.apache.catalina.loader.WebappClassLoaderBase.clearReferencesJdbc La aplicación web [T03_BodegaLaEsquinita_P] registró el conductor JDBC [com.microsoft.sqlserver.jdbc.SQLServerDriver] pero falló al anular el registro mientras la aplicación web estaba parada. Para prevenir un fallo de memoria, se ha anulado el registro del conductor JDBC por la fuerza.
28-Oct-2024 10:18:18.613 INFO [Thread-1] org.apache.coyote.AbstractProtocol.stop Stopping ProtocolHandler ["http-nio-8080"]
28-Oct-2024 10:18:18.666 INFO [Thread-1] org.apache.coyote.AbstractProtocol.destroy Destroying ProtocolHandler ["http-nio-8080"]
28-Oct-2024 10:18:28.247 INFO [main] org.apache.catalina.startup.VersionLoggerListener.log Nombre de la versión del servidor: Apache Tomcat/9.0.93
28-Oct-2024 10:18:28.258 INFO [main] org.apache.catalina.startup.VersionLoggerListener.log Server built:                      Aug 2 2024 21:24:59 UTC
28-Oct-2024 10:18:28.258 INFO [main] org.apache.catalina.startup.VersionLoggerListener.log Número de versión de servidor:     9.0.93.0
28-Oct-2024 10:18:28.258 INFO [main] org.apache.catalina.startup.VersionLoggerListener.log OS Name:                           Windows 11
28-Oct-2024 10:18:28.258 INFO [main] org.apache.catalina.startup.VersionLoggerListener.log Versión de Systema Operativo:      10.0
28-Oct-2024 10:18:28.258 INFO [main] org.apache.catalina.startup.VersionLoggerListener.log Arquitectura:                      amd64
28-Oct-2024 10:18:28.258 INFO [main] org.apache.catalina.startup.VersionLoggerListener.log Java Home:                         C:\Program Files\Java\jdk-17
28-Oct-2024 10:18:28.258 INFO [main] org.apache.catalina.startup.VersionLoggerListener.log JVM Version:                       17.0.10+11-LTS-240
28-Oct-2024 10:18:28.258 INFO [main] org.apache.catalina.startup.VersionLoggerListener.log Vededor JVM:                       Oracle Corporation
28-Oct-2024 10:18:28.258 INFO [main] org.apache.catalina.startup.VersionLoggerListener.log CATALINA_BASE:                     C:\Proyecto-3s\T03_BodegaLaEsquinita_P
28-Oct-2024 10:18:28.258 INFO [main] org.apache.catalina.startup.VersionLoggerListener.log CATALINA_HOME:                     C:\ValleGrande\IntelliJ\apache-tomcat-9.0.93
28-Oct-2024 10:18:28.282 INFO [main] org.apache.catalina.startup.VersionLoggerListener.log Command line argument:             --add-opens=java.base/java.lang=ALL-UNNAMED
28-Oct-2024 10:18:28.282 INFO [main] org.apache.catalina.startup.VersionLoggerListener.log Command line argument:             --add-opens=java.base/java.io=ALL-UNNAMED
28-Oct-2024 10:18:28.282 INFO [main] org.apache.catalina.startup.VersionLoggerListener.log Command line argument:             --add-opens=java.base/java.util=ALL-UNNAMED
28-Oct-2024 10:18:28.282 INFO [main] org.apache.catalina.startup.VersionLoggerListener.log Command line argument:             --add-opens=java.base/java.util.concurrent=ALL-UNNAMED
28-Oct-2024 10:18:28.282 INFO [main] org.apache.catalina.startup.VersionLoggerListener.log Command line argument:             --add-opens=java.rmi/sun.rmi.transport=ALL-UNNAMED
28-Oct-2024 10:18:28.282 INFO [main] org.apache.catalina.startup.VersionLoggerListener.log Command line argument:             -Dcatalina.home=C:\..\ValleGrande\IntelliJ\apache-tomcat-9.0.93
28-Oct-2024 10:18:28.282 INFO [main] org.apache.catalina.startup.VersionLoggerListener.log Command line argument:             -Dcatalina.base=C:\Proyecto-3s\T03_BodegaLaEsquinita_P
28-Oct-2024 10:18:28.282 INFO [main] org.apache.catalina.startup.VersionLoggerListener.log Command line argument:             -Djava.io.tmpdir=C:\Proyecto-3s\T03_BodegaLaEsquinita_P\temp
28-Oct-2024 10:18:28.282 INFO [main] org.apache.catalina.startup.VersionLoggerListener.log Command line argument:             -Djava.util.logging.config.file=C:\Proyecto-3s\T03_BodegaLaEsquinita_P\conf\logging.properties
28-Oct-2024 10:18:28.282 INFO [main] org.apache.catalina.startup.VersionLoggerListener.log Command line argument:             -Djava.util.logging.manager=org.apache.juli.ClassLoaderLogManager
28-Oct-2024 10:18:28.282 INFO [main] org.apache.catalina.startup.VersionLoggerListener.log Command line argument:             -javaagent:C:\Program Files\JetBrains\IntelliJ IDEA 2024.2.1\lib\idea_rt.jar=57196:C:\Program Files\JetBrains\IntelliJ IDEA 2024.2.1\bin
28-Oct-2024 10:18:28.282 INFO [main] org.apache.catalina.startup.VersionLoggerListener.log Command line argument:             -Dfile.encoding=UTF-8
28-Oct-2024 10:18:28.299 INFO [main] org.apache.catalina.core.AprLifecycleListener.lifecycleEvent Cargada la biblioteca nativa APR de Apache Tomcat [1.3.1] con la versión APR [1.7.4].
28-Oct-2024 10:18:28.300 INFO [main] org.apache.catalina.core.AprLifecycleListener.lifecycleEvent Capacidades APR: IPv6 [true], enviar fichero [true], aceptar filtros [false], aleatorio [true], UDS [true].
28-Oct-2024 10:18:28.300 INFO [main] org.apache.catalina.core.AprLifecycleListener.lifecycleEvent APR/OpenSSL configuration: useAprConnector [false], useOpenSSL [true]
28-Oct-2024 10:18:28.344 INFO [main] org.apache.catalina.core.AprLifecycleListener.initializeSSL OpenSSL inicializado correctamente [OpenSSL 3.0.14 4 Jun 2024]
28-Oct-2024 10:18:29.052 INFO [main] org.apache.coyote.AbstractProtocol.init Inicializando el manejador de protocolo ["http-nio-8080"]

28-Oct-2024 10:18:29.101 INFO [main] org.apache.catalina.startup.Catalina.load Server initialization in [1384] milliseconds
28-Oct-2024 10:18:29.253 INFO [main] org.apache.catalina.core.StandardService.startInternal Arrancando servicio [Catalina]
28-Oct-2024 10:18:29.253 INFO [main] org.apache.catalina.core.StandardEngine.startInternal Starting Servlet engine: [Apache Tomcat/9.0.93]
28-Oct-2024 10:18:29.311 INFO [main] org.apache.catalina.startup.HostConfig.deployDescriptor Desplieque del descriptor de configuración [C:\Proyecto-3s\T03_BodegaLaEsquinita_P\conf\Catalina\localhost\T03_BodegaLaEsquinita_P.xml]
28-Oct-2024 10:18:30.839 INFO [main] org.apache.jasper.servlet.TldScanner.scanJars Al menos un JAR, que se ha explorado buscando TLDs, aún no contenía TLDs. Activar historial de depuración para este historiador para una completa lista de los JARs que fueron explorados y de los que nos se halló TLDs. Saltarse JARs no necesarios durante la exploración puede dar lugar a una mejora de tiempo significativa en el arranque y compilación de JSP .
28-Oct-2024 10:18:31.073 INFO [main] org.apache.catalina.startup.HostConfig.deployDescriptor Deployment of deployment descriptor [C:\Proyecto-3s\T03_BodegaLaEsquinita_P\conf\Catalina\localhost\T03_BodegaLaEsquinita_P.xml] has finished in [1.759] ms
28-Oct-2024 10:18:31.099 INFO [main] org.apache.coyote.AbstractProtocol.start Starting ProtocolHandler ["http-nio-8080"]
28-Oct-2024 10:18:31.182 INFO [main] org.apache.catalina.startup.Catalina.start Server startup in [2076] milliseconds
28-Oct-2024 10:23:32.905 INFO [Thread-1] org.apache.coyote.AbstractProtocol.pause Pausing ProtocolHandler ["http-nio-8080"]
28-Oct-2024 10:23:33.266 INFO [Thread-1] org.apache.catalina.core.StandardService.stopInternal Parando servicio [Catalina]
28-Oct-2024 10:23:33.392 WARNING [Thread-1] org.apache.catalina.loader.WebappClassLoaderBase.clearReferencesJdbc La aplicación web [T03_BodegaLaEsquinita_P] registró el conductor JDBC [com.microsoft.sqlserver.jdbc.SQLServerDriver] pero falló al anular el registro mientras la aplicación web estaba parada. Para prevenir un fallo de memoria, se ha anulado el registro del conductor JDBC por la fuerza.
28-Oct-2024 10:23:33.439 INFO [Thread-1] org.apache.coyote.AbstractProtocol.stop Stopping ProtocolHandler ["http-nio-8080"]
28-Oct-2024 10:23:33.458 INFO [Thread-1] org.apache.coyote.AbstractProtocol.destroy Destroying ProtocolHandler ["http-nio-8080"]
28-Oct-2024 10:23:46.113 INFO [main] org.apache.catalina.startup.VersionLoggerListener.log Nombre de la versión del servidor: Apache Tomcat/9.0.93
28-Oct-2024 10:23:46.141 INFO [main] org.apache.catalina.startup.VersionLoggerListener.log Server built:                      Aug 2 2024 21:24:59 UTC
28-Oct-2024 10:23:46.141 INFO [main] org.apache.catalina.startup.VersionLoggerListener.log Número de versión de servidor:     9.0.93.0
28-Oct-2024 10:23:46.141 INFO [main] org.apache.catalina.startup.VersionLoggerListener.log OS Name:                           Windows 11
28-Oct-2024 10:23:46.143 INFO [main] org.apache.catalina.startup.VersionLoggerListener.log Versión de Systema Operativo:      10.0
28-Oct-2024 10:23:46.143 INFO [main] org.apache.catalina.startup.VersionLoggerListener.log Arquitectura:                      amd64
28-Oct-2024 10:23:46.143 INFO [main] org.apache.catalina.startup.VersionLoggerListener.log Java Home:                         C:\Program Files\Java\jdk-17
28-Oct-2024 10:23:46.143 INFO [main] org.apache.catalina.startup.VersionLoggerListener.log JVM Version:                       17.0.10+11-LTS-240
28-Oct-2024 10:23:46.143 INFO [main] org.apache.catalina.startup.VersionLoggerListener.log Vededor JVM:                       Oracle Corporation
28-Oct-2024 10:23:46.143 INFO [main] org.apache.catalina.startup.VersionLoggerListener.log CATALINA_BASE:                     C:\Proyecto-3s\T03_BodegaLaEsquinita_P
28-Oct-2024 10:23:46.143 INFO [main] org.apache.catalina.startup.VersionLoggerListener.log CATALINA_HOME:                     C:\ValleGrande\IntelliJ\apache-tomcat-9.0.93
28-Oct-2024 10:23:46.202 INFO [main] org.apache.catalina.startup.VersionLoggerListener.log Command line argument:             --add-opens=java.base/java.lang=ALL-UNNAMED
28-Oct-2024 10:23:46.202 INFO [main] org.apache.catalina.startup.VersionLoggerListener.log Command line argument:             --add-opens=java.base/java.io=ALL-UNNAMED
28-Oct-2024 10:23:46.202 INFO [main] org.apache.catalina.startup.VersionLoggerListener.log Command line argument:             --add-opens=java.base/java.util=ALL-UNNAMED
28-Oct-2024 10:23:46.203 INFO [main] org.apache.catalina.startup.VersionLoggerListener.log Command line argument:             --add-opens=java.base/java.util.concurrent=ALL-UNNAMED
28-Oct-2024 10:23:46.203 INFO [main] org.apache.catalina.startup.VersionLoggerListener.log Command line argument:             --add-opens=java.rmi/sun.rmi.transport=ALL-UNNAMED
28-Oct-2024 10:23:46.203 INFO [main] org.apache.catalina.startup.VersionLoggerListener.log Command line argument:             -Dcatalina.home=C:\..\ValleGrande\IntelliJ\apache-tomcat-9.0.93
28-Oct-2024 10:23:46.203 INFO [main] org.apache.catalina.startup.VersionLoggerListener.log Command line argument:             -Dcatalina.base=C:\Proyecto-3s\T03_BodegaLaEsquinita_P
28-Oct-2024 10:23:46.203 INFO [main] org.apache.catalina.startup.VersionLoggerListener.log Command line argument:             -Djava.io.tmpdir=C:\Proyecto-3s\T03_BodegaLaEsquinita_P\temp
28-Oct-2024 10:23:46.204 INFO [main] org.apache.catalina.startup.VersionLoggerListener.log Command line argument:             -Djava.util.logging.config.file=C:\Proyecto-3s\T03_BodegaLaEsquinita_P\conf\logging.properties
28-Oct-2024 10:23:46.204 INFO [main] org.apache.catalina.startup.VersionLoggerListener.log Command line argument:             -Djava.util.logging.manager=org.apache.juli.ClassLoaderLogManager
28-Oct-2024 10:23:46.204 INFO [main] org.apache.catalina.startup.VersionLoggerListener.log Command line argument:             -javaagent:C:\Program Files\JetBrains\IntelliJ IDEA 2024.2.1\lib\idea_rt.jar=57270:C:\Program Files\JetBrains\IntelliJ IDEA 2024.2.1\bin
28-Oct-2024 10:23:46.204 INFO [main] org.apache.catalina.startup.VersionLoggerListener.log Command line argument:             -Dfile.encoding=UTF-8
28-Oct-2024 10:23:46.222 INFO [main] org.apache.catalina.core.AprLifecycleListener.lifecycleEvent Cargada la biblioteca nativa APR de Apache Tomcat [1.3.1] con la versión APR [1.7.4].
28-Oct-2024 10:23:46.223 INFO [main] org.apache.catalina.core.AprLifecycleListener.lifecycleEvent Capacidades APR: IPv6 [true], enviar fichero [true], aceptar filtros [false], aleatorio [true], UDS [true].
28-Oct-2024 10:23:46.223 INFO [main] org.apache.catalina.core.AprLifecycleListener.lifecycleEvent APR/OpenSSL configuration: useAprConnector [false], useOpenSSL [true]
28-Oct-2024 10:23:46.269 INFO [main] org.apache.catalina.core.AprLifecycleListener.initializeSSL OpenSSL inicializado correctamente [OpenSSL 3.0.14 4 Jun 2024]
28-Oct-2024 10:23:47.013 INFO [main] org.apache.coyote.AbstractProtocol.init Inicializando el manejador de protocolo ["http-nio-8080"]

28-Oct-2024 10:23:47.083 INFO [main] org.apache.catalina.startup.Catalina.load Server initialization in [2014] milliseconds
28-Oct-2024 10:23:47.215 INFO [main] org.apache.catalina.core.StandardService.startInternal Arrancando servicio [Catalina]
28-Oct-2024 10:23:47.215 INFO [main] org.apache.catalina.core.StandardEngine.startInternal Starting Servlet engine: [Apache Tomcat/9.0.93]
28-Oct-2024 10:23:47.245 INFO [main] org.apache.catalina.startup.HostConfig.deployDescriptor Desplieque del descriptor de configuración [C:\Proyecto-3s\T03_BodegaLaEsquinita_P\conf\Catalina\localhost\T03_BodegaLaEsquinita_P.xml]
28-Oct-2024 10:23:49.233 INFO [main] org.apache.jasper.servlet.TldScanner.scanJars Al menos un JAR, que se ha explorado buscando TLDs, aún no contenía TLDs. Activar historial de depuración para este historiador para una completa lista de los JARs que fueron explorados y de los que nos se halló TLDs. Saltarse JARs no necesarios durante la exploración puede dar lugar a una mejora de tiempo significativa en el arranque y compilación de JSP .
28-Oct-2024 10:23:49.501 INFO [main] org.apache.catalina.startup.HostConfig.deployDescriptor Deployment of deployment descriptor [C:\Proyecto-3s\T03_BodegaLaEsquinita_P\conf\Catalina\localhost\T03_BodegaLaEsquinita_P.xml] has finished in [2.250] ms
28-Oct-2024 10:23:49.512 INFO [main] org.apache.coyote.AbstractProtocol.start Starting ProtocolHandler ["http-nio-8080"]
28-Oct-2024 10:23:49.595 INFO [main] org.apache.catalina.startup.Catalina.start Server startup in [2512] milliseconds
28-Oct-2024 10:28:06.221 INFO [Thread-1] org.apache.coyote.AbstractProtocol.pause Pausing ProtocolHandler ["http-nio-8080"]
28-Oct-2024 10:28:06.692 INFO [Thread-1] org.apache.catalina.core.StandardService.stopInternal Parando servicio [Catalina]
28-Oct-2024 10:28:06.975 WARNING [Thread-1] org.apache.catalina.loader.WebappClassLoaderBase.clearReferencesJdbc La aplicación web [T03_BodegaLaEsquinita_P] registró el conductor JDBC [com.microsoft.sqlserver.jdbc.SQLServerDriver] pero falló al anular el registro mientras la aplicación web estaba parada. Para prevenir un fallo de memoria, se ha anulado el registro del conductor JDBC por la fuerza.
28-Oct-2024 10:28:15.500 INFO [main] org.apache.catalina.startup.VersionLoggerListener.log Nombre de la versión del servidor: Apache Tomcat/9.0.93
28-Oct-2024 10:28:15.508 INFO [main] org.apache.catalina.startup.VersionLoggerListener.log Server built:                      Aug 2 2024 21:24:59 UTC
28-Oct-2024 10:28:15.508 INFO [main] org.apache.catalina.startup.VersionLoggerListener.log Número de versión de servidor:     9.0.93.0
28-Oct-2024 10:28:15.509 INFO [main] org.apache.catalina.startup.VersionLoggerListener.log OS Name:                           Windows 11
28-Oct-2024 10:28:15.509 INFO [main] org.apache.catalina.startup.VersionLoggerListener.log Versión de Systema Operativo:      10.0
28-Oct-2024 10:28:15.509 INFO [main] org.apache.catalina.startup.VersionLoggerListener.log Arquitectura:                      amd64
28-Oct-2024 10:28:15.509 INFO [main] org.apache.catalina.startup.VersionLoggerListener.log Java Home:                         C:\Program Files\Java\jdk-17
28-Oct-2024 10:28:15.510 INFO [main] org.apache.catalina.startup.VersionLoggerListener.log JVM Version:                       17.0.10+11-LTS-240
28-Oct-2024 10:28:15.511 INFO [main] org.apache.catalina.startup.VersionLoggerListener.log Vededor JVM:                       Oracle Corporation
28-Oct-2024 10:28:15.511 INFO [main] org.apache.catalina.startup.VersionLoggerListener.log CATALINA_BASE:                     C:\Proyecto-3s\T03_BodegaLaEsquinita_P
28-Oct-2024 10:28:15.511 INFO [main] org.apache.catalina.startup.VersionLoggerListener.log CATALINA_HOME:                     C:\ValleGrande\IntelliJ\apache-tomcat-9.0.93
28-Oct-2024 10:28:15.532 INFO [main] org.apache.catalina.startup.VersionLoggerListener.log Command line argument:             --add-opens=java.base/java.lang=ALL-UNNAMED
28-Oct-2024 10:28:15.533 INFO [main] org.apache.catalina.startup.VersionLoggerListener.log Command line argument:             --add-opens=java.base/java.io=ALL-UNNAMED
28-Oct-2024 10:28:15.533 INFO [main] org.apache.catalina.startup.VersionLoggerListener.log Command line argument:             --add-opens=java.base/java.util=ALL-UNNAMED
28-Oct-2024 10:28:15.534 INFO [main] org.apache.catalina.startup.VersionLoggerListener.log Command line argument:             --add-opens=java.base/java.util.concurrent=ALL-UNNAMED
28-Oct-2024 10:28:15.534 INFO [main] org.apache.catalina.startup.VersionLoggerListener.log Command line argument:             --add-opens=java.rmi/sun.rmi.transport=ALL-UNNAMED
28-Oct-2024 10:28:15.534 INFO [main] org.apache.catalina.startup.VersionLoggerListener.log Command line argument:             -Dcatalina.home=C:\..\ValleGrande\IntelliJ\apache-tomcat-9.0.93
28-Oct-2024 10:28:15.534 INFO [main] org.apache.catalina.startup.VersionLoggerListener.log Command line argument:             -Dcatalina.base=C:\Proyecto-3s\T03_BodegaLaEsquinita_P
28-Oct-2024 10:28:15.534 INFO [main] org.apache.catalina.startup.VersionLoggerListener.log Command line argument:             -Djava.io.tmpdir=C:\Proyecto-3s\T03_BodegaLaEsquinita_P\temp
28-Oct-2024 10:28:15.535 INFO [main] org.apache.catalina.startup.VersionLoggerListener.log Command line argument:             -Djava.util.logging.config.file=C:\Proyecto-3s\T03_BodegaLaEsquinita_P\conf\logging.properties
28-Oct-2024 10:28:15.535 INFO [main] org.apache.catalina.startup.VersionLoggerListener.log Command line argument:             -Djava.util.logging.manager=org.apache.juli.ClassLoaderLogManager
28-Oct-2024 10:28:15.536 INFO [main] org.apache.catalina.startup.VersionLoggerListener.log Command line argument:             -javaagent:C:\Program Files\JetBrains\IntelliJ IDEA 2024.2.1\lib\idea_rt.jar=57392:C:\Program Files\JetBrains\IntelliJ IDEA 2024.2.1\bin
28-Oct-2024 10:28:15.536 INFO [main] org.apache.catalina.startup.VersionLoggerListener.log Command line argument:             -Dfile.encoding=UTF-8
28-Oct-2024 10:28:15.557 INFO [main] org.apache.catalina.core.AprLifecycleListener.lifecycleEvent Cargada la biblioteca nativa APR de Apache Tomcat [1.3.1] con la versión APR [1.7.4].
28-Oct-2024 10:28:15.558 INFO [main] org.apache.catalina.core.AprLifecycleListener.lifecycleEvent Capacidades APR: IPv6 [true], enviar fichero [true], aceptar filtros [false], aleatorio [true], UDS [true].
28-Oct-2024 10:28:15.559 INFO [main] org.apache.catalina.core.AprLifecycleListener.lifecycleEvent APR/OpenSSL configuration: useAprConnector [false], useOpenSSL [true]
28-Oct-2024 10:28:15.609 INFO [main] org.apache.catalina.core.AprLifecycleListener.initializeSSL OpenSSL inicializado correctamente [OpenSSL 3.0.14 4 Jun 2024]
28-Oct-2024 10:28:16.194 INFO [main] org.apache.coyote.AbstractProtocol.init Inicializando el manejador de protocolo ["http-nio-8080"]

28-Oct-2024 10:28:16.224 INFO [main] org.apache.catalina.startup.Catalina.load Server initialization in [1243] milliseconds
28-Oct-2024 10:28:16.312 INFO [main] org.apache.catalina.core.StandardService.startInternal Arrancando servicio [Catalina]
28-Oct-2024 10:28:16.313 INFO [main] org.apache.catalina.core.StandardEngine.startInternal Starting Servlet engine: [Apache Tomcat/9.0.93]
28-Oct-2024 10:28:16.333 INFO [main] org.apache.catalina.startup.HostConfig.deployDescriptor Desplieque del descriptor de configuración [C:\Proyecto-3s\T03_BodegaLaEsquinita_P\conf\Catalina\localhost\T03_BodegaLaEsquinita_P.xml]
28-Oct-2024 10:28:17.661 INFO [main] org.apache.jasper.servlet.TldScanner.scanJars Al menos un JAR, que se ha explorado buscando TLDs, aún no contenía TLDs. Activar historial de depuración para este historiador para una completa lista de los JARs que fueron explorados y de los que nos se halló TLDs. Saltarse JARs no necesarios durante la exploración puede dar lugar a una mejora de tiempo significativa en el arranque y compilación de JSP .
28-Oct-2024 10:28:17.872 INFO [main] org.apache.catalina.startup.HostConfig.deployDescriptor Deployment of deployment descriptor [C:\Proyecto-3s\T03_BodegaLaEsquinita_P\conf\Catalina\localhost\T03_BodegaLaEsquinita_P.xml] has finished in [1.534] ms
28-Oct-2024 10:28:17.881 INFO [main] org.apache.coyote.AbstractProtocol.start Starting ProtocolHandler ["http-nio-8080"]
28-Oct-2024 10:28:17.948 INFO [main] org.apache.catalina.startup.Catalina.start Server startup in [1723] milliseconds
28-Oct-2024 10:28:45.604 INFO [Thread-1] org.apache.coyote.AbstractProtocol.pause Pausing ProtocolHandler ["http-nio-8080"]
28-Oct-2024 10:28:45.968 INFO [Thread-1] org.apache.catalina.core.StandardService.stopInternal Parando servicio [Catalina]
28-Oct-2024 10:28:46.009 INFO [Thread-1] org.apache.coyote.AbstractProtocol.stop Stopping ProtocolHandler ["http-nio-8080"]
28-Oct-2024 10:28:46.017 INFO [Thread-1] org.apache.coyote.AbstractProtocol.destroy Destroying ProtocolHandler ["http-nio-8080"]
28-Oct-2024 10:28:51.257 INFO [main] org.apache.catalina.startup.VersionLoggerListener.log Nombre de la versión del servidor: Apache Tomcat/9.0.93
28-Oct-2024 10:28:51.264 INFO [main] org.apache.catalina.startup.VersionLoggerListener.log Server built:                      Aug 2 2024 21:24:59 UTC
28-Oct-2024 10:28:51.264 INFO [main] org.apache.catalina.startup.VersionLoggerListener.log Número de versión de servidor:     9.0.93.0
28-Oct-2024 10:28:51.264 INFO [main] org.apache.catalina.startup.VersionLoggerListener.log OS Name:                           Windows 11
28-Oct-2024 10:28:51.265 INFO [main] org.apache.catalina.startup.VersionLoggerListener.log Versión de Systema Operativo:      10.0
28-Oct-2024 10:28:51.265 INFO [main] org.apache.catalina.startup.VersionLoggerListener.log Arquitectura:                      amd64
28-Oct-2024 10:28:51.265 INFO [main] org.apache.catalina.startup.VersionLoggerListener.log Java Home:                         C:\Program Files\Java\jdk-17
28-Oct-2024 10:28:51.265 INFO [main] org.apache.catalina.startup.VersionLoggerListener.log JVM Version:                       17.0.10+11-LTS-240
28-Oct-2024 10:28:51.265 INFO [main] org.apache.catalina.startup.VersionLoggerListener.log Vededor JVM:                       Oracle Corporation
28-Oct-2024 10:28:51.266 INFO [main] org.apache.catalina.startup.VersionLoggerListener.log CATALINA_BASE:                     C:\Proyecto-3s\T03_BodegaLaEsquinita_P
28-Oct-2024 10:28:51.266 INFO [main] org.apache.catalina.startup.VersionLoggerListener.log CATALINA_HOME:                     C:\ValleGrande\IntelliJ\apache-tomcat-9.0.93
28-Oct-2024 10:28:51.283 INFO [main] org.apache.catalina.startup.VersionLoggerListener.log Command line argument:             --add-opens=java.base/java.lang=ALL-UNNAMED
28-Oct-2024 10:28:51.283 INFO [main] org.apache.catalina.startup.VersionLoggerListener.log Command line argument:             --add-opens=java.base/java.io=ALL-UNNAMED
28-Oct-2024 10:28:51.283 INFO [main] org.apache.catalina.startup.VersionLoggerListener.log Command line argument:             --add-opens=java.base/java.util=ALL-UNNAMED
28-Oct-2024 10:28:51.283 INFO [main] org.apache.catalina.startup.VersionLoggerListener.log Command line argument:             --add-opens=java.base/java.util.concurrent=ALL-UNNAMED
28-Oct-2024 10:28:51.284 INFO [main] org.apache.catalina.startup.VersionLoggerListener.log Command line argument:             --add-opens=java.rmi/sun.rmi.transport=ALL-UNNAMED
28-Oct-2024 10:28:51.284 INFO [main] org.apache.catalina.startup.VersionLoggerListener.log Command line argument:             -Dcatalina.home=C:\..\ValleGrande\IntelliJ\apache-tomcat-9.0.93
28-Oct-2024 10:28:51.284 INFO [main] org.apache.catalina.startup.VersionLoggerListener.log Command line argument:             -Dcatalina.base=C:\Proyecto-3s\T03_BodegaLaEsquinita_P
28-Oct-2024 10:28:51.284 INFO [main] org.apache.catalina.startup.VersionLoggerListener.log Command line argument:             -Djava.io.tmpdir=C:\Proyecto-3s\T03_BodegaLaEsquinita_P\temp
28-Oct-2024 10:28:51.284 INFO [main] org.apache.catalina.startup.VersionLoggerListener.log Command line argument:             -Djava.util.logging.config.file=C:\Proyecto-3s\T03_BodegaLaEsquinita_P\conf\logging.properties
28-Oct-2024 10:28:51.284 INFO [main] org.apache.catalina.startup.VersionLoggerListener.log Command line argument:             -Djava.util.logging.manager=org.apache.juli.ClassLoaderLogManager
28-Oct-2024 10:28:51.284 INFO [main] org.apache.catalina.startup.VersionLoggerListener.log Command line argument:             -javaagent:C:\Program Files\JetBrains\IntelliJ IDEA 2024.2.1\lib\idea_rt.jar=57408:C:\Program Files\JetBrains\IntelliJ IDEA 2024.2.1\bin
28-Oct-2024 10:28:51.284 INFO [main] org.apache.catalina.startup.VersionLoggerListener.log Command line argument:             -Dfile.encoding=UTF-8
28-Oct-2024 10:28:51.292 INFO [main] org.apache.catalina.core.AprLifecycleListener.lifecycleEvent Cargada la biblioteca nativa APR de Apache Tomcat [1.3.1] con la versión APR [1.7.4].
28-Oct-2024 10:28:51.292 INFO [main] org.apache.catalina.core.AprLifecycleListener.lifecycleEvent Capacidades APR: IPv6 [true], enviar fichero [true], aceptar filtros [false], aleatorio [true], UDS [true].
28-Oct-2024 10:28:51.292 INFO [main] org.apache.catalina.core.AprLifecycleListener.lifecycleEvent APR/OpenSSL configuration: useAprConnector [false], useOpenSSL [true]
28-Oct-2024 10:28:51.304 INFO [main] org.apache.catalina.core.AprLifecycleListener.initializeSSL OpenSSL inicializado correctamente [OpenSSL 3.0.14 4 Jun 2024]
28-Oct-2024 10:28:51.833 INFO [main] org.apache.coyote.AbstractProtocol.init Inicializando el manejador de protocolo ["http-nio-8080"]

28-Oct-2024 10:28:51.877 INFO [main] org.apache.catalina.startup.Catalina.load Server initialization in [1076] milliseconds
28-Oct-2024 10:28:51.977 INFO [main] org.apache.catalina.core.StandardService.startInternal Arrancando servicio [Catalina]
28-Oct-2024 10:28:51.977 INFO [main] org.apache.catalina.core.StandardEngine.startInternal Starting Servlet engine: [Apache Tomcat/9.0.93]
28-Oct-2024 10:28:51.999 INFO [main] org.apache.catalina.startup.HostConfig.deployDescriptor Desplieque del descriptor de configuración [C:\Proyecto-3s\T03_BodegaLaEsquinita_P\conf\Catalina\localhost\T03_BodegaLaEsquinita_P.xml]
28-Oct-2024 10:28:53.354 INFO [main] org.apache.jasper.servlet.TldScanner.scanJars Al menos un JAR, que se ha explorado buscando TLDs, aún no contenía TLDs. Activar historial de depuración para este historiador para una completa lista de los JARs que fueron explorados y de los que nos se halló TLDs. Saltarse JARs no necesarios durante la exploración puede dar lugar a una mejora de tiempo significativa en el arranque y compilación de JSP .
28-Oct-2024 10:28:53.526 INFO [main] org.apache.catalina.startup.HostConfig.deployDescriptor Deployment of deployment descriptor [C:\Proyecto-3s\T03_BodegaLaEsquinita_P\conf\Catalina\localhost\T03_BodegaLaEsquinita_P.xml] has finished in [1.526] ms
28-Oct-2024 10:28:53.533 INFO [main] org.apache.coyote.AbstractProtocol.start Starting ProtocolHandler ["http-nio-8080"]
28-Oct-2024 10:28:53.596 INFO [main] org.apache.catalina.startup.Catalina.start Server startup in [1719] milliseconds
28-Oct-2024 10:49:56.646 INFO [Thread-1] org.apache.coyote.AbstractProtocol.pause Pausing ProtocolHandler ["http-nio-8080"]
28-Oct-2024 10:49:56.951 INFO [Thread-1] org.apache.catalina.core.StandardService.stopInternal Parando servicio [Catalina]
28-Oct-2024 10:49:57.144 WARNING [Thread-1] org.apache.catalina.loader.WebappClassLoaderBase.clearReferencesJdbc La aplicación web [T03_BodegaLaEsquinita_P] registró el conductor JDBC [com.microsoft.sqlserver.jdbc.SQLServerDriver] pero falló al anular el registro mientras la aplicación web estaba parada. Para prevenir un fallo de memoria, se ha anulado el registro del conductor JDBC por la fuerza.
28-Oct-2024 10:49:57.202 INFO [Thread-1] org.apache.coyote.AbstractProtocol.stop Stopping ProtocolHandler ["http-nio-8080"]
28-Oct-2024 10:49:57.224 INFO [Thread-1] org.apache.coyote.AbstractProtocol.destroy Destroying ProtocolHandler ["http-nio-8080"]
28-Oct-2024 10:50:12.665 INFO [main] org.apache.catalina.startup.VersionLoggerListener.log Nombre de la versión del servidor: Apache Tomcat/9.0.93
28-Oct-2024 10:50:12.675 INFO [main] org.apache.catalina.startup.VersionLoggerListener.log Server built:                      Aug 2 2024 21:24:59 UTC
28-Oct-2024 10:50:12.675 INFO [main] org.apache.catalina.startup.VersionLoggerListener.log Número de versión de servidor:     9.0.93.0
28-Oct-2024 10:50:12.675 INFO [main] org.apache.catalina.startup.VersionLoggerListener.log OS Name:                           Windows 11
28-Oct-2024 10:50:12.675 INFO [main] org.apache.catalina.startup.VersionLoggerListener.log Versión de Systema Operativo:      10.0
28-Oct-2024 10:50:12.675 INFO [main] org.apache.catalina.startup.VersionLoggerListener.log Arquitectura:                      amd64
28-Oct-2024 10:50:12.675 INFO [main] org.apache.catalina.startup.VersionLoggerListener.log Java Home:                         C:\Program Files\Java\jdk-17
28-Oct-2024 10:50:12.675 INFO [main] org.apache.catalina.startup.VersionLoggerListener.log JVM Version:                       17.0.10+11-LTS-240
28-Oct-2024 10:50:12.678 INFO [main] org.apache.catalina.startup.VersionLoggerListener.log Vededor JVM:                       Oracle Corporation
28-Oct-2024 10:50:12.678 INFO [main] org.apache.catalina.startup.VersionLoggerListener.log CATALINA_BASE:                     C:\Proyecto-3s\T03_BodegaLaEsquinita_P
28-Oct-2024 10:50:12.678 INFO [main] org.apache.catalina.startup.VersionLoggerListener.log CATALINA_HOME:                     C:\ValleGrande\IntelliJ\apache-tomcat-9.0.93
28-Oct-2024 10:50:12.702 INFO [main] org.apache.catalina.startup.VersionLoggerListener.log Command line argument:             --add-opens=java.base/java.lang=ALL-UNNAMED
28-Oct-2024 10:50:12.702 INFO [main] org.apache.catalina.startup.VersionLoggerListener.log Command line argument:             --add-opens=java.base/java.io=ALL-UNNAMED
28-Oct-2024 10:50:12.702 INFO [main] org.apache.catalina.startup.VersionLoggerListener.log Command line argument:             --add-opens=java.base/java.util=ALL-UNNAMED
28-Oct-2024 10:50:12.703 INFO [main] org.apache.catalina.startup.VersionLoggerListener.log Command line argument:             --add-opens=java.base/java.util.concurrent=ALL-UNNAMED
28-Oct-2024 10:50:12.703 INFO [main] org.apache.catalina.startup.VersionLoggerListener.log Command line argument:             --add-opens=java.rmi/sun.rmi.transport=ALL-UNNAMED
28-Oct-2024 10:50:12.703 INFO [main] org.apache.catalina.startup.VersionLoggerListener.log Command line argument:             -Dcatalina.home=C:\..\ValleGrande\IntelliJ\apache-tomcat-9.0.93
28-Oct-2024 10:50:12.703 INFO [main] org.apache.catalina.startup.VersionLoggerListener.log Command line argument:             -Dcatalina.base=C:\Proyecto-3s\T03_BodegaLaEsquinita_P
28-Oct-2024 10:50:12.703 INFO [main] org.apache.catalina.startup.VersionLoggerListener.log Command line argument:             -Djava.io.tmpdir=C:\Proyecto-3s\T03_BodegaLaEsquinita_P\temp
28-Oct-2024 10:50:12.703 INFO [main] org.apache.catalina.startup.VersionLoggerListener.log Command line argument:             -Djava.util.logging.config.file=C:\Proyecto-3s\T03_BodegaLaEsquinita_P\conf\logging.properties
28-Oct-2024 10:50:12.703 INFO [main] org.apache.catalina.startup.VersionLoggerListener.log Command line argument:             -Djava.util.logging.manager=org.apache.juli.ClassLoaderLogManager
28-Oct-2024 10:50:12.704 INFO [main] org.apache.catalina.startup.VersionLoggerListener.log Command line argument:             -javaagent:C:\Program Files\JetBrains\IntelliJ IDEA 2024.2.1\lib\idea_rt.jar=61064:C:\Program Files\JetBrains\IntelliJ IDEA 2024.2.1\bin
28-Oct-2024 10:50:12.704 INFO [main] org.apache.catalina.startup.VersionLoggerListener.log Command line argument:             -Dfile.encoding=UTF-8
28-Oct-2024 10:50:12.727 INFO [main] org.apache.catalina.core.AprLifecycleListener.lifecycleEvent Cargada la biblioteca nativa APR de Apache Tomcat [1.3.1] con la versión APR [1.7.4].
28-Oct-2024 10:50:12.728 INFO [main] org.apache.catalina.core.AprLifecycleListener.lifecycleEvent Capacidades APR: IPv6 [true], enviar fichero [true], aceptar filtros [false], aleatorio [true], UDS [true].
28-Oct-2024 10:50:12.728 INFO [main] org.apache.catalina.core.AprLifecycleListener.lifecycleEvent APR/OpenSSL configuration: useAprConnector [false], useOpenSSL [true]
28-Oct-2024 10:50:12.797 INFO [main] org.apache.catalina.core.AprLifecycleListener.initializeSSL OpenSSL inicializado correctamente [OpenSSL 3.0.14 4 Jun 2024]
28-Oct-2024 10:50:13.504 INFO [main] org.apache.coyote.AbstractProtocol.init Inicializando el manejador de protocolo ["http-nio-8080"]

28-Oct-2024 10:50:13.545 INFO [main] org.apache.catalina.startup.Catalina.load Server initialization in [1452] milliseconds
28-Oct-2024 10:50:13.640 INFO [main] org.apache.catalina.core.StandardService.startInternal Arrancando servicio [Catalina]
28-Oct-2024 10:50:13.640 INFO [main] org.apache.catalina.core.StandardEngine.startInternal Starting Servlet engine: [Apache Tomcat/9.0.93]
28-Oct-2024 10:50:13.661 INFO [main] org.apache.catalina.startup.HostConfig.deployDescriptor Desplieque del descriptor de configuración [C:\Proyecto-3s\T03_BodegaLaEsquinita_P\conf\Catalina\localhost\T03_BodegaLaEsquinita_P.xml]
28-Oct-2024 10:50:14.876 INFO [main] org.apache.jasper.servlet.TldScanner.scanJars Al menos un JAR, que se ha explorado buscando TLDs, aún no contenía TLDs. Activar historial de depuración para este historiador para una completa lista de los JARs que fueron explorados y de los que nos se halló TLDs. Saltarse JARs no necesarios durante la exploración puede dar lugar a una mejora de tiempo significativa en el arranque y compilación de JSP .
28-Oct-2024 10:50:15.070 INFO [main] org.apache.catalina.startup.HostConfig.deployDescriptor Deployment of deployment descriptor [C:\Proyecto-3s\T03_BodegaLaEsquinita_P\conf\Catalina\localhost\T03_BodegaLaEsquinita_P.xml] has finished in [1.406] ms
28-Oct-2024 10:50:15.077 INFO [main] org.apache.coyote.AbstractProtocol.start Starting ProtocolHandler ["http-nio-8080"]
28-Oct-2024 10:50:15.137 INFO [main] org.apache.catalina.startup.Catalina.start Server startup in [1591] milliseconds
28-Oct-2024 10:53:12.401 INFO [Thread-1] org.apache.coyote.AbstractProtocol.pause Pausing ProtocolHandler ["http-nio-8080"]
28-Oct-2024 10:53:12.761 INFO [Thread-1] org.apache.catalina.core.StandardService.stopInternal Parando servicio [Catalina]
28-Oct-2024 10:53:12.981 INFO [Thread-1] org.apache.coyote.AbstractProtocol.stop Stopping ProtocolHandler ["http-nio-8080"]
28-Oct-2024 10:53:13.013 INFO [Thread-1] org.apache.coyote.AbstractProtocol.destroy Destroying ProtocolHandler ["http-nio-8080"]
28-Oct-2024 10:53:22.507 INFO [main] org.apache.catalina.startup.VersionLoggerListener.log Nombre de la versión del servidor: Apache Tomcat/9.0.93
28-Oct-2024 10:53:22.516 INFO [main] org.apache.catalina.startup.VersionLoggerListener.log Server built:                      Aug 2 2024 21:24:59 UTC
28-Oct-2024 10:53:22.516 INFO [main] org.apache.catalina.startup.VersionLoggerListener.log Número de versión de servidor:     9.0.93.0
28-Oct-2024 10:53:22.517 INFO [main] org.apache.catalina.startup.VersionLoggerListener.log OS Name:                           Windows 11
28-Oct-2024 10:53:22.519 INFO [main] org.apache.catalina.startup.VersionLoggerListener.log Versión de Systema Operativo:      10.0
28-Oct-2024 10:53:22.520 INFO [main] org.apache.catalina.startup.VersionLoggerListener.log Arquitectura:                      amd64
28-Oct-2024 10:53:22.520 INFO [main] org.apache.catalina.startup.VersionLoggerListener.log Java Home:                         C:\Program Files\Java\jdk-17
28-Oct-2024 10:53:22.520 INFO [main] org.apache.catalina.startup.VersionLoggerListener.log JVM Version:                       17.0.10+11-LTS-240
28-Oct-2024 10:53:22.520 INFO [main] org.apache.catalina.startup.VersionLoggerListener.log Vededor JVM:                       Oracle Corporation
28-Oct-2024 10:53:22.521 INFO [main] org.apache.catalina.startup.VersionLoggerListener.log CATALINA_BASE:                     C:\Proyecto-3s\T03_BodegaLaEsquinita_P
28-Oct-2024 10:53:22.521 INFO [main] org.apache.catalina.startup.VersionLoggerListener.log CATALINA_HOME:                     C:\ValleGrande\IntelliJ\apache-tomcat-9.0.93
28-Oct-2024 10:53:22.539 INFO [main] org.apache.catalina.startup.VersionLoggerListener.log Command line argument:             --add-opens=java.base/java.lang=ALL-UNNAMED
28-Oct-2024 10:53:22.540 INFO [main] org.apache.catalina.startup.VersionLoggerListener.log Command line argument:             --add-opens=java.base/java.io=ALL-UNNAMED
28-Oct-2024 10:53:22.540 INFO [main] org.apache.catalina.startup.VersionLoggerListener.log Command line argument:             --add-opens=java.base/java.util=ALL-UNNAMED
28-Oct-2024 10:53:22.540 INFO [main] org.apache.catalina.startup.VersionLoggerListener.log Command line argument:             --add-opens=java.base/java.util.concurrent=ALL-UNNAMED
28-Oct-2024 10:53:22.540 INFO [main] org.apache.catalina.startup.VersionLoggerListener.log Command line argument:             --add-opens=java.rmi/sun.rmi.transport=ALL-UNNAMED
28-Oct-2024 10:53:22.540 INFO [main] org.apache.catalina.startup.VersionLoggerListener.log Command line argument:             -Dcatalina.home=C:\..\ValleGrande\IntelliJ\apache-tomcat-9.0.93
28-Oct-2024 10:53:22.541 INFO [main] org.apache.catalina.startup.VersionLoggerListener.log Command line argument:             -Dcatalina.base=C:\Proyecto-3s\T03_BodegaLaEsquinita_P
28-Oct-2024 10:53:22.541 INFO [main] org.apache.catalina.startup.VersionLoggerListener.log Command line argument:             -Djava.io.tmpdir=C:\Proyecto-3s\T03_BodegaLaEsquinita_P\temp
28-Oct-2024 10:53:22.541 INFO [main] org.apache.catalina.startup.VersionLoggerListener.log Command line argument:             -Djava.util.logging.config.file=C:\Proyecto-3s\T03_BodegaLaEsquinita_P\conf\logging.properties
28-Oct-2024 10:53:22.541 INFO [main] org.apache.catalina.startup.VersionLoggerListener.log Command line argument:             -Djava.util.logging.manager=org.apache.juli.ClassLoaderLogManager
28-Oct-2024 10:53:22.541 INFO [main] org.apache.catalina.startup.VersionLoggerListener.log Command line argument:             -javaagent:C:\Program Files\JetBrains\IntelliJ IDEA 2024.2.1\lib\idea_rt.jar=61087:C:\Program Files\JetBrains\IntelliJ IDEA 2024.2.1\bin
28-Oct-2024 10:53:22.541 INFO [main] org.apache.catalina.startup.VersionLoggerListener.log Command line argument:             -Dfile.encoding=UTF-8
28-Oct-2024 10:53:22.555 INFO [main] org.apache.catalina.core.AprLifecycleListener.lifecycleEvent Cargada la biblioteca nativa APR de Apache Tomcat [1.3.1] con la versión APR [1.7.4].
28-Oct-2024 10:53:22.555 INFO [main] org.apache.catalina.core.AprLifecycleListener.lifecycleEvent Capacidades APR: IPv6 [true], enviar fichero [true], aceptar filtros [false], aleatorio [true], UDS [true].
28-Oct-2024 10:53:22.555 INFO [main] org.apache.catalina.core.AprLifecycleListener.lifecycleEvent APR/OpenSSL configuration: useAprConnector [false], useOpenSSL [true]
28-Oct-2024 10:53:22.593 INFO [main] org.apache.catalina.core.AprLifecycleListener.initializeSSL OpenSSL inicializado correctamente [OpenSSL 3.0.14 4 Jun 2024]
28-Oct-2024 10:53:23.137 INFO [main] org.apache.coyote.AbstractProtocol.init Inicializando el manejador de protocolo ["http-nio-8080"]

28-Oct-2024 10:53:23.176 INFO [main] org.apache.catalina.startup.Catalina.load Server initialization in [1249] milliseconds
28-Oct-2024 10:53:23.278 INFO [main] org.apache.catalina.core.StandardService.startInternal Arrancando servicio [Catalina]
28-Oct-2024 10:53:23.279 INFO [main] org.apache.catalina.core.StandardEngine.startInternal Starting Servlet engine: [Apache Tomcat/9.0.93]
28-Oct-2024 10:53:23.300 INFO [main] org.apache.catalina.startup.HostConfig.deployDescriptor Desplieque del descriptor de configuración [C:\Proyecto-3s\T03_BodegaLaEsquinita_P\conf\Catalina\localhost\T03_BodegaLaEsquinita_P.xml]
28-Oct-2024 10:53:24.633 INFO [main] org.apache.jasper.servlet.TldScanner.scanJars Al menos un JAR, que se ha explorado buscando TLDs, aún no contenía TLDs. Activar historial de depuración para este historiador para una completa lista de los JARs que fueron explorados y de los que nos se halló TLDs. Saltarse JARs no necesarios durante la exploración puede dar lugar a una mejora de tiempo significativa en el arranque y compilación de JSP .
28-Oct-2024 10:53:24.820 INFO [main] org.apache.catalina.startup.HostConfig.deployDescriptor Deployment of deployment descriptor [C:\Proyecto-3s\T03_BodegaLaEsquinita_P\conf\Catalina\localhost\T03_BodegaLaEsquinita_P.xml] has finished in [1.516] ms
28-Oct-2024 10:53:24.827 INFO [main] org.apache.coyote.AbstractProtocol.start Starting ProtocolHandler ["http-nio-8080"]
28-Oct-2024 10:53:24.888 INFO [main] org.apache.catalina.startup.Catalina.start Server startup in [1711] milliseconds
28-Oct-2024 11:04:09.455 INFO [Thread-1] org.apache.coyote.AbstractProtocol.pause Pausing ProtocolHandler ["http-nio-8080"]
28-Oct-2024 11:04:09.883 INFO [Thread-1] org.apache.catalina.core.StandardService.stopInternal Parando servicio [Catalina]
28-Oct-2024 11:04:10.295 WARNING [Thread-1] org.apache.catalina.loader.WebappClassLoaderBase.clearReferencesJdbc La aplicación web [T03_BodegaLaEsquinita_P] registró el conductor JDBC [com.microsoft.sqlserver.jdbc.SQLServerDriver] pero falló al anular el registro mientras la aplicación web estaba parada. Para prevenir un fallo de memoria, se ha anulado el registro del conductor JDBC por la fuerza.
28-Oct-2024 11:04:10.438 INFO [Thread-1] org.apache.coyote.AbstractProtocol.stop Stopping ProtocolHandler ["http-nio-8080"]
28-Oct-2024 11:04:10.486 INFO [Thread-1] org.apache.coyote.AbstractProtocol.destroy Destroying ProtocolHandler ["http-nio-8080"]
28-Oct-2024 11:04:36.257 INFO [main] org.apache.catalina.startup.VersionLoggerListener.log Nombre de la versión del servidor: Apache Tomcat/9.0.93
28-Oct-2024 11:04:36.265 INFO [main] org.apache.catalina.startup.VersionLoggerListener.log Server built:                      Aug 2 2024 21:24:59 UTC
28-Oct-2024 11:04:36.266 INFO [main] org.apache.catalina.startup.VersionLoggerListener.log Número de versión de servidor:     9.0.93.0
28-Oct-2024 11:04:36.266 INFO [main] org.apache.catalina.startup.VersionLoggerListener.log OS Name:                           Windows 11
28-Oct-2024 11:04:36.266 INFO [main] org.apache.catalina.startup.VersionLoggerListener.log Versión de Systema Operativo:      10.0
28-Oct-2024 11:04:36.266 INFO [main] org.apache.catalina.startup.VersionLoggerListener.log Arquitectura:                      amd64
28-Oct-2024 11:04:36.266 INFO [main] org.apache.catalina.startup.VersionLoggerListener.log Java Home:                         C:\Program Files\Java\jdk-17
28-Oct-2024 11:04:36.266 INFO [main] org.apache.catalina.startup.VersionLoggerListener.log JVM Version:                       17.0.10+11-LTS-240
28-Oct-2024 11:04:36.267 INFO [main] org.apache.catalina.startup.VersionLoggerListener.log Vededor JVM:                       Oracle Corporation
28-Oct-2024 11:04:36.268 INFO [main] org.apache.catalina.startup.VersionLoggerListener.log CATALINA_BASE:                     C:\Proyecto-3s\T03_BodegaLaEsquinita_P
28-Oct-2024 11:04:36.268 INFO [main] org.apache.catalina.startup.VersionLoggerListener.log CATALINA_HOME:                     C:\ValleGrande\IntelliJ\apache-tomcat-9.0.93
28-Oct-2024 11:04:36.285 INFO [main] org.apache.catalina.startup.VersionLoggerListener.log Command line argument:             --add-opens=java.base/java.lang=ALL-UNNAMED
28-Oct-2024 11:04:36.285 INFO [main] org.apache.catalina.startup.VersionLoggerListener.log Command line argument:             --add-opens=java.base/java.io=ALL-UNNAMED
28-Oct-2024 11:04:36.285 INFO [main] org.apache.catalina.startup.VersionLoggerListener.log Command line argument:             --add-opens=java.base/java.util=ALL-UNNAMED
28-Oct-2024 11:04:36.285 INFO [main] org.apache.catalina.startup.VersionLoggerListener.log Command line argument:             --add-opens=java.base/java.util.concurrent=ALL-UNNAMED
28-Oct-2024 11:04:36.285 INFO [main] org.apache.catalina.startup.VersionLoggerListener.log Command line argument:             --add-opens=java.rmi/sun.rmi.transport=ALL-UNNAMED
28-Oct-2024 11:04:36.285 INFO [main] org.apache.catalina.startup.VersionLoggerListener.log Command line argument:             -Dcatalina.home=C:\..\ValleGrande\IntelliJ\apache-tomcat-9.0.93
28-Oct-2024 11:04:36.285 INFO [main] org.apache.catalina.startup.VersionLoggerListener.log Command line argument:             -Dcatalina.base=C:\Proyecto-3s\T03_BodegaLaEsquinita_P
28-Oct-2024 11:04:36.285 INFO [main] org.apache.catalina.startup.VersionLoggerListener.log Command line argument:             -Djava.io.tmpdir=C:\Proyecto-3s\T03_BodegaLaEsquinita_P\temp
28-Oct-2024 11:04:36.285 INFO [main] org.apache.catalina.startup.VersionLoggerListener.log Command line argument:             -Djava.util.logging.config.file=C:\Proyecto-3s\T03_BodegaLaEsquinita_P\conf\logging.properties
28-Oct-2024 11:04:36.286 INFO [main] org.apache.catalina.startup.VersionLoggerListener.log Command line argument:             -Djava.util.logging.manager=org.apache.juli.ClassLoaderLogManager
28-Oct-2024 11:04:36.287 INFO [main] org.apache.catalina.startup.VersionLoggerListener.log Command line argument:             -javaagent:C:\Program Files\JetBrains\IntelliJ IDEA 2024.2.1\lib\idea_rt.jar=61256:C:\Program Files\JetBrains\IntelliJ IDEA 2024.2.1\bin
28-Oct-2024 11:04:36.287 INFO [main] org.apache.catalina.startup.VersionLoggerListener.log Command line argument:             -Dfile.encoding=UTF-8
28-Oct-2024 11:04:36.299 INFO [main] org.apache.catalina.core.AprLifecycleListener.lifecycleEvent Cargada la biblioteca nativa APR de Apache Tomcat [1.3.1] con la versión APR [1.7.4].
28-Oct-2024 11:04:36.301 INFO [main] org.apache.catalina.core.AprLifecycleListener.lifecycleEvent Capacidades APR: IPv6 [true], enviar fichero [true], aceptar filtros [false], aleatorio [true], UDS [true].
28-Oct-2024 11:04:36.301 INFO [main] org.apache.catalina.core.AprLifecycleListener.lifecycleEvent APR/OpenSSL configuration: useAprConnector [false], useOpenSSL [true]
28-Oct-2024 11:04:36.351 INFO [main] org.apache.catalina.core.AprLifecycleListener.initializeSSL OpenSSL inicializado correctamente [OpenSSL 3.0.14 4 Jun 2024]
28-Oct-2024 11:04:36.944 INFO [main] org.apache.coyote.AbstractProtocol.init Inicializando el manejador de protocolo ["http-nio-8080"]

28-Oct-2024 11:04:36.986 INFO [main] org.apache.catalina.startup.Catalina.load Server initialization in [1296] milliseconds
28-Oct-2024 11:04:37.085 INFO [main] org.apache.catalina.core.StandardService.startInternal Arrancando servicio [Catalina]
28-Oct-2024 11:04:37.086 INFO [main] org.apache.catalina.core.StandardEngine.startInternal Starting Servlet engine: [Apache Tomcat/9.0.93]
28-Oct-2024 11:04:37.112 INFO [main] org.apache.catalina.startup.HostConfig.deployDescriptor Desplieque del descriptor de configuración [C:\Proyecto-3s\T03_BodegaLaEsquinita_P\conf\Catalina\localhost\T03_BodegaLaEsquinita_P.xml]
28-Oct-2024 11:04:38.908 INFO [main] org.apache.jasper.servlet.TldScanner.scanJars Al menos un JAR, que se ha explorado buscando TLDs, aún no contenía TLDs. Activar historial de depuración para este historiador para una completa lista de los JARs que fueron explorados y de los que nos se halló TLDs. Saltarse JARs no necesarios durante la exploración puede dar lugar a una mejora de tiempo significativa en el arranque y compilación de JSP .
28-Oct-2024 11:04:39.198 INFO [main] org.apache.catalina.startup.HostConfig.deployDescriptor Deployment of deployment descriptor [C:\Proyecto-3s\T03_BodegaLaEsquinita_P\conf\Catalina\localhost\T03_BodegaLaEsquinita_P.xml] has finished in [2.078] ms
28-Oct-2024 11:04:39.221 INFO [main] org.apache.coyote.AbstractProtocol.start Starting ProtocolHandler ["http-nio-8080"]
28-Oct-2024 11:04:39.313 INFO [main] org.apache.catalina.startup.Catalina.start Server startup in [2328] milliseconds
28-Oct-2024 11:13:17.112 INFO [Thread-1] org.apache.coyote.AbstractProtocol.pause Pausing ProtocolHandler ["http-nio-8080"]
28-Oct-2024 11:13:17.666 INFO [Thread-1] org.apache.catalina.core.StandardService.stopInternal Parando servicio [Catalina]
28-Oct-2024 11:13:18.339 WARNING [Thread-1] org.apache.catalina.loader.WebappClassLoaderBase.clearReferencesJdbc La aplicación web [T03_BodegaLaEsquinita_P] registró el conductor JDBC [com.microsoft.sqlserver.jdbc.SQLServerDriver] pero falló al anular el registro mientras la aplicación web estaba parada. Para prevenir un fallo de memoria, se ha anulado el registro del conductor JDBC por la fuerza.
28-Oct-2024 11:13:18.429 INFO [Thread-1] org.apache.coyote.AbstractProtocol.stop Stopping ProtocolHandler ["http-nio-8080"]
28-Oct-2024 11:13:18.467 INFO [Thread-1] org.apache.coyote.AbstractProtocol.destroy Destroying ProtocolHandler ["http-nio-8080"]
28-Oct-2024 11:13:37.535 INFO [main] org.apache.catalina.startup.VersionLoggerListener.log Nombre de la versión del servidor: Apache Tomcat/9.0.93
28-Oct-2024 11:13:37.546 INFO [main] org.apache.catalina.startup.VersionLoggerListener.log Server built:                      Aug 2 2024 21:24:59 UTC
28-Oct-2024 11:13:37.546 INFO [main] org.apache.catalina.startup.VersionLoggerListener.log Número de versión de servidor:     9.0.93.0
28-Oct-2024 11:13:37.548 INFO [main] org.apache.catalina.startup.VersionLoggerListener.log OS Name:                           Windows 11
28-Oct-2024 11:13:37.548 INFO [main] org.apache.catalina.startup.VersionLoggerListener.log Versión de Systema Operativo:      10.0
28-Oct-2024 11:13:37.548 INFO [main] org.apache.catalina.startup.VersionLoggerListener.log Arquitectura:                      amd64
28-Oct-2024 11:13:37.549 INFO [main] org.apache.catalina.startup.VersionLoggerListener.log Java Home:                         C:\Program Files\Java\jdk-17
28-Oct-2024 11:13:37.549 INFO [main] org.apache.catalina.startup.VersionLoggerListener.log JVM Version:                       17.0.10+11-LTS-240
28-Oct-2024 11:13:37.550 INFO [main] org.apache.catalina.startup.VersionLoggerListener.log Vededor JVM:                       Oracle Corporation
28-Oct-2024 11:13:37.550 INFO [main] org.apache.catalina.startup.VersionLoggerListener.log CATALINA_BASE:                     C:\Proyecto-3s\T03_BodegaLaEsquinita_P
28-Oct-2024 11:13:37.550 INFO [main] org.apache.catalina.startup.VersionLoggerListener.log CATALINA_HOME:                     C:\ValleGrande\IntelliJ\apache-tomcat-9.0.93
28-Oct-2024 11:13:37.569 INFO [main] org.apache.catalina.startup.VersionLoggerListener.log Command line argument:             --add-opens=java.base/java.lang=ALL-UNNAMED
28-Oct-2024 11:13:37.569 INFO [main] org.apache.catalina.startup.VersionLoggerListener.log Command line argument:             --add-opens=java.base/java.io=ALL-UNNAMED
28-Oct-2024 11:13:37.569 INFO [main] org.apache.catalina.startup.VersionLoggerListener.log Command line argument:             --add-opens=java.base/java.util=ALL-UNNAMED
28-Oct-2024 11:13:37.570 INFO [main] org.apache.catalina.startup.VersionLoggerListener.log Command line argument:             --add-opens=java.base/java.util.concurrent=ALL-UNNAMED
28-Oct-2024 11:13:37.570 INFO [main] org.apache.catalina.startup.VersionLoggerListener.log Command line argument:             --add-opens=java.rmi/sun.rmi.transport=ALL-UNNAMED
28-Oct-2024 11:13:37.570 INFO [main] org.apache.catalina.startup.VersionLoggerListener.log Command line argument:             -Dcatalina.home=C:\..\ValleGrande\IntelliJ\apache-tomcat-9.0.93
28-Oct-2024 11:13:37.570 INFO [main] org.apache.catalina.startup.VersionLoggerListener.log Command line argument:             -Dcatalina.base=C:\Proyecto-3s\T03_BodegaLaEsquinita_P
28-Oct-2024 11:13:37.570 INFO [main] org.apache.catalina.startup.VersionLoggerListener.log Command line argument:             -Djava.io.tmpdir=C:\Proyecto-3s\T03_BodegaLaEsquinita_P\temp
28-Oct-2024 11:13:37.570 INFO [main] org.apache.catalina.startup.VersionLoggerListener.log Command line argument:             -Djava.util.logging.config.file=C:\Proyecto-3s\T03_BodegaLaEsquinita_P\conf\logging.properties
28-Oct-2024 11:13:37.570 INFO [main] org.apache.catalina.startup.VersionLoggerListener.log Command line argument:             -Djava.util.logging.manager=org.apache.juli.ClassLoaderLogManager
28-Oct-2024 11:13:37.571 INFO [main] org.apache.catalina.startup.VersionLoggerListener.log Command line argument:             -javaagent:C:\Program Files\JetBrains\IntelliJ IDEA 2024.2.1\lib\idea_rt.jar=61518:C:\Program Files\JetBrains\IntelliJ IDEA 2024.2.1\bin
28-Oct-2024 11:13:37.571 INFO [main] org.apache.catalina.startup.VersionLoggerListener.log Command line argument:             -Dfile.encoding=UTF-8
28-Oct-2024 11:13:37.590 INFO [main] org.apache.catalina.core.AprLifecycleListener.lifecycleEvent Cargada la biblioteca nativa APR de Apache Tomcat [1.3.1] con la versión APR [1.7.4].
28-Oct-2024 11:13:37.591 INFO [main] org.apache.catalina.core.AprLifecycleListener.lifecycleEvent Capacidades APR: IPv6 [true], enviar fichero [true], aceptar filtros [false], aleatorio [true], UDS [true].
28-Oct-2024 11:13:37.591 INFO [main] org.apache.catalina.core.AprLifecycleListener.lifecycleEvent APR/OpenSSL configuration: useAprConnector [false], useOpenSSL [true]
28-Oct-2024 11:13:37.636 INFO [main] org.apache.catalina.core.AprLifecycleListener.initializeSSL OpenSSL inicializado correctamente [OpenSSL 3.0.14 4 Jun 2024]
28-Oct-2024 11:13:38.296 INFO [main] org.apache.coyote.AbstractProtocol.init Inicializando el manejador de protocolo ["http-nio-8080"]

28-Oct-2024 11:13:38.349 INFO [main] org.apache.catalina.startup.Catalina.load Server initialization in [1343] milliseconds
28-Oct-2024 11:13:38.448 INFO [main] org.apache.catalina.core.StandardService.startInternal Arrancando servicio [Catalina]
28-Oct-2024 11:13:38.448 INFO [main] org.apache.catalina.core.StandardEngine.startInternal Starting Servlet engine: [Apache Tomcat/9.0.93]
28-Oct-2024 11:13:38.466 INFO [main] org.apache.catalina.startup.HostConfig.deployDescriptor Desplieque del descriptor de configuración [C:\Proyecto-3s\T03_BodegaLaEsquinita_P\conf\Catalina\localhost\T03_BodegaLaEsquinita_P.xml]
28-Oct-2024 11:13:40.045 INFO [main] org.apache.jasper.servlet.TldScanner.scanJars Al menos un JAR, que se ha explorado buscando TLDs, aún no contenía TLDs. Activar historial de depuración para este historiador para una completa lista de los JARs que fueron explorados y de los que nos se halló TLDs. Saltarse JARs no necesarios durante la exploración puede dar lugar a una mejora de tiempo significativa en el arranque y compilación de JSP .
28-Oct-2024 11:13:40.279 INFO [main] org.apache.catalina.startup.HostConfig.deployDescriptor Deployment of deployment descriptor [C:\Proyecto-3s\T03_BodegaLaEsquinita_P\conf\Catalina\localhost\T03_BodegaLaEsquinita_P.xml] has finished in [1.807] ms
28-Oct-2024 11:13:40.290 INFO [main] org.apache.coyote.AbstractProtocol.start Starting ProtocolHandler ["http-nio-8080"]
28-Oct-2024 11:13:40.398 INFO [main] org.apache.catalina.startup.Catalina.start Server startup in [2048] milliseconds
28-Oct-2024 11:16:38.208 INFO [Thread-1] org.apache.coyote.AbstractProtocol.pause Pausing ProtocolHandler ["http-nio-8080"]
28-Oct-2024 11:16:38.652 INFO [Thread-1] org.apache.catalina.core.StandardService.stopInternal Parando servicio [Catalina]
28-Oct-2024 11:16:38.831 WARNING [Thread-1] org.apache.catalina.loader.WebappClassLoaderBase.clearReferencesJdbc La aplicación web [T03_BodegaLaEsquinita_P] registró el conductor JDBC [com.microsoft.sqlserver.jdbc.SQLServerDriver] pero falló al anular el registro mientras la aplicación web estaba parada. Para prevenir un fallo de memoria, se ha anulado el registro del conductor JDBC por la fuerza.
28-Oct-2024 11:16:38.930 INFO [Thread-1] org.apache.coyote.AbstractProtocol.stop Stopping ProtocolHandler ["http-nio-8080"]
28-Oct-2024 11:16:38.954 INFO [Thread-1] org.apache.coyote.AbstractProtocol.destroy Destroying ProtocolHandler ["http-nio-8080"]
28-Oct-2024 11:17:00.251 INFO [main] org.apache.catalina.startup.VersionLoggerListener.log Nombre de la versión del servidor: Apache Tomcat/9.0.93
28-Oct-2024 11:17:00.262 INFO [main] org.apache.catalina.startup.VersionLoggerListener.log Server built:                      Aug 2 2024 21:24:59 UTC
28-Oct-2024 11:17:00.263 INFO [main] org.apache.catalina.startup.VersionLoggerListener.log Número de versión de servidor:     9.0.93.0
28-Oct-2024 11:17:00.263 INFO [main] org.apache.catalina.startup.VersionLoggerListener.log OS Name:                           Windows 11
28-Oct-2024 11:17:00.263 INFO [main] org.apache.catalina.startup.VersionLoggerListener.log Versión de Systema Operativo:      10.0
28-Oct-2024 11:17:00.264 INFO [main] org.apache.catalina.startup.VersionLoggerListener.log Arquitectura:                      amd64
28-Oct-2024 11:17:00.264 INFO [main] org.apache.catalina.startup.VersionLoggerListener.log Java Home:                         C:\Program Files\Java\jdk-17
28-Oct-2024 11:17:00.264 INFO [main] org.apache.catalina.startup.VersionLoggerListener.log JVM Version:                       17.0.10+11-LTS-240
28-Oct-2024 11:17:00.264 INFO [main] org.apache.catalina.startup.VersionLoggerListener.log Vededor JVM:                       Oracle Corporation
28-Oct-2024 11:17:00.264 INFO [main] org.apache.catalina.startup.VersionLoggerListener.log CATALINA_BASE:                     C:\Proyecto-3s\T03_BodegaLaEsquinita_P
28-Oct-2024 11:17:00.264 INFO [main] org.apache.catalina.startup.VersionLoggerListener.log CATALINA_HOME:                     C:\ValleGrande\IntelliJ\apache-tomcat-9.0.93
28-Oct-2024 11:17:00.295 INFO [main] org.apache.catalina.startup.VersionLoggerListener.log Command line argument:             --add-opens=java.base/java.lang=ALL-UNNAMED
28-Oct-2024 11:17:00.296 INFO [main] org.apache.catalina.startup.VersionLoggerListener.log Command line argument:             --add-opens=java.base/java.io=ALL-UNNAMED
28-Oct-2024 11:17:00.296 INFO [main] org.apache.catalina.startup.VersionLoggerListener.log Command line argument:             --add-opens=java.base/java.util=ALL-UNNAMED
28-Oct-2024 11:17:00.296 INFO [main] org.apache.catalina.startup.VersionLoggerListener.log Command line argument:             --add-opens=java.base/java.util.concurrent=ALL-UNNAMED
28-Oct-2024 11:17:00.297 INFO [main] org.apache.catalina.startup.VersionLoggerListener.log Command line argument:             --add-opens=java.rmi/sun.rmi.transport=ALL-UNNAMED
28-Oct-2024 11:17:00.297 INFO [main] org.apache.catalina.startup.VersionLoggerListener.log Command line argument:             -Dcatalina.home=C:\..\ValleGrande\IntelliJ\apache-tomcat-9.0.93
28-Oct-2024 11:17:00.297 INFO [main] org.apache.catalina.startup.VersionLoggerListener.log Command line argument:             -Dcatalina.base=C:\Proyecto-3s\T03_BodegaLaEsquinita_P
28-Oct-2024 11:17:00.297 INFO [main] org.apache.catalina.startup.VersionLoggerListener.log Command line argument:             -Djava.io.tmpdir=C:\Proyecto-3s\T03_BodegaLaEsquinita_P\temp
28-Oct-2024 11:17:00.297 INFO [main] org.apache.catalina.startup.VersionLoggerListener.log Command line argument:             -Djava.util.logging.config.file=C:\Proyecto-3s\T03_BodegaLaEsquinita_P\conf\logging.properties
28-Oct-2024 11:17:00.297 INFO [main] org.apache.catalina.startup.VersionLoggerListener.log Command line argument:             -Djava.util.logging.manager=org.apache.juli.ClassLoaderLogManager
28-Oct-2024 11:17:00.298 INFO [main] org.apache.catalina.startup.VersionLoggerListener.log Command line argument:             -javaagent:C:\Program Files\JetBrains\IntelliJ IDEA 2024.2.1\lib\idea_rt.jar=61575:C:\Program Files\JetBrains\IntelliJ IDEA 2024.2.1\bin
28-Oct-2024 11:17:00.298 INFO [main] org.apache.catalina.startup.VersionLoggerListener.log Command line argument:             -Dfile.encoding=UTF-8
28-Oct-2024 11:17:00.314 INFO [main] org.apache.catalina.core.AprLifecycleListener.lifecycleEvent Cargada la biblioteca nativa APR de Apache Tomcat [1.3.1] con la versión APR [1.7.4].
28-Oct-2024 11:17:00.315 INFO [main] org.apache.catalina.core.AprLifecycleListener.lifecycleEvent Capacidades APR: IPv6 [true], enviar fichero [true], aceptar filtros [false], aleatorio [true], UDS [true].
28-Oct-2024 11:17:00.315 INFO [main] org.apache.catalina.core.AprLifecycleListener.lifecycleEvent APR/OpenSSL configuration: useAprConnector [false], useOpenSSL [true]
28-Oct-2024 11:17:00.357 INFO [main] org.apache.catalina.core.AprLifecycleListener.initializeSSL OpenSSL inicializado correctamente [OpenSSL 3.0.14 4 Jun 2024]
28-Oct-2024 11:17:01.091 INFO [main] org.apache.coyote.AbstractProtocol.init Inicializando el manejador de protocolo ["http-nio-8080"]

28-Oct-2024 11:17:01.141 INFO [main] org.apache.catalina.startup.Catalina.load Server initialization in [1810] milliseconds
28-Oct-2024 11:17:01.307 INFO [main] org.apache.catalina.core.StandardService.startInternal Arrancando servicio [Catalina]
28-Oct-2024 11:17:01.309 INFO [main] org.apache.catalina.core.StandardEngine.startInternal Starting Servlet engine: [Apache Tomcat/9.0.93]
28-Oct-2024 11:17:01.362 INFO [main] org.apache.catalina.startup.HostConfig.deployDescriptor Desplieque del descriptor de configuración [C:\Proyecto-3s\T03_BodegaLaEsquinita_P\conf\Catalina\localhost\T03_BodegaLaEsquinita_P.xml]
28-Oct-2024 11:17:04.073 INFO [main] org.apache.jasper.servlet.TldScanner.scanJars Al menos un JAR, que se ha explorado buscando TLDs, aún no contenía TLDs. Activar historial de depuración para este historiador para una completa lista de los JARs que fueron explorados y de los que nos se halló TLDs. Saltarse JARs no necesarios durante la exploración puede dar lugar a una mejora de tiempo significativa en el arranque y compilación de JSP .
28-Oct-2024 11:17:04.405 INFO [main] org.apache.catalina.startup.HostConfig.deployDescriptor Deployment of deployment descriptor [C:\Proyecto-3s\T03_BodegaLaEsquinita_P\conf\Catalina\localhost\T03_BodegaLaEsquinita_P.xml] has finished in [3.037] ms
28-Oct-2024 11:17:04.417 INFO [main] org.apache.coyote.AbstractProtocol.start Starting ProtocolHandler ["http-nio-8080"]
28-Oct-2024 11:17:04.513 INFO [main] org.apache.catalina.startup.Catalina.start Server startup in [3371] milliseconds
28-Oct-2024 11:18:58.100 INFO [Thread-1] org.apache.coyote.AbstractProtocol.pause Pausing ProtocolHandler ["http-nio-8080"]
28-Oct-2024 11:18:58.953 INFO [Thread-1] org.apache.catalina.core.StandardService.stopInternal Parando servicio [Catalina]
28-Oct-2024 11:18:59.337 INFO [Thread-1] org.apache.coyote.AbstractProtocol.stop Stopping ProtocolHandler ["http-nio-8080"]
28-Oct-2024 11:18:59.367 INFO [Thread-1] org.apache.coyote.AbstractProtocol.destroy Destroying ProtocolHandler ["http-nio-8080"]
28-Oct-2024 11:19:09.761 INFO [main] org.apache.catalina.startup.VersionLoggerListener.log Nombre de la versión del servidor: Apache Tomcat/9.0.93
28-Oct-2024 11:19:09.772 INFO [main] org.apache.catalina.startup.VersionLoggerListener.log Server built:                      Aug 2 2024 21:24:59 UTC
28-Oct-2024 11:19:09.773 INFO [main] org.apache.catalina.startup.VersionLoggerListener.log Número de versión de servidor:     9.0.93.0
28-Oct-2024 11:19:09.773 INFO [main] org.apache.catalina.startup.VersionLoggerListener.log OS Name:                           Windows 11
28-Oct-2024 11:19:09.773 INFO [main] org.apache.catalina.startup.VersionLoggerListener.log Versión de Systema Operativo:      10.0
28-Oct-2024 11:19:09.773 INFO [main] org.apache.catalina.startup.VersionLoggerListener.log Arquitectura:                      amd64
28-Oct-2024 11:19:09.773 INFO [main] org.apache.catalina.startup.VersionLoggerListener.log Java Home:                         C:\Program Files\Java\jdk-17
28-Oct-2024 11:19:09.774 INFO [main] org.apache.catalina.startup.VersionLoggerListener.log JVM Version:                       17.0.10+11-LTS-240
28-Oct-2024 11:19:09.774 INFO [main] org.apache.catalina.startup.VersionLoggerListener.log Vededor JVM:                       Oracle Corporation
28-Oct-2024 11:19:09.774 INFO [main] org.apache.catalina.startup.VersionLoggerListener.log CATALINA_BASE:                     C:\Proyecto-3s\T03_BodegaLaEsquinita_P
28-Oct-2024 11:19:09.774 INFO [main] org.apache.catalina.startup.VersionLoggerListener.log CATALINA_HOME:                     C:\ValleGrande\IntelliJ\apache-tomcat-9.0.93
28-Oct-2024 11:19:09.793 INFO [main] org.apache.catalina.startup.VersionLoggerListener.log Command line argument:             --add-opens=java.base/java.lang=ALL-UNNAMED
28-Oct-2024 11:19:09.793 INFO [main] org.apache.catalina.startup.VersionLoggerListener.log Command line argument:             --add-opens=java.base/java.io=ALL-UNNAMED
28-Oct-2024 11:19:09.794 INFO [main] org.apache.catalina.startup.VersionLoggerListener.log Command line argument:             --add-opens=java.base/java.util=ALL-UNNAMED
28-Oct-2024 11:19:09.794 INFO [main] org.apache.catalina.startup.VersionLoggerListener.log Command line argument:             --add-opens=java.base/java.util.concurrent=ALL-UNNAMED
28-Oct-2024 11:19:09.794 INFO [main] org.apache.catalina.startup.VersionLoggerListener.log Command line argument:             --add-opens=java.rmi/sun.rmi.transport=ALL-UNNAMED
28-Oct-2024 11:19:09.794 INFO [main] org.apache.catalina.startup.VersionLoggerListener.log Command line argument:             -Dcatalina.home=C:\..\ValleGrande\IntelliJ\apache-tomcat-9.0.93
28-Oct-2024 11:19:09.794 INFO [main] org.apache.catalina.startup.VersionLoggerListener.log Command line argument:             -Dcatalina.base=C:\Proyecto-3s\T03_BodegaLaEsquinita_P
28-Oct-2024 11:19:09.795 INFO [main] org.apache.catalina.startup.VersionLoggerListener.log Command line argument:             -Djava.io.tmpdir=C:\Proyecto-3s\T03_BodegaLaEsquinita_P\temp
28-Oct-2024 11:19:09.795 INFO [main] org.apache.catalina.startup.VersionLoggerListener.log Command line argument:             -Djava.util.logging.config.file=C:\Proyecto-3s\T03_BodegaLaEsquinita_P\conf\logging.properties
28-Oct-2024 11:19:09.795 INFO [main] org.apache.catalina.startup.VersionLoggerListener.log Command line argument:             -Djava.util.logging.manager=org.apache.juli.ClassLoaderLogManager
28-Oct-2024 11:19:09.795 INFO [main] org.apache.catalina.startup.VersionLoggerListener.log Command line argument:             -javaagent:C:\Program Files\JetBrains\IntelliJ IDEA 2024.2.1\lib\idea_rt.jar=61614:C:\Program Files\JetBrains\IntelliJ IDEA 2024.2.1\bin
28-Oct-2024 11:19:09.795 INFO [main] org.apache.catalina.startup.VersionLoggerListener.log Command line argument:             -Dfile.encoding=UTF-8
28-Oct-2024 11:19:09.812 INFO [main] org.apache.catalina.core.AprLifecycleListener.lifecycleEvent Cargada la biblioteca nativa APR de Apache Tomcat [1.3.1] con la versión APR [1.7.4].
28-Oct-2024 11:19:09.813 INFO [main] org.apache.catalina.core.AprLifecycleListener.lifecycleEvent Capacidades APR: IPv6 [true], enviar fichero [true], aceptar filtros [false], aleatorio [true], UDS [true].
28-Oct-2024 11:19:09.813 INFO [main] org.apache.catalina.core.AprLifecycleListener.lifecycleEvent APR/OpenSSL configuration: useAprConnector [false], useOpenSSL [true]
28-Oct-2024 11:19:09.858 INFO [main] org.apache.catalina.core.AprLifecycleListener.initializeSSL OpenSSL inicializado correctamente [OpenSSL 3.0.14 4 Jun 2024]
28-Oct-2024 11:19:10.425 INFO [main] org.apache.coyote.AbstractProtocol.init Inicializando el manejador de protocolo ["http-nio-8080"]

28-Oct-2024 11:19:10.474 INFO [main] org.apache.catalina.startup.Catalina.load Server initialization in [1219] milliseconds
28-Oct-2024 11:19:10.592 INFO [main] org.apache.catalina.core.StandardService.startInternal Arrancando servicio [Catalina]
28-Oct-2024 11:19:10.592 INFO [main] org.apache.catalina.core.StandardEngine.startInternal Starting Servlet engine: [Apache Tomcat/9.0.93]
28-Oct-2024 11:19:10.615 INFO [main] org.apache.catalina.startup.HostConfig.deployDescriptor Desplieque del descriptor de configuración [C:\Proyecto-3s\T03_BodegaLaEsquinita_P\conf\Catalina\localhost\T03_BodegaLaEsquinita_P.xml]
28-Oct-2024 11:19:13.081 INFO [main] org.apache.jasper.servlet.TldScanner.scanJars Al menos un JAR, que se ha explorado buscando TLDs, aún no contenía TLDs. Activar historial de depuración para este historiador para una completa lista de los JARs que fueron explorados y de los que nos se halló TLDs. Saltarse JARs no necesarios durante la exploración puede dar lugar a una mejora de tiempo significativa en el arranque y compilación de JSP .
28-Oct-2024 11:19:13.412 WARNING [main] org.apache.catalina.util.SessionIdGeneratorBase.createSecureRandom Creation of SecureRandom instance for session ID generation using [SHA1PRNG] took [112] milliseconds.
28-Oct-2024 11:19:13.508 INFO [main] org.apache.catalina.startup.HostConfig.deployDescriptor Deployment of deployment descriptor [C:\Proyecto-3s\T03_BodegaLaEsquinita_P\conf\Catalina\localhost\T03_BodegaLaEsquinita_P.xml] has finished in [2.893] ms
28-Oct-2024 11:19:13.524 INFO [main] org.apache.coyote.AbstractProtocol.start Starting ProtocolHandler ["http-nio-8080"]
28-Oct-2024 11:19:13.751 INFO [main] org.apache.catalina.startup.Catalina.start Server startup in [3277] milliseconds
28-Oct-2024 11:21:18.131 INFO [Thread-1] org.apache.coyote.AbstractProtocol.pause Pausing ProtocolHandler ["http-nio-8080"]
28-Oct-2024 11:21:18.926 INFO [Thread-1] org.apache.catalina.core.StandardService.stopInternal Parando servicio [Catalina]
28-Oct-2024 11:21:19.785 WARNING [Thread-1] org.apache.catalina.loader.WebappClassLoaderBase.clearReferencesJdbc La aplicación web [T03_BodegaLaEsquinita_P] registró el conductor JDBC [com.microsoft.sqlserver.jdbc.SQLServerDriver] pero falló al anular el registro mientras la aplicación web estaba parada. Para prevenir un fallo de memoria, se ha anulado el registro del conductor JDBC por la fuerza.
28-Oct-2024 11:21:20.055 INFO [Thread-1] org.apache.coyote.AbstractProtocol.stop Stopping ProtocolHandler ["http-nio-8080"]
28-Oct-2024 11:21:20.128 INFO [Thread-1] org.apache.coyote.AbstractProtocol.destroy Destroying ProtocolHandler ["http-nio-8080"]
28-Oct-2024 11:21:34.214 INFO [main] org.apache.catalina.startup.VersionLoggerListener.log Nombre de la versión del servidor: Apache Tomcat/9.0.93
28-Oct-2024 11:21:34.224 INFO [main] org.apache.catalina.startup.VersionLoggerListener.log Server built:                      Aug 2 2024 21:24:59 UTC
28-Oct-2024 11:21:34.226 INFO [main] org.apache.catalina.startup.VersionLoggerListener.log Número de versión de servidor:     9.0.93.0
28-Oct-2024 11:21:34.227 INFO [main] org.apache.catalina.startup.VersionLoggerListener.log OS Name:                           Windows 11
28-Oct-2024 11:21:34.227 INFO [main] org.apache.catalina.startup.VersionLoggerListener.log Versión de Systema Operativo:      10.0
28-Oct-2024 11:21:34.227 INFO [main] org.apache.catalina.startup.VersionLoggerListener.log Arquitectura:                      amd64
28-Oct-2024 11:21:34.229 INFO [main] org.apache.catalina.startup.VersionLoggerListener.log Java Home:                         C:\Program Files\Java\jdk-17
28-Oct-2024 11:21:34.229 INFO [main] org.apache.catalina.startup.VersionLoggerListener.log JVM Version:                       17.0.10+11-LTS-240
28-Oct-2024 11:21:34.230 INFO [main] org.apache.catalina.startup.VersionLoggerListener.log Vededor JVM:                       Oracle Corporation
28-Oct-2024 11:21:34.230 INFO [main] org.apache.catalina.startup.VersionLoggerListener.log CATALINA_BASE:                     C:\Proyecto-3s\T03_BodegaLaEsquinita_P
28-Oct-2024 11:21:34.231 INFO [main] org.apache.catalina.startup.VersionLoggerListener.log CATALINA_HOME:                     C:\ValleGrande\IntelliJ\apache-tomcat-9.0.93
28-Oct-2024 11:21:34.261 INFO [main] org.apache.catalina.startup.VersionLoggerListener.log Command line argument:             --add-opens=java.base/java.lang=ALL-UNNAMED
28-Oct-2024 11:21:34.262 INFO [main] org.apache.catalina.startup.VersionLoggerListener.log Command line argument:             --add-opens=java.base/java.io=ALL-UNNAMED
28-Oct-2024 11:21:34.262 INFO [main] org.apache.catalina.startup.VersionLoggerListener.log Command line argument:             --add-opens=java.base/java.util=ALL-UNNAMED
28-Oct-2024 11:21:34.262 INFO [main] org.apache.catalina.startup.VersionLoggerListener.log Command line argument:             --add-opens=java.base/java.util.concurrent=ALL-UNNAMED
28-Oct-2024 11:21:34.263 INFO [main] org.apache.catalina.startup.VersionLoggerListener.log Command line argument:             --add-opens=java.rmi/sun.rmi.transport=ALL-UNNAMED
28-Oct-2024 11:21:34.263 INFO [main] org.apache.catalina.startup.VersionLoggerListener.log Command line argument:             -Dcatalina.home=C:\..\ValleGrande\IntelliJ\apache-tomcat-9.0.93
28-Oct-2024 11:21:34.263 INFO [main] org.apache.catalina.startup.VersionLoggerListener.log Command line argument:             -Dcatalina.base=C:\Proyecto-3s\T03_BodegaLaEsquinita_P
28-Oct-2024 11:21:34.263 INFO [main] org.apache.catalina.startup.VersionLoggerListener.log Command line argument:             -Djava.io.tmpdir=C:\Proyecto-3s\T03_BodegaLaEsquinita_P\temp
28-Oct-2024 11:21:34.263 INFO [main] org.apache.catalina.startup.VersionLoggerListener.log Command line argument:             -Djava.util.logging.config.file=C:\Proyecto-3s\T03_BodegaLaEsquinita_P\conf\logging.properties
28-Oct-2024 11:21:34.264 INFO [main] org.apache.catalina.startup.VersionLoggerListener.log Command line argument:             -Djava.util.logging.manager=org.apache.juli.ClassLoaderLogManager
28-Oct-2024 11:21:34.264 INFO [main] org.apache.catalina.startup.VersionLoggerListener.log Command line argument:             -javaagent:C:\Program Files\JetBrains\IntelliJ IDEA 2024.2.1\lib\idea_rt.jar=61677:C:\Program Files\JetBrains\IntelliJ IDEA 2024.2.1\bin
28-Oct-2024 11:21:34.264 INFO [main] org.apache.catalina.startup.VersionLoggerListener.log Command line argument:             -Dfile.encoding=UTF-8
28-Oct-2024 11:21:34.291 INFO [main] org.apache.catalina.core.AprLifecycleListener.lifecycleEvent Cargada la biblioteca nativa APR de Apache Tomcat [1.3.1] con la versión APR [1.7.4].
28-Oct-2024 11:21:34.291 INFO [main] org.apache.catalina.core.AprLifecycleListener.lifecycleEvent Capacidades APR: IPv6 [true], enviar fichero [true], aceptar filtros [false], aleatorio [true], UDS [true].
28-Oct-2024 11:21:34.291 INFO [main] org.apache.catalina.core.AprLifecycleListener.lifecycleEvent APR/OpenSSL configuration: useAprConnector [false], useOpenSSL [true]
28-Oct-2024 11:21:34.343 INFO [main] org.apache.catalina.core.AprLifecycleListener.initializeSSL OpenSSL inicializado correctamente [OpenSSL 3.0.14 4 Jun 2024]
28-Oct-2024 11:21:35.130 INFO [main] org.apache.coyote.AbstractProtocol.init Inicializando el manejador de protocolo ["http-nio-8080"]

28-Oct-2024 11:21:35.183 INFO [main] org.apache.catalina.startup.Catalina.load Server initialization in [1997] milliseconds
28-Oct-2024 11:21:35.320 INFO [main] org.apache.catalina.core.StandardService.startInternal Arrancando servicio [Catalina]
28-Oct-2024 11:21:35.322 INFO [main] org.apache.catalina.core.StandardEngine.startInternal Starting Servlet engine: [Apache Tomcat/9.0.93]
28-Oct-2024 11:21:35.361 INFO [main] org.apache.catalina.startup.HostConfig.deployDescriptor Desplieque del descriptor de configuración [C:\Proyecto-3s\T03_BodegaLaEsquinita_P\conf\Catalina\localhost\T03_BodegaLaEsquinita_P.xml]
28-Oct-2024 11:21:38.210 INFO [main] org.apache.jasper.servlet.TldScanner.scanJars Al menos un JAR, que se ha explorado buscando TLDs, aún no contenía TLDs. Activar historial de depuración para este historiador para una completa lista de los JARs que fueron explorados y de los que nos se halló TLDs. Saltarse JARs no necesarios durante la exploración puede dar lugar a una mejora de tiempo significativa en el arranque y compilación de JSP .
28-Oct-2024 11:21:38.552 WARNING [main] org.apache.catalina.util.SessionIdGeneratorBase.createSecureRandom Creation of SecureRandom instance for session ID generation using [SHA1PRNG] took [150] milliseconds.
28-Oct-2024 11:21:38.682 INFO [main] org.apache.catalina.startup.HostConfig.deployDescriptor Deployment of deployment descriptor [C:\Proyecto-3s\T03_BodegaLaEsquinita_P\conf\Catalina\localhost\T03_BodegaLaEsquinita_P.xml] has finished in [3.321] ms
28-Oct-2024 11:21:38.699 INFO [main] org.apache.coyote.AbstractProtocol.start Starting ProtocolHandler ["http-nio-8080"]
28-Oct-2024 11:21:38.900 INFO [main] org.apache.catalina.startup.Catalina.start Server startup in [3716] milliseconds
28-Oct-2024 11:40:57.542 INFO [Thread-1] org.apache.coyote.AbstractProtocol.pause Pausing ProtocolHandler ["http-nio-8080"]
28-Oct-2024 11:40:58.363 INFO [Thread-1] org.apache.catalina.core.StandardService.stopInternal Parando servicio [Catalina]
28-Oct-2024 11:41:00.127 WARNING [Thread-1] org.apache.catalina.loader.WebappClassLoaderBase.clearReferencesJdbc La aplicación web [T03_BodegaLaEsquinita_P] registró el conductor JDBC [com.microsoft.sqlserver.jdbc.SQLServerDriver] pero falló al anular el registro mientras la aplicación web estaba parada. Para prevenir un fallo de memoria, se ha anulado el registro del conductor JDBC por la fuerza.
28-Oct-2024 11:41:00.782 INFO [Thread-1] org.apache.coyote.AbstractProtocol.stop Stopping ProtocolHandler ["http-nio-8080"]
28-Oct-2024 11:41:00.951 INFO [Thread-1] org.apache.coyote.AbstractProtocol.destroy Destroying ProtocolHandler ["http-nio-8080"]
28-Oct-2024 11:41:15.761 INFO [main] org.apache.catalina.startup.VersionLoggerListener.log Nombre de la versión del servidor: Apache Tomcat/9.0.93
28-Oct-2024 11:41:15.773 INFO [main] org.apache.catalina.startup.VersionLoggerListener.log Server built:                      Aug 2 2024 21:24:59 UTC
28-Oct-2024 11:41:15.773 INFO [main] org.apache.catalina.startup.VersionLoggerListener.log Número de versión de servidor:     9.0.93.0
28-Oct-2024 11:41:15.773 INFO [main] org.apache.catalina.startup.VersionLoggerListener.log OS Name:                           Windows 11
28-Oct-2024 11:41:15.775 INFO [main] org.apache.catalina.startup.VersionLoggerListener.log Versión de Systema Operativo:      10.0
28-Oct-2024 11:41:15.776 INFO [main] org.apache.catalina.startup.VersionLoggerListener.log Arquitectura:                      amd64
28-Oct-2024 11:41:15.776 INFO [main] org.apache.catalina.startup.VersionLoggerListener.log Java Home:                         C:\Program Files\Java\jdk-17
28-Oct-2024 11:41:15.777 INFO [main] org.apache.catalina.startup.VersionLoggerListener.log JVM Version:                       17.0.10+11-LTS-240
28-Oct-2024 11:41:15.777 INFO [main] org.apache.catalina.startup.VersionLoggerListener.log Vededor JVM:                       Oracle Corporation
28-Oct-2024 11:41:15.778 INFO [main] org.apache.catalina.startup.VersionLoggerListener.log CATALINA_BASE:                     C:\Proyecto-3s\T03_BodegaLaEsquinita_P
28-Oct-2024 11:41:15.778 INFO [main] org.apache.catalina.startup.VersionLoggerListener.log CATALINA_HOME:                     C:\ValleGrande\IntelliJ\apache-tomcat-9.0.93
28-Oct-2024 11:41:15.811 INFO [main] org.apache.catalina.startup.VersionLoggerListener.log Command line argument:             --add-opens=java.base/java.lang=ALL-UNNAMED
28-Oct-2024 11:41:15.813 INFO [main] org.apache.catalina.startup.VersionLoggerListener.log Command line argument:             --add-opens=java.base/java.io=ALL-UNNAMED
28-Oct-2024 11:41:15.816 INFO [main] org.apache.catalina.startup.VersionLoggerListener.log Command line argument:             --add-opens=java.base/java.util=ALL-UNNAMED
28-Oct-2024 11:41:15.817 INFO [main] org.apache.catalina.startup.VersionLoggerListener.log Command line argument:             --add-opens=java.base/java.util.concurrent=ALL-UNNAMED
28-Oct-2024 11:41:15.818 INFO [main] org.apache.catalina.startup.VersionLoggerListener.log Command line argument:             --add-opens=java.rmi/sun.rmi.transport=ALL-UNNAMED
28-Oct-2024 11:41:15.819 INFO [main] org.apache.catalina.startup.VersionLoggerListener.log Command line argument:             -Dcatalina.home=C:\..\ValleGrande\IntelliJ\apache-tomcat-9.0.93
28-Oct-2024 11:41:15.819 INFO [main] org.apache.catalina.startup.VersionLoggerListener.log Command line argument:             -Dcatalina.base=C:\Proyecto-3s\T03_BodegaLaEsquinita_P
28-Oct-2024 11:41:15.820 INFO [main] org.apache.catalina.startup.VersionLoggerListener.log Command line argument:             -Djava.io.tmpdir=C:\Proyecto-3s\T03_BodegaLaEsquinita_P\temp
28-Oct-2024 11:41:15.820 INFO [main] org.apache.catalina.startup.VersionLoggerListener.log Command line argument:             -Djava.util.logging.config.file=C:\Proyecto-3s\T03_BodegaLaEsquinita_P\conf\logging.properties
28-Oct-2024 11:41:15.821 INFO [main] org.apache.catalina.startup.VersionLoggerListener.log Command line argument:             -Djava.util.logging.manager=org.apache.juli.ClassLoaderLogManager
28-Oct-2024 11:41:15.821 INFO [main] org.apache.catalina.startup.VersionLoggerListener.log Command line argument:             -javaagent:C:\Program Files\JetBrains\IntelliJ IDEA 2024.2.1\lib\idea_rt.jar=61907:C:\Program Files\JetBrains\IntelliJ IDEA 2024.2.1\bin
28-Oct-2024 11:41:15.821 INFO [main] org.apache.catalina.startup.VersionLoggerListener.log Command line argument:             -Dfile.encoding=UTF-8
28-Oct-2024 11:41:15.837 INFO [main] org.apache.catalina.core.AprLifecycleListener.lifecycleEvent Cargada la biblioteca nativa APR de Apache Tomcat [1.3.1] con la versión APR [1.7.4].
28-Oct-2024 11:41:15.837 INFO [main] org.apache.catalina.core.AprLifecycleListener.lifecycleEvent Capacidades APR: IPv6 [true], enviar fichero [true], aceptar filtros [false], aleatorio [true], UDS [true].
28-Oct-2024 11:41:15.837 INFO [main] org.apache.catalina.core.AprLifecycleListener.lifecycleEvent APR/OpenSSL configuration: useAprConnector [false], useOpenSSL [true]
28-Oct-2024 11:41:15.895 INFO [main] org.apache.catalina.core.AprLifecycleListener.initializeSSL OpenSSL inicializado correctamente [OpenSSL 3.0.14 4 Jun 2024]
28-Oct-2024 11:41:16.767 INFO [main] org.apache.coyote.AbstractProtocol.init Inicializando el manejador de protocolo ["http-nio-8080"]

28-Oct-2024 11:41:16.833 INFO [main] org.apache.catalina.startup.Catalina.load Server initialization in [1862] milliseconds
28-Oct-2024 11:41:16.991 INFO [main] org.apache.catalina.core.StandardService.startInternal Arrancando servicio [Catalina]
28-Oct-2024 11:41:16.992 INFO [main] org.apache.catalina.core.StandardEngine.startInternal Starting Servlet engine: [Apache Tomcat/9.0.93]
28-Oct-2024 11:41:17.022 INFO [main] org.apache.catalina.startup.HostConfig.deployDescriptor Desplieque del descriptor de configuración [C:\Proyecto-3s\T03_BodegaLaEsquinita_P\conf\Catalina\localhost\T03_BodegaLaEsquinita_P.xml]
28-Oct-2024 11:41:19.934 INFO [main] org.apache.jasper.servlet.TldScanner.scanJars Al menos un JAR, que se ha explorado buscando TLDs, aún no contenía TLDs. Activar historial de depuración para este historiador para una completa lista de los JARs que fueron explorados y de los que nos se halló TLDs. Saltarse JARs no necesarios durante la exploración puede dar lugar a una mejora de tiempo significativa en el arranque y compilación de JSP .
28-Oct-2024 11:41:20.423 WARNING [main] org.apache.catalina.util.SessionIdGeneratorBase.createSecureRandom Creation of SecureRandom instance for session ID generation using [SHA1PRNG] took [160] milliseconds.
28-Oct-2024 11:41:20.566 INFO [main] org.apache.catalina.startup.HostConfig.deployDescriptor Deployment of deployment descriptor [C:\Proyecto-3s\T03_BodegaLaEsquinita_P\conf\Catalina\localhost\T03_BodegaLaEsquinita_P.xml] has finished in [3.544] ms
28-Oct-2024 11:41:20.598 INFO [main] org.apache.coyote.AbstractProtocol.start Starting ProtocolHandler ["http-nio-8080"]
28-Oct-2024 11:41:20.849 INFO [main] org.apache.catalina.startup.Catalina.start Server startup in [4014] milliseconds
28-Oct-2024 11:53:29.925 INFO [Thread-1] org.apache.coyote.AbstractProtocol.pause Pausing ProtocolHandler ["http-nio-8080"]
28-Oct-2024 11:53:30.440 INFO [Thread-1] org.apache.catalina.core.StandardService.stopInternal Parando servicio [Catalina]
28-Oct-2024 11:53:31.096 WARNING [Thread-1] org.apache.catalina.loader.WebappClassLoaderBase.clearReferencesJdbc La aplicación web [T03_BodegaLaEsquinita_P] registró el conductor JDBC [com.microsoft.sqlserver.jdbc.SQLServerDriver] pero falló al anular el registro mientras la aplicación web estaba parada. Para prevenir un fallo de memoria, se ha anulado el registro del conductor JDBC por la fuerza.
28-Oct-2024 11:53:31.290 INFO [Thread-1] org.apache.coyote.AbstractProtocol.stop Stopping ProtocolHandler ["http-nio-8080"]
28-Oct-2024 11:53:31.375 INFO [Thread-1] org.apache.coyote.AbstractProtocol.destroy Destroying ProtocolHandler ["http-nio-8080"]
28-Oct-2024 11:53:47.887 INFO [main] org.apache.catalina.startup.VersionLoggerListener.log Nombre de la versión del servidor: Apache Tomcat/9.0.93
28-Oct-2024 11:53:47.901 INFO [main] org.apache.catalina.startup.VersionLoggerListener.log Server built:                      Aug 2 2024 21:24:59 UTC
28-Oct-2024 11:53:47.903 INFO [main] org.apache.catalina.startup.VersionLoggerListener.log Número de versión de servidor:     9.0.93.0
28-Oct-2024 11:53:47.907 INFO [main] org.apache.catalina.startup.VersionLoggerListener.log OS Name:                           Windows 11
28-Oct-2024 11:53:47.908 INFO [main] org.apache.catalina.startup.VersionLoggerListener.log Versión de Systema Operativo:      10.0
28-Oct-2024 11:53:47.909 INFO [main] org.apache.catalina.startup.VersionLoggerListener.log Arquitectura:                      amd64
28-Oct-2024 11:53:47.909 INFO [main] org.apache.catalina.startup.VersionLoggerListener.log Java Home:                         C:\Program Files\Java\jdk-17
28-Oct-2024 11:53:47.909 INFO [main] org.apache.catalina.startup.VersionLoggerListener.log JVM Version:                       17.0.10+11-LTS-240
28-Oct-2024 11:53:47.909 INFO [main] org.apache.catalina.startup.VersionLoggerListener.log Vededor JVM:                       Oracle Corporation
28-Oct-2024 11:53:47.909 INFO [main] org.apache.catalina.startup.VersionLoggerListener.log CATALINA_BASE:                     C:\Proyecto-3s\T03_BodegaLaEsquinita_P
28-Oct-2024 11:53:47.910 INFO [main] org.apache.catalina.startup.VersionLoggerListener.log CATALINA_HOME:                     C:\ValleGrande\IntelliJ\apache-tomcat-9.0.93
28-Oct-2024 11:53:47.946 INFO [main] org.apache.catalina.startup.VersionLoggerListener.log Command line argument:             --add-opens=java.base/java.lang=ALL-UNNAMED
28-Oct-2024 11:53:47.946 INFO [main] org.apache.catalina.startup.VersionLoggerListener.log Command line argument:             --add-opens=java.base/java.io=ALL-UNNAMED
28-Oct-2024 11:53:47.946 INFO [main] org.apache.catalina.startup.VersionLoggerListener.log Command line argument:             --add-opens=java.base/java.util=ALL-UNNAMED
28-Oct-2024 11:53:47.946 INFO [main] org.apache.catalina.startup.VersionLoggerListener.log Command line argument:             --add-opens=java.base/java.util.concurrent=ALL-UNNAMED
28-Oct-2024 11:53:47.946 INFO [main] org.apache.catalina.startup.VersionLoggerListener.log Command line argument:             --add-opens=java.rmi/sun.rmi.transport=ALL-UNNAMED
28-Oct-2024 11:53:47.946 INFO [main] org.apache.catalina.startup.VersionLoggerListener.log Command line argument:             -Dcatalina.home=C:\..\ValleGrande\IntelliJ\apache-tomcat-9.0.93
28-Oct-2024 11:53:47.946 INFO [main] org.apache.catalina.startup.VersionLoggerListener.log Command line argument:             -Dcatalina.base=C:\Proyecto-3s\T03_BodegaLaEsquinita_P
28-Oct-2024 11:53:47.946 INFO [main] org.apache.catalina.startup.VersionLoggerListener.log Command line argument:             -Djava.io.tmpdir=C:\Proyecto-3s\T03_BodegaLaEsquinita_P\temp
28-Oct-2024 11:53:47.946 INFO [main] org.apache.catalina.startup.VersionLoggerListener.log Command line argument:             -Djava.util.logging.config.file=C:\Proyecto-3s\T03_BodegaLaEsquinita_P\conf\logging.properties
28-Oct-2024 11:53:47.946 INFO [main] org.apache.catalina.startup.VersionLoggerListener.log Command line argument:             -Djava.util.logging.manager=org.apache.juli.ClassLoaderLogManager
28-Oct-2024 11:53:47.946 INFO [main] org.apache.catalina.startup.VersionLoggerListener.log Command line argument:             -javaagent:C:\Program Files\JetBrains\IntelliJ IDEA 2024.2.1\lib\idea_rt.jar=62077:C:\Program Files\JetBrains\IntelliJ IDEA 2024.2.1\bin
28-Oct-2024 11:53:47.946 INFO [main] org.apache.catalina.startup.VersionLoggerListener.log Command line argument:             -Dfile.encoding=UTF-8
28-Oct-2024 11:53:47.985 INFO [main] org.apache.catalina.core.AprLifecycleListener.lifecycleEvent Cargada la biblioteca nativa APR de Apache Tomcat [1.3.1] con la versión APR [1.7.4].
28-Oct-2024 11:53:47.985 INFO [main] org.apache.catalina.core.AprLifecycleListener.lifecycleEvent Capacidades APR: IPv6 [true], enviar fichero [true], aceptar filtros [false], aleatorio [true], UDS [true].
28-Oct-2024 11:53:47.988 INFO [main] org.apache.catalina.core.AprLifecycleListener.lifecycleEvent APR/OpenSSL configuration: useAprConnector [false], useOpenSSL [true]
28-Oct-2024 11:53:48.085 INFO [main] org.apache.catalina.core.AprLifecycleListener.initializeSSL OpenSSL inicializado correctamente [OpenSSL 3.0.14 4 Jun 2024]
28-Oct-2024 11:53:49.000 INFO [main] org.apache.coyote.AbstractProtocol.init Inicializando el manejador de protocolo ["http-nio-8080"]

28-Oct-2024 11:53:49.055 INFO [main] org.apache.catalina.startup.Catalina.load Server initialization in [1919] milliseconds
28-Oct-2024 11:53:49.211 INFO [main] org.apache.catalina.core.StandardService.startInternal Arrancando servicio [Catalina]
28-Oct-2024 11:53:49.212 INFO [main] org.apache.catalina.core.StandardEngine.startInternal Starting Servlet engine: [Apache Tomcat/9.0.93]
28-Oct-2024 11:53:49.238 INFO [main] org.apache.catalina.startup.HostConfig.deployDescriptor Desplieque del descriptor de configuración [C:\Proyecto-3s\T03_BodegaLaEsquinita_P\conf\Catalina\localhost\T03_BodegaLaEsquinita_P.xml]
28-Oct-2024 11:53:51.263 INFO [main] org.apache.jasper.servlet.TldScanner.scanJars Al menos un JAR, que se ha explorado buscando TLDs, aún no contenía TLDs. Activar historial de depuración para este historiador para una completa lista de los JARs que fueron explorados y de los que nos se halló TLDs. Saltarse JARs no necesarios durante la exploración puede dar lugar a una mejora de tiempo significativa en el arranque y compilación de JSP .
28-Oct-2024 11:53:51.586 INFO [main] org.apache.catalina.startup.HostConfig.deployDescriptor Deployment of deployment descriptor [C:\Proyecto-3s\T03_BodegaLaEsquinita_P\conf\Catalina\localhost\T03_BodegaLaEsquinita_P.xml] has finished in [2.344] ms
28-Oct-2024 11:53:51.599 INFO [main] org.apache.coyote.AbstractProtocol.start Starting ProtocolHandler ["http-nio-8080"]
28-Oct-2024 11:53:51.716 INFO [main] org.apache.catalina.startup.Catalina.start Server startup in [2660] milliseconds
28-Oct-2024 12:30:26.066 INFO [Thread-1] org.apache.coyote.AbstractProtocol.pause Pausing ProtocolHandler ["http-nio-8080"]
28-Oct-2024 12:30:27.028 INFO [Thread-1] org.apache.catalina.core.StandardService.stopInternal Parando servicio [Catalina]
28-Oct-2024 12:30:28.605 WARNING [Thread-1] org.apache.catalina.loader.WebappClassLoaderBase.clearReferencesJdbc La aplicación web [T03_BodegaLaEsquinita_P] registró el conductor JDBC [com.microsoft.sqlserver.jdbc.SQLServerDriver] pero falló al anular el registro mientras la aplicación web estaba parada. Para prevenir un fallo de memoria, se ha anulado el registro del conductor JDBC por la fuerza.
28-Oct-2024 12:30:29.109 INFO [Thread-1] org.apache.coyote.AbstractProtocol.stop Stopping ProtocolHandler ["http-nio-8080"]
28-Oct-2024 12:30:29.215 INFO [Thread-1] org.apache.coyote.AbstractProtocol.destroy Destroying ProtocolHandler ["http-nio-8080"]
28-Oct-2024 12:31:07.028 INFO [main] org.apache.catalina.startup.VersionLoggerListener.log Nombre de la versión del servidor: Apache Tomcat/9.0.93
28-Oct-2024 12:31:07.036 INFO [main] org.apache.catalina.startup.VersionLoggerListener.log Server built:                      Aug 2 2024 21:24:59 UTC
28-Oct-2024 12:31:07.037 INFO [main] org.apache.catalina.startup.VersionLoggerListener.log Número de versión de servidor:     9.0.93.0
28-Oct-2024 12:31:07.038 INFO [main] org.apache.catalina.startup.VersionLoggerListener.log OS Name:                           Windows 11
28-Oct-2024 12:31:07.038 INFO [main] org.apache.catalina.startup.VersionLoggerListener.log Versión de Systema Operativo:      10.0
28-Oct-2024 12:31:07.038 INFO [main] org.apache.catalina.startup.VersionLoggerListener.log Arquitectura:                      amd64
28-Oct-2024 12:31:07.039 INFO [main] org.apache.catalina.startup.VersionLoggerListener.log Java Home:                         C:\Program Files\Java\jdk-17
28-Oct-2024 12:31:07.039 INFO [main] org.apache.catalina.startup.VersionLoggerListener.log JVM Version:                       17.0.10+11-LTS-240
28-Oct-2024 12:31:07.040 INFO [main] org.apache.catalina.startup.VersionLoggerListener.log Vededor JVM:                       Oracle Corporation
28-Oct-2024 12:31:07.040 INFO [main] org.apache.catalina.startup.VersionLoggerListener.log CATALINA_BASE:                     C:\Proyecto-3s\T03_BodegaLaEsquinita_P
28-Oct-2024 12:31:07.041 INFO [main] org.apache.catalina.startup.VersionLoggerListener.log CATALINA_HOME:                     C:\ValleGrande\IntelliJ\apache-tomcat-9.0.93
28-Oct-2024 12:31:07.069 INFO [main] org.apache.catalina.startup.VersionLoggerListener.log Command line argument:             --add-opens=java.base/java.lang=ALL-UNNAMED
28-Oct-2024 12:31:07.070 INFO [main] org.apache.catalina.startup.VersionLoggerListener.log Command line argument:             --add-opens=java.base/java.io=ALL-UNNAMED
28-Oct-2024 12:31:07.070 INFO [main] org.apache.catalina.startup.VersionLoggerListener.log Command line argument:             --add-opens=java.base/java.util=ALL-UNNAMED
28-Oct-2024 12:31:07.070 INFO [main] org.apache.catalina.startup.VersionLoggerListener.log Command line argument:             --add-opens=java.base/java.util.concurrent=ALL-UNNAMED
28-Oct-2024 12:31:07.070 INFO [main] org.apache.catalina.startup.VersionLoggerListener.log Command line argument:             --add-opens=java.rmi/sun.rmi.transport=ALL-UNNAMED
28-Oct-2024 12:31:07.071 INFO [main] org.apache.catalina.startup.VersionLoggerListener.log Command line argument:             -Dcatalina.home=C:\..\ValleGrande\IntelliJ\apache-tomcat-9.0.93
28-Oct-2024 12:31:07.071 INFO [main] org.apache.catalina.startup.VersionLoggerListener.log Command line argument:             -Dcatalina.base=C:\Proyecto-3s\T03_BodegaLaEsquinita_P
28-Oct-2024 12:31:07.072 INFO [main] org.apache.catalina.startup.VersionLoggerListener.log Command line argument:             -Djava.io.tmpdir=C:\Proyecto-3s\T03_BodegaLaEsquinita_P\temp
28-Oct-2024 12:31:07.072 INFO [main] org.apache.catalina.startup.VersionLoggerListener.log Command line argument:             -Djava.util.logging.config.file=C:\Proyecto-3s\T03_BodegaLaEsquinita_P\conf\logging.properties
28-Oct-2024 12:31:07.072 INFO [main] org.apache.catalina.startup.VersionLoggerListener.log Command line argument:             -Djava.util.logging.manager=org.apache.juli.ClassLoaderLogManager
28-Oct-2024 12:31:07.073 INFO [main] org.apache.catalina.startup.VersionLoggerListener.log Command line argument:             -javaagent:C:\Program Files\JetBrains\IntelliJ IDEA 2024.2.1\lib\idea_rt.jar=61497:C:\Program Files\JetBrains\IntelliJ IDEA 2024.2.1\bin
28-Oct-2024 12:31:07.073 INFO [main] org.apache.catalina.startup.VersionLoggerListener.log Command line argument:             -Dfile.encoding=UTF-8
28-Oct-2024 12:31:07.211 INFO [main] org.apache.catalina.core.AprLifecycleListener.lifecycleEvent Cargada la biblioteca nativa APR de Apache Tomcat [1.3.1] con la versión APR [1.7.4].
28-Oct-2024 12:31:07.212 INFO [main] org.apache.catalina.core.AprLifecycleListener.lifecycleEvent Capacidades APR: IPv6 [true], enviar fichero [true], aceptar filtros [false], aleatorio [true], UDS [true].
28-Oct-2024 12:31:07.212 INFO [main] org.apache.catalina.core.AprLifecycleListener.lifecycleEvent APR/OpenSSL configuration: useAprConnector [false], useOpenSSL [true]
28-Oct-2024 12:31:07.241 INFO [main] org.apache.catalina.core.AprLifecycleListener.initializeSSL OpenSSL inicializado correctamente [OpenSSL 3.0.14 4 Jun 2024]
28-Oct-2024 12:31:07.822 INFO [main] org.apache.coyote.AbstractProtocol.init Inicializando el manejador de protocolo ["http-nio-8080"]

28-Oct-2024 12:31:07.861 INFO [main] org.apache.catalina.startup.Catalina.load Server initialization in [1459] milliseconds
28-Oct-2024 12:31:07.998 INFO [main] org.apache.catalina.core.StandardService.startInternal Arrancando servicio [Catalina]
28-Oct-2024 12:31:07.999 INFO [main] org.apache.catalina.core.StandardEngine.startInternal Starting Servlet engine: [Apache Tomcat/9.0.93]
28-Oct-2024 12:31:08.032 INFO [main] org.apache.catalina.startup.HostConfig.deployDescriptor Desplieque del descriptor de configuración [C:\Proyecto-3s\T03_BodegaLaEsquinita_P\conf\Catalina\localhost\T03_BodegaLaEsquinita_P.xml]
28-Oct-2024 12:31:10.250 INFO [main] org.apache.jasper.servlet.TldScanner.scanJars Al menos un JAR, que se ha explorado buscando TLDs, aún no contenía TLDs. Activar historial de depuración para este historiador para una completa lista de los JARs que fueron explorados y de los que nos se halló TLDs. Saltarse JARs no necesarios durante la exploración puede dar lugar a una mejora de tiempo significativa en el arranque y compilación de JSP .
28-Oct-2024 12:31:10.547 INFO [main] org.apache.catalina.startup.HostConfig.deployDescriptor Deployment of deployment descriptor [C:\Proyecto-3s\T03_BodegaLaEsquinita_P\conf\Catalina\localhost\T03_BodegaLaEsquinita_P.xml] has finished in [2.509] ms
28-Oct-2024 12:31:10.644 INFO [main] org.apache.coyote.AbstractProtocol.start Starting ProtocolHandler ["http-nio-8080"]
28-Oct-2024 12:31:10.771 INFO [main] org.apache.catalina.startup.Catalina.start Server startup in [2909] milliseconds
28-Oct-2024 12:36:22.998 INFO [Thread-1] org.apache.coyote.AbstractProtocol.pause Pausing ProtocolHandler ["http-nio-8080"]
28-Oct-2024 12:36:23.815 INFO [Thread-1] org.apache.catalina.core.StandardService.stopInternal Parando servicio [Catalina]
28-Oct-2024 12:36:24.766 WARNING [Thread-1] org.apache.catalina.loader.WebappClassLoaderBase.clearReferencesJdbc La aplicación web [T03_BodegaLaEsquinita_P] registró el conductor JDBC [com.microsoft.sqlserver.jdbc.SQLServerDriver] pero falló al anular el registro mientras la aplicación web estaba parada. Para prevenir un fallo de memoria, se ha anulado el registro del conductor JDBC por la fuerza.
28-Oct-2024 12:36:25.073 INFO [Thread-1] org.apache.coyote.AbstractProtocol.stop Stopping ProtocolHandler ["http-nio-8080"]
28-Oct-2024 12:36:25.150 INFO [Thread-1] org.apache.coyote.AbstractProtocol.destroy Destroying ProtocolHandler ["http-nio-8080"]
28-Oct-2024 12:36:40.036 INFO [main] org.apache.catalina.startup.VersionLoggerListener.log Nombre de la versión del servidor: Apache Tomcat/9.0.93
28-Oct-2024 12:36:40.044 INFO [main] org.apache.catalina.startup.VersionLoggerListener.log Server built:                      Aug 2 2024 21:24:59 UTC
28-Oct-2024 12:36:40.045 INFO [main] org.apache.catalina.startup.VersionLoggerListener.log Número de versión de servidor:     9.0.93.0
28-Oct-2024 12:36:40.045 INFO [main] org.apache.catalina.startup.VersionLoggerListener.log OS Name:                           Windows 11
28-Oct-2024 12:36:40.045 INFO [main] org.apache.catalina.startup.VersionLoggerListener.log Versión de Systema Operativo:      10.0
28-Oct-2024 12:36:40.045 INFO [main] org.apache.catalina.startup.VersionLoggerListener.log Arquitectura:                      amd64
28-Oct-2024 12:36:40.047 INFO [main] org.apache.catalina.startup.VersionLoggerListener.log Java Home:                         C:\Program Files\Java\jdk-17
28-Oct-2024 12:36:40.047 INFO [main] org.apache.catalina.startup.VersionLoggerListener.log JVM Version:                       17.0.10+11-LTS-240
28-Oct-2024 12:36:40.047 INFO [main] org.apache.catalina.startup.VersionLoggerListener.log Vededor JVM:                       Oracle Corporation
28-Oct-2024 12:36:40.047 INFO [main] org.apache.catalina.startup.VersionLoggerListener.log CATALINA_BASE:                     C:\Proyecto-3s\T03_BodegaLaEsquinita_P
28-Oct-2024 12:36:40.047 INFO [main] org.apache.catalina.startup.VersionLoggerListener.log CATALINA_HOME:                     C:\ValleGrande\IntelliJ\apache-tomcat-9.0.93
28-Oct-2024 12:36:40.068 INFO [main] org.apache.catalina.startup.VersionLoggerListener.log Command line argument:             --add-opens=java.base/java.lang=ALL-UNNAMED
28-Oct-2024 12:36:40.069 INFO [main] org.apache.catalina.startup.VersionLoggerListener.log Command line argument:             --add-opens=java.base/java.io=ALL-UNNAMED
28-Oct-2024 12:36:40.069 INFO [main] org.apache.catalina.startup.VersionLoggerListener.log Command line argument:             --add-opens=java.base/java.util=ALL-UNNAMED
28-Oct-2024 12:36:40.070 INFO [main] org.apache.catalina.startup.VersionLoggerListener.log Command line argument:             --add-opens=java.base/java.util.concurrent=ALL-UNNAMED
28-Oct-2024 12:36:40.070 INFO [main] org.apache.catalina.startup.VersionLoggerListener.log Command line argument:             --add-opens=java.rmi/sun.rmi.transport=ALL-UNNAMED
28-Oct-2024 12:36:40.070 INFO [main] org.apache.catalina.startup.VersionLoggerListener.log Command line argument:             -Dcatalina.home=C:\..\ValleGrande\IntelliJ\apache-tomcat-9.0.93
28-Oct-2024 12:36:40.070 INFO [main] org.apache.catalina.startup.VersionLoggerListener.log Command line argument:             -Dcatalina.base=C:\Proyecto-3s\T03_BodegaLaEsquinita_P
28-Oct-2024 12:36:40.070 INFO [main] org.apache.catalina.startup.VersionLoggerListener.log Command line argument:             -Djava.io.tmpdir=C:\Proyecto-3s\T03_BodegaLaEsquinita_P\temp
28-Oct-2024 12:36:40.070 INFO [main] org.apache.catalina.startup.VersionLoggerListener.log Command line argument:             -Djava.util.logging.config.file=C:\Proyecto-3s\T03_BodegaLaEsquinita_P\conf\logging.properties
28-Oct-2024 12:36:40.070 INFO [main] org.apache.catalina.startup.VersionLoggerListener.log Command line argument:             -Djava.util.logging.manager=org.apache.juli.ClassLoaderLogManager
28-Oct-2024 12:36:40.070 INFO [main] org.apache.catalina.startup.VersionLoggerListener.log Command line argument:             -javaagent:C:\Program Files\JetBrains\IntelliJ IDEA 2024.2.1\lib\idea_rt.jar=61628:C:\Program Files\JetBrains\IntelliJ IDEA 2024.2.1\bin
28-Oct-2024 12:36:40.071 INFO [main] org.apache.catalina.startup.VersionLoggerListener.log Command line argument:             -Dfile.encoding=UTF-8
28-Oct-2024 12:36:40.081 INFO [main] org.apache.catalina.core.AprLifecycleListener.lifecycleEvent Cargada la biblioteca nativa APR de Apache Tomcat [1.3.1] con la versión APR [1.7.4].
28-Oct-2024 12:36:40.082 INFO [main] org.apache.catalina.core.AprLifecycleListener.lifecycleEvent Capacidades APR: IPv6 [true], enviar fichero [true], aceptar filtros [false], aleatorio [true], UDS [true].
28-Oct-2024 12:36:40.082 INFO [main] org.apache.catalina.core.AprLifecycleListener.lifecycleEvent APR/OpenSSL configuration: useAprConnector [false], useOpenSSL [true]
28-Oct-2024 12:36:40.119 INFO [main] org.apache.catalina.core.AprLifecycleListener.initializeSSL OpenSSL inicializado correctamente [OpenSSL 3.0.14 4 Jun 2024]
28-Oct-2024 12:36:40.689 INFO [main] org.apache.coyote.AbstractProtocol.init Inicializando el manejador de protocolo ["http-nio-8080"]

28-Oct-2024 12:36:40.729 INFO [main] org.apache.catalina.startup.Catalina.load Server initialization in [1286] milliseconds
28-Oct-2024 12:36:40.823 INFO [main] org.apache.catalina.core.StandardService.startInternal Arrancando servicio [Catalina]
28-Oct-2024 12:36:40.824 INFO [main] org.apache.catalina.core.StandardEngine.startInternal Starting Servlet engine: [Apache Tomcat/9.0.93]
28-Oct-2024 12:36:40.842 INFO [main] org.apache.catalina.startup.HostConfig.deployDescriptor Desplieque del descriptor de configuración [C:\Proyecto-3s\T03_BodegaLaEsquinita_P\conf\Catalina\localhost\T03_BodegaLaEsquinita_P.xml]
28-Oct-2024 12:36:42.430 INFO [main] org.apache.jasper.servlet.TldScanner.scanJars Al menos un JAR, que se ha explorado buscando TLDs, aún no contenía TLDs. Activar historial de depuración para este historiador para una completa lista de los JARs que fueron explorados y de los que nos se halló TLDs. Saltarse JARs no necesarios durante la exploración puede dar lugar a una mejora de tiempo significativa en el arranque y compilación de JSP .
28-Oct-2024 12:36:42.667 INFO [main] org.apache.catalina.startup.HostConfig.deployDescriptor Deployment of deployment descriptor [C:\Proyecto-3s\T03_BodegaLaEsquinita_P\conf\Catalina\localhost\T03_BodegaLaEsquinita_P.xml] has finished in [1.821] ms
28-Oct-2024 12:36:42.681 INFO [main] org.apache.coyote.AbstractProtocol.start Starting ProtocolHandler ["http-nio-8080"]
28-Oct-2024 12:36:42.746 INFO [main] org.apache.catalina.startup.Catalina.start Server startup in [2016] milliseconds
28-Oct-2024 12:40:56.230 INFO [Thread-1] org.apache.coyote.AbstractProtocol.pause Pausing ProtocolHandler ["http-nio-8080"]
28-Oct-2024 12:40:56.783 INFO [Thread-1] org.apache.catalina.core.StandardService.stopInternal Parando servicio [Catalina]
28-Oct-2024 12:40:56.974 WARNING [Thread-1] org.apache.catalina.loader.WebappClassLoaderBase.clearReferencesJdbc La aplicación web [T03_BodegaLaEsquinita_P] registró el conductor JDBC [com.microsoft.sqlserver.jdbc.SQLServerDriver] pero falló al anular el registro mientras la aplicación web estaba parada. Para prevenir un fallo de memoria, se ha anulado el registro del conductor JDBC por la fuerza.
28-Oct-2024 12:40:57.064 INFO [Thread-1] org.apache.coyote.AbstractProtocol.stop Stopping ProtocolHandler ["http-nio-8080"]
28-Oct-2024 12:40:57.101 INFO [Thread-1] org.apache.coyote.AbstractProtocol.destroy Destroying ProtocolHandler ["http-nio-8080"]
28-Oct-2024 12:41:10.515 INFO [main] org.apache.catalina.startup.VersionLoggerListener.log Nombre de la versión del servidor: Apache Tomcat/9.0.93
28-Oct-2024 12:41:10.564 INFO [main] org.apache.catalina.startup.VersionLoggerListener.log Server built:                      Aug 2 2024 21:24:59 UTC
28-Oct-2024 12:41:10.578 INFO [main] org.apache.catalina.startup.VersionLoggerListener.log Número de versión de servidor:     9.0.93.0
28-Oct-2024 12:41:10.578 INFO [main] org.apache.catalina.startup.VersionLoggerListener.log OS Name:                           Windows 11
28-Oct-2024 12:41:10.579 INFO [main] org.apache.catalina.startup.VersionLoggerListener.log Versión de Systema Operativo:      10.0
28-Oct-2024 12:41:10.579 INFO [main] org.apache.catalina.startup.VersionLoggerListener.log Arquitectura:                      amd64
28-Oct-2024 12:41:10.580 INFO [main] org.apache.catalina.startup.VersionLoggerListener.log Java Home:                         C:\Program Files\Java\jdk-17
28-Oct-2024 12:41:10.580 INFO [main] org.apache.catalina.startup.VersionLoggerListener.log JVM Version:                       17.0.10+11-LTS-240
28-Oct-2024 12:41:10.580 INFO [main] org.apache.catalina.startup.VersionLoggerListener.log Vededor JVM:                       Oracle Corporation
28-Oct-2024 12:41:10.580 INFO [main] org.apache.catalina.startup.VersionLoggerListener.log CATALINA_BASE:                     C:\Proyecto-3s\T03_BodegaLaEsquinita_P
28-Oct-2024 12:41:10.580 INFO [main] org.apache.catalina.startup.VersionLoggerListener.log CATALINA_HOME:                     C:\ValleGrande\IntelliJ\apache-tomcat-9.0.93
28-Oct-2024 12:41:10.678 INFO [main] org.apache.catalina.startup.VersionLoggerListener.log Command line argument:             --add-opens=java.base/java.lang=ALL-UNNAMED
28-Oct-2024 12:41:10.679 INFO [main] org.apache.catalina.startup.VersionLoggerListener.log Command line argument:             --add-opens=java.base/java.io=ALL-UNNAMED
28-Oct-2024 12:41:10.679 INFO [main] org.apache.catalina.startup.VersionLoggerListener.log Command line argument:             --add-opens=java.base/java.util=ALL-UNNAMED
28-Oct-2024 12:41:10.680 INFO [main] org.apache.catalina.startup.VersionLoggerListener.log Command line argument:             --add-opens=java.base/java.util.concurrent=ALL-UNNAMED
28-Oct-2024 12:41:10.680 INFO [main] org.apache.catalina.startup.VersionLoggerListener.log Command line argument:             --add-opens=java.rmi/sun.rmi.transport=ALL-UNNAMED
28-Oct-2024 12:41:10.680 INFO [main] org.apache.catalina.startup.VersionLoggerListener.log Command line argument:             -Dcatalina.home=C:\..\ValleGrande\IntelliJ\apache-tomcat-9.0.93
28-Oct-2024 12:41:10.681 INFO [main] org.apache.catalina.startup.VersionLoggerListener.log Command line argument:             -Dcatalina.base=C:\Proyecto-3s\T03_BodegaLaEsquinita_P
28-Oct-2024 12:41:10.681 INFO [main] org.apache.catalina.startup.VersionLoggerListener.log Command line argument:             -Djava.io.tmpdir=C:\Proyecto-3s\T03_BodegaLaEsquinita_P\temp
28-Oct-2024 12:41:10.681 INFO [main] org.apache.catalina.startup.VersionLoggerListener.log Command line argument:             -Djava.util.logging.config.file=C:\Proyecto-3s\T03_BodegaLaEsquinita_P\conf\logging.properties
28-Oct-2024 12:41:10.681 INFO [main] org.apache.catalina.startup.VersionLoggerListener.log Command line argument:             -Djava.util.logging.manager=org.apache.juli.ClassLoaderLogManager
28-Oct-2024 12:41:10.681 INFO [main] org.apache.catalina.startup.VersionLoggerListener.log Command line argument:             -javaagent:C:\Program Files\JetBrains\IntelliJ IDEA 2024.2.1\lib\idea_rt.jar=61728:C:\Program Files\JetBrains\IntelliJ IDEA 2024.2.1\bin
28-Oct-2024 12:41:10.681 INFO [main] org.apache.catalina.startup.VersionLoggerListener.log Command line argument:             -Dfile.encoding=UTF-8
28-Oct-2024 12:41:10.709 INFO [main] org.apache.catalina.core.AprLifecycleListener.lifecycleEvent Cargada la biblioteca nativa APR de Apache Tomcat [1.3.1] con la versión APR [1.7.4].
28-Oct-2024 12:41:10.710 INFO [main] org.apache.catalina.core.AprLifecycleListener.lifecycleEvent Capacidades APR: IPv6 [true], enviar fichero [true], aceptar filtros [false], aleatorio [true], UDS [true].
28-Oct-2024 12:41:11.510 INFO [main] org.apache.catalina.core.AprLifecycleListener.lifecycleEvent APR/OpenSSL configuration: useAprConnector [false], useOpenSSL [true]
28-Oct-2024 12:41:11.591 INFO [main] org.apache.catalina.core.AprLifecycleListener.initializeSSL OpenSSL inicializado correctamente [OpenSSL 3.0.14 4 Jun 2024]
28-Oct-2024 12:41:12.378 INFO [main] org.apache.coyote.AbstractProtocol.init Inicializando el manejador de protocolo ["http-nio-8080"]

28-Oct-2024 12:41:12.430 INFO [main] org.apache.catalina.startup.Catalina.load Server initialization in [2782] milliseconds
28-Oct-2024 12:41:12.572 INFO [main] org.apache.catalina.core.StandardService.startInternal Arrancando servicio [Catalina]
28-Oct-2024 12:41:12.572 INFO [main] org.apache.catalina.core.StandardEngine.startInternal Starting Servlet engine: [Apache Tomcat/9.0.93]
28-Oct-2024 12:41:12.612 INFO [main] org.apache.catalina.startup.HostConfig.deployDescriptor Desplieque del descriptor de configuración [C:\Proyecto-3s\T03_BodegaLaEsquinita_P\conf\Catalina\localhost\T03_BodegaLaEsquinita_P.xml]
28-Oct-2024 12:41:15.048 INFO [main] org.apache.jasper.servlet.TldScanner.scanJars Al menos un JAR, que se ha explorado buscando TLDs, aún no contenía TLDs. Activar historial de depuración para este historiador para una completa lista de los JARs que fueron explorados y de los que nos se halló TLDs. Saltarse JARs no necesarios durante la exploración puede dar lugar a una mejora de tiempo significativa en el arranque y compilación de JSP .
28-Oct-2024 12:41:15.439 WARNING [main] org.apache.catalina.util.SessionIdGeneratorBase.createSecureRandom Creation of SecureRandom instance for session ID generation using [SHA1PRNG] took [137] milliseconds.
28-Oct-2024 12:41:15.553 INFO [main] org.apache.catalina.startup.HostConfig.deployDescriptor Deployment of deployment descriptor [C:\Proyecto-3s\T03_BodegaLaEsquinita_P\conf\Catalina\localhost\T03_BodegaLaEsquinita_P.xml] has finished in [2.941] ms
28-Oct-2024 12:41:15.567 INFO [main] org.apache.coyote.AbstractProtocol.start Starting ProtocolHandler ["http-nio-8080"]
28-Oct-2024 12:41:15.807 INFO [main] org.apache.catalina.startup.Catalina.start Server startup in [3376] milliseconds
28-Oct-2024 12:44:47.325 INFO [Thread-1] org.apache.coyote.AbstractProtocol.pause Pausing ProtocolHandler ["http-nio-8080"]
28-Oct-2024 12:44:48.216 INFO [Thread-1] org.apache.catalina.core.StandardService.stopInternal Parando servicio [Catalina]
28-Oct-2024 12:44:49.150 WARNING [Thread-1] org.apache.catalina.loader.WebappClassLoaderBase.clearReferencesJdbc La aplicación web [T03_BodegaLaEsquinita_P] registró el conductor JDBC [com.microsoft.sqlserver.jdbc.SQLServerDriver] pero falló al anular el registro mientras la aplicación web estaba parada. Para prevenir un fallo de memoria, se ha anulado el registro del conductor JDBC por la fuerza.
28-Oct-2024 12:44:49.521 INFO [Thread-1] org.apache.coyote.AbstractProtocol.stop Stopping ProtocolHandler ["http-nio-8080"]
28-Oct-2024 12:44:49.588 INFO [Thread-1] org.apache.coyote.AbstractProtocol.destroy Destroying ProtocolHandler ["http-nio-8080"]
28-Oct-2024 12:45:03.525 INFO [main] org.apache.catalina.startup.VersionLoggerListener.log Nombre de la versión del servidor: Apache Tomcat/9.0.93
28-Oct-2024 12:45:03.537 INFO [main] org.apache.catalina.startup.VersionLoggerListener.log Server built:                      Aug 2 2024 21:24:59 UTC
28-Oct-2024 12:45:03.538 INFO [main] org.apache.catalina.startup.VersionLoggerListener.log Número de versión de servidor:     9.0.93.0
28-Oct-2024 12:45:03.538 INFO [main] org.apache.catalina.startup.VersionLoggerListener.log OS Name:                           Windows 11
28-Oct-2024 12:45:03.538 INFO [main] org.apache.catalina.startup.VersionLoggerListener.log Versión de Systema Operativo:      10.0
28-Oct-2024 12:45:03.538 INFO [main] org.apache.catalina.startup.VersionLoggerListener.log Arquitectura:                      amd64
28-Oct-2024 12:45:03.539 INFO [main] org.apache.catalina.startup.VersionLoggerListener.log Java Home:                         C:\Program Files\Java\jdk-17
28-Oct-2024 12:45:03.541 INFO [main] org.apache.catalina.startup.VersionLoggerListener.log JVM Version:                       17.0.10+11-LTS-240
28-Oct-2024 12:45:03.541 INFO [main] org.apache.catalina.startup.VersionLoggerListener.log Vededor JVM:                       Oracle Corporation
28-Oct-2024 12:45:03.541 INFO [main] org.apache.catalina.startup.VersionLoggerListener.log CATALINA_BASE:                     C:\Proyecto-3s\T03_BodegaLaEsquinita_P
28-Oct-2024 12:45:03.541 INFO [main] org.apache.catalina.startup.VersionLoggerListener.log CATALINA_HOME:                     C:\ValleGrande\IntelliJ\apache-tomcat-9.0.93
28-Oct-2024 12:45:03.568 INFO [main] org.apache.catalina.startup.VersionLoggerListener.log Command line argument:             --add-opens=java.base/java.lang=ALL-UNNAMED
28-Oct-2024 12:45:03.569 INFO [main] org.apache.catalina.startup.VersionLoggerListener.log Command line argument:             --add-opens=java.base/java.io=ALL-UNNAMED
28-Oct-2024 12:45:03.569 INFO [main] org.apache.catalina.startup.VersionLoggerListener.log Command line argument:             --add-opens=java.base/java.util=ALL-UNNAMED
28-Oct-2024 12:45:03.570 INFO [main] org.apache.catalina.startup.VersionLoggerListener.log Command line argument:             --add-opens=java.base/java.util.concurrent=ALL-UNNAMED
28-Oct-2024 12:45:03.570 INFO [main] org.apache.catalina.startup.VersionLoggerListener.log Command line argument:             --add-opens=java.rmi/sun.rmi.transport=ALL-UNNAMED
28-Oct-2024 12:45:03.570 INFO [main] org.apache.catalina.startup.VersionLoggerListener.log Command line argument:             -Dcatalina.home=C:\..\ValleGrande\IntelliJ\apache-tomcat-9.0.93
28-Oct-2024 12:45:03.571 INFO [main] org.apache.catalina.startup.VersionLoggerListener.log Command line argument:             -Dcatalina.base=C:\Proyecto-3s\T03_BodegaLaEsquinita_P
28-Oct-2024 12:45:03.572 INFO [main] org.apache.catalina.startup.VersionLoggerListener.log Command line argument:             -Djava.io.tmpdir=C:\Proyecto-3s\T03_BodegaLaEsquinita_P\temp
28-Oct-2024 12:45:03.572 INFO [main] org.apache.catalina.startup.VersionLoggerListener.log Command line argument:             -Djava.util.logging.config.file=C:\Proyecto-3s\T03_BodegaLaEsquinita_P\conf\logging.properties
28-Oct-2024 12:45:03.572 INFO [main] org.apache.catalina.startup.VersionLoggerListener.log Command line argument:             -Djava.util.logging.manager=org.apache.juli.ClassLoaderLogManager
28-Oct-2024 12:45:03.573 INFO [main] org.apache.catalina.startup.VersionLoggerListener.log Command line argument:             -javaagent:C:\Program Files\JetBrains\IntelliJ IDEA 2024.2.1\lib\idea_rt.jar=56943:C:\Program Files\JetBrains\IntelliJ IDEA 2024.2.1\bin
28-Oct-2024 12:45:03.573 INFO [main] org.apache.catalina.startup.VersionLoggerListener.log Command line argument:             -Dfile.encoding=UTF-8
28-Oct-2024 12:45:03.592 INFO [main] org.apache.catalina.core.AprLifecycleListener.lifecycleEvent Cargada la biblioteca nativa APR de Apache Tomcat [1.3.1] con la versión APR [1.7.4].
28-Oct-2024 12:45:03.593 INFO [main] org.apache.catalina.core.AprLifecycleListener.lifecycleEvent Capacidades APR: IPv6 [true], enviar fichero [true], aceptar filtros [false], aleatorio [true], UDS [true].
28-Oct-2024 12:45:03.593 INFO [main] org.apache.catalina.core.AprLifecycleListener.lifecycleEvent APR/OpenSSL configuration: useAprConnector [false], useOpenSSL [true]
28-Oct-2024 12:45:03.636 INFO [main] org.apache.catalina.core.AprLifecycleListener.initializeSSL OpenSSL inicializado correctamente [OpenSSL 3.0.14 4 Jun 2024]
28-Oct-2024 12:45:04.277 INFO [main] org.apache.coyote.AbstractProtocol.init Inicializando el manejador de protocolo ["http-nio-8080"]

28-Oct-2024 12:45:04.325 INFO [main] org.apache.catalina.startup.Catalina.load Server initialization in [1371] milliseconds
28-Oct-2024 12:45:04.438 INFO [main] org.apache.catalina.core.StandardService.startInternal Arrancando servicio [Catalina]
28-Oct-2024 12:45:04.439 INFO [main] org.apache.catalina.core.StandardEngine.startInternal Starting Servlet engine: [Apache Tomcat/9.0.93]
28-Oct-2024 12:45:04.460 INFO [main] org.apache.catalina.startup.HostConfig.deployDescriptor Desplieque del descriptor de configuración [C:\Proyecto-3s\T03_BodegaLaEsquinita_P\conf\Catalina\localhost\T03_BodegaLaEsquinita_P.xml]
28-Oct-2024 12:45:06.542 INFO [main] org.apache.jasper.servlet.TldScanner.scanJars Al menos un JAR, que se ha explorado buscando TLDs, aún no contenía TLDs. Activar historial de depuración para este historiador para una completa lista de los JARs que fueron explorados y de los que nos se halló TLDs. Saltarse JARs no necesarios durante la exploración puede dar lugar a una mejora de tiempo significativa en el arranque y compilación de JSP .
28-Oct-2024 12:45:06.855 INFO [main] org.apache.catalina.startup.HostConfig.deployDescriptor Deployment of deployment descriptor [C:\Proyecto-3s\T03_BodegaLaEsquinita_P\conf\Catalina\localhost\T03_BodegaLaEsquinita_P.xml] has finished in [2.386] ms
28-Oct-2024 12:45:06.869 INFO [main] org.apache.coyote.AbstractProtocol.start Starting ProtocolHandler ["http-nio-8080"]
28-Oct-2024 12:45:06.971 INFO [main] org.apache.catalina.startup.Catalina.start Server startup in [2645] milliseconds
28-Oct-2024 12:52:53.022 INFO [Thread-1] org.apache.coyote.AbstractProtocol.pause Pausing ProtocolHandler ["http-nio-8080"]
28-Oct-2024 12:52:54.005 INFO [Thread-1] org.apache.catalina.core.StandardService.stopInternal Parando servicio [Catalina]
28-Oct-2024 12:52:54.896 INFO [Thread-1] org.apache.coyote.AbstractProtocol.stop Stopping ProtocolHandler ["http-nio-8080"]
28-Oct-2024 12:52:55.079 INFO [Thread-1] org.apache.coyote.AbstractProtocol.destroy Destroying ProtocolHandler ["http-nio-8080"]
28-Oct-2024 12:53:09.279 INFO [main] org.apache.catalina.startup.VersionLoggerListener.log Nombre de la versión del servidor: Apache Tomcat/9.0.93
28-Oct-2024 12:53:09.289 INFO [main] org.apache.catalina.startup.VersionLoggerListener.log Server built:                      Aug 2 2024 21:24:59 UTC
28-Oct-2024 12:53:09.290 INFO [main] org.apache.catalina.startup.VersionLoggerListener.log Número de versión de servidor:     9.0.93.0
28-Oct-2024 12:53:09.290 INFO [main] org.apache.catalina.startup.VersionLoggerListener.log OS Name:                           Windows 11
28-Oct-2024 12:53:09.290 INFO [main] org.apache.catalina.startup.VersionLoggerListener.log Versión de Systema Operativo:      10.0
28-Oct-2024 12:53:09.291 INFO [main] org.apache.catalina.startup.VersionLoggerListener.log Arquitectura:                      amd64
28-Oct-2024 12:53:09.291 INFO [main] org.apache.catalina.startup.VersionLoggerListener.log Java Home:                         C:\Program Files\Java\jdk-17
28-Oct-2024 12:53:09.291 INFO [main] org.apache.catalina.startup.VersionLoggerListener.log JVM Version:                       17.0.10+11-LTS-240
28-Oct-2024 12:53:09.291 INFO [main] org.apache.catalina.startup.VersionLoggerListener.log Vededor JVM:                       Oracle Corporation
28-Oct-2024 12:53:09.291 INFO [main] org.apache.catalina.startup.VersionLoggerListener.log CATALINA_BASE:                     C:\Proyecto-3s\T03_BodegaLaEsquinita_P
28-Oct-2024 12:53:09.291 INFO [main] org.apache.catalina.startup.VersionLoggerListener.log CATALINA_HOME:                     C:\ValleGrande\IntelliJ\apache-tomcat-9.0.93
28-Oct-2024 12:53:09.320 INFO [main] org.apache.catalina.startup.VersionLoggerListener.log Command line argument:             --add-opens=java.base/java.lang=ALL-UNNAMED
28-Oct-2024 12:53:09.321 INFO [main] org.apache.catalina.startup.VersionLoggerListener.log Command line argument:             --add-opens=java.base/java.io=ALL-UNNAMED
28-Oct-2024 12:53:09.321 INFO [main] org.apache.catalina.startup.VersionLoggerListener.log Command line argument:             --add-opens=java.base/java.util=ALL-UNNAMED
28-Oct-2024 12:53:09.321 INFO [main] org.apache.catalina.startup.VersionLoggerListener.log Command line argument:             --add-opens=java.base/java.util.concurrent=ALL-UNNAMED
28-Oct-2024 12:53:09.321 INFO [main] org.apache.catalina.startup.VersionLoggerListener.log Command line argument:             --add-opens=java.rmi/sun.rmi.transport=ALL-UNNAMED
28-Oct-2024 12:53:09.321 INFO [main] org.apache.catalina.startup.VersionLoggerListener.log Command line argument:             -Dcatalina.home=C:\..\ValleGrande\IntelliJ\apache-tomcat-9.0.93
28-Oct-2024 12:53:09.322 INFO [main] org.apache.catalina.startup.VersionLoggerListener.log Command line argument:             -Dcatalina.base=C:\Proyecto-3s\T03_BodegaLaEsquinita_P
28-Oct-2024 12:53:09.322 INFO [main] org.apache.catalina.startup.VersionLoggerListener.log Command line argument:             -Djava.io.tmpdir=C:\Proyecto-3s\T03_BodegaLaEsquinita_P\temp
28-Oct-2024 12:53:09.322 INFO [main] org.apache.catalina.startup.VersionLoggerListener.log Command line argument:             -Djava.util.logging.config.file=C:\Proyecto-3s\T03_BodegaLaEsquinita_P\conf\logging.properties
28-Oct-2024 12:53:09.322 INFO [main] org.apache.catalina.startup.VersionLoggerListener.log Command line argument:             -Djava.util.logging.manager=org.apache.juli.ClassLoaderLogManager
28-Oct-2024 12:53:09.322 INFO [main] org.apache.catalina.startup.VersionLoggerListener.log Command line argument:             -javaagent:C:\Program Files\JetBrains\IntelliJ IDEA 2024.2.1\lib\idea_rt.jar=57245:C:\Program Files\JetBrains\IntelliJ IDEA 2024.2.1\bin
28-Oct-2024 12:53:09.322 INFO [main] org.apache.catalina.startup.VersionLoggerListener.log Command line argument:             -Dfile.encoding=UTF-8
28-Oct-2024 12:53:09.345 INFO [main] org.apache.catalina.core.AprLifecycleListener.lifecycleEvent Cargada la biblioteca nativa APR de Apache Tomcat [1.3.1] con la versión APR [1.7.4].
28-Oct-2024 12:53:09.345 INFO [main] org.apache.catalina.core.AprLifecycleListener.lifecycleEvent Capacidades APR: IPv6 [true], enviar fichero [true], aceptar filtros [false], aleatorio [true], UDS [true].
28-Oct-2024 12:53:09.345 INFO [main] org.apache.catalina.core.AprLifecycleListener.lifecycleEvent APR/OpenSSL configuration: useAprConnector [false], useOpenSSL [true]
28-Oct-2024 12:53:09.416 INFO [main] org.apache.catalina.core.AprLifecycleListener.initializeSSL OpenSSL inicializado correctamente [OpenSSL 3.0.14 4 Jun 2024]
28-Oct-2024 12:53:10.046 INFO [main] org.apache.coyote.AbstractProtocol.init Inicializando el manejador de protocolo ["http-nio-8080"]

28-Oct-2024 12:53:10.093 INFO [main] org.apache.catalina.startup.Catalina.load Server initialization in [1432] milliseconds
28-Oct-2024 12:53:10.337 INFO [main] org.apache.catalina.core.StandardService.startInternal Arrancando servicio [Catalina]
28-Oct-2024 12:53:10.337 INFO [main] org.apache.catalina.core.StandardEngine.startInternal Starting Servlet engine: [Apache Tomcat/9.0.93]
28-Oct-2024 12:53:10.372 INFO [main] org.apache.catalina.startup.HostConfig.deployDescriptor Desplieque del descriptor de configuración [C:\Proyecto-3s\T03_BodegaLaEsquinita_P\conf\Catalina\localhost\T03_BodegaLaEsquinita_P.xml]
28-Oct-2024 12:53:12.966 INFO [main] org.apache.jasper.servlet.TldScanner.scanJars Al menos un JAR, que se ha explorado buscando TLDs, aún no contenía TLDs. Activar historial de depuración para este historiador para una completa lista de los JARs que fueron explorados y de los que nos se halló TLDs. Saltarse JARs no necesarios durante la exploración puede dar lugar a una mejora de tiempo significativa en el arranque y compilación de JSP .
28-Oct-2024 12:53:13.278 INFO [main] org.apache.catalina.startup.HostConfig.deployDescriptor Deployment of deployment descriptor [C:\Proyecto-3s\T03_BodegaLaEsquinita_P\conf\Catalina\localhost\T03_BodegaLaEsquinita_P.xml] has finished in [2.898] ms
28-Oct-2024 12:53:13.301 INFO [main] org.apache.coyote.AbstractProtocol.start Starting ProtocolHandler ["http-nio-8080"]
28-Oct-2024 12:53:13.484 INFO [main] org.apache.catalina.startup.Catalina.start Server startup in [3390] milliseconds
28-Oct-2024 12:57:21.357 INFO [Thread-1] org.apache.coyote.AbstractProtocol.pause Pausing ProtocolHandler ["http-nio-8080"]
28-Oct-2024 12:57:22.124 INFO [Thread-1] org.apache.catalina.core.StandardService.stopInternal Parando servicio [Catalina]
28-Oct-2024 12:57:22.773 WARNING [Thread-1] org.apache.catalina.loader.WebappClassLoaderBase.clearReferencesJdbc La aplicación web [T03_BodegaLaEsquinita_P] registró el conductor JDBC [com.microsoft.sqlserver.jdbc.SQLServerDriver] pero falló al anular el registro mientras la aplicación web estaba parada. Para prevenir un fallo de memoria, se ha anulado el registro del conductor JDBC por la fuerza.
28-Oct-2024 12:57:23.049 INFO [Thread-1] org.apache.coyote.AbstractProtocol.stop Stopping ProtocolHandler ["http-nio-8080"]
28-Oct-2024 12:57:23.114 INFO [Thread-1] org.apache.coyote.AbstractProtocol.destroy Destroying ProtocolHandler ["http-nio-8080"]
28-Oct-2024 12:57:37.879 INFO [main] org.apache.catalina.startup.VersionLoggerListener.log Nombre de la versión del servidor: Apache Tomcat/9.0.93
28-Oct-2024 12:57:37.890 INFO [main] org.apache.catalina.startup.VersionLoggerListener.log Server built:                      Aug 2 2024 21:24:59 UTC
28-Oct-2024 12:57:37.890 INFO [main] org.apache.catalina.startup.VersionLoggerListener.log Número de versión de servidor:     9.0.93.0
28-Oct-2024 12:57:37.891 INFO [main] org.apache.catalina.startup.VersionLoggerListener.log OS Name:                           Windows 11
28-Oct-2024 12:57:37.891 INFO [main] org.apache.catalina.startup.VersionLoggerListener.log Versión de Systema Operativo:      10.0
28-Oct-2024 12:57:37.891 INFO [main] org.apache.catalina.startup.VersionLoggerListener.log Arquitectura:                      amd64
28-Oct-2024 12:57:37.891 INFO [main] org.apache.catalina.startup.VersionLoggerListener.log Java Home:                         C:\Program Files\Java\jdk-17
28-Oct-2024 12:57:37.891 INFO [main] org.apache.catalina.startup.VersionLoggerListener.log JVM Version:                       17.0.10+11-LTS-240
28-Oct-2024 12:57:37.892 INFO [main] org.apache.catalina.startup.VersionLoggerListener.log Vededor JVM:                       Oracle Corporation
28-Oct-2024 12:57:37.892 INFO [main] org.apache.catalina.startup.VersionLoggerListener.log CATALINA_BASE:                     C:\Proyecto-3s\T03_BodegaLaEsquinita_P
28-Oct-2024 12:57:37.892 INFO [main] org.apache.catalina.startup.VersionLoggerListener.log CATALINA_HOME:                     C:\ValleGrande\IntelliJ\apache-tomcat-9.0.93
28-Oct-2024 12:57:37.916 INFO [main] org.apache.catalina.startup.VersionLoggerListener.log Command line argument:             --add-opens=java.base/java.lang=ALL-UNNAMED
28-Oct-2024 12:57:37.917 INFO [main] org.apache.catalina.startup.VersionLoggerListener.log Command line argument:             --add-opens=java.base/java.io=ALL-UNNAMED
28-Oct-2024 12:57:37.917 INFO [main] org.apache.catalina.startup.VersionLoggerListener.log Command line argument:             --add-opens=java.base/java.util=ALL-UNNAMED
28-Oct-2024 12:57:37.917 INFO [main] org.apache.catalina.startup.VersionLoggerListener.log Command line argument:             --add-opens=java.base/java.util.concurrent=ALL-UNNAMED
28-Oct-2024 12:57:37.917 INFO [main] org.apache.catalina.startup.VersionLoggerListener.log Command line argument:             --add-opens=java.rmi/sun.rmi.transport=ALL-UNNAMED
28-Oct-2024 12:57:37.917 INFO [main] org.apache.catalina.startup.VersionLoggerListener.log Command line argument:             -Dcatalina.home=C:\..\ValleGrande\IntelliJ\apache-tomcat-9.0.93
28-Oct-2024 12:57:37.918 INFO [main] org.apache.catalina.startup.VersionLoggerListener.log Command line argument:             -Dcatalina.base=C:\Proyecto-3s\T03_BodegaLaEsquinita_P
28-Oct-2024 12:57:37.918 INFO [main] org.apache.catalina.startup.VersionLoggerListener.log Command line argument:             -Djava.io.tmpdir=C:\Proyecto-3s\T03_BodegaLaEsquinita_P\temp
28-Oct-2024 12:57:37.918 INFO [main] org.apache.catalina.startup.VersionLoggerListener.log Command line argument:             -Djava.util.logging.config.file=C:\Proyecto-3s\T03_BodegaLaEsquinita_P\conf\logging.properties
28-Oct-2024 12:57:37.918 INFO [main] org.apache.catalina.startup.VersionLoggerListener.log Command line argument:             -Djava.util.logging.manager=org.apache.juli.ClassLoaderLogManager
28-Oct-2024 12:57:37.918 INFO [main] org.apache.catalina.startup.VersionLoggerListener.log Command line argument:             -javaagent:C:\Program Files\JetBrains\IntelliJ IDEA 2024.2.1\lib\idea_rt.jar=57337:C:\Program Files\JetBrains\IntelliJ IDEA 2024.2.1\bin
28-Oct-2024 12:57:37.918 INFO [main] org.apache.catalina.startup.VersionLoggerListener.log Command line argument:             -Dfile.encoding=UTF-8
28-Oct-2024 12:57:37.933 INFO [main] org.apache.catalina.core.AprLifecycleListener.lifecycleEvent Cargada la biblioteca nativa APR de Apache Tomcat [1.3.1] con la versión APR [1.7.4].
28-Oct-2024 12:57:37.935 INFO [main] org.apache.catalina.core.AprLifecycleListener.lifecycleEvent Capacidades APR: IPv6 [true], enviar fichero [true], aceptar filtros [false], aleatorio [true], UDS [true].
28-Oct-2024 12:57:37.935 INFO [main] org.apache.catalina.core.AprLifecycleListener.lifecycleEvent APR/OpenSSL configuration: useAprConnector [false], useOpenSSL [true]
28-Oct-2024 12:57:37.969 INFO [main] org.apache.catalina.core.AprLifecycleListener.initializeSSL OpenSSL inicializado correctamente [OpenSSL 3.0.14 4 Jun 2024]
28-Oct-2024 12:57:38.603 INFO [main] org.apache.coyote.AbstractProtocol.init Inicializando el manejador de protocolo ["http-nio-8080"]

28-Oct-2024 12:57:38.644 INFO [main] org.apache.catalina.startup.Catalina.load Server initialization in [1324] milliseconds
28-Oct-2024 12:57:38.776 INFO [main] org.apache.catalina.core.StandardService.startInternal Arrancando servicio [Catalina]
28-Oct-2024 12:57:38.777 INFO [main] org.apache.catalina.core.StandardEngine.startInternal Starting Servlet engine: [Apache Tomcat/9.0.93]
28-Oct-2024 12:57:38.800 INFO [main] org.apache.catalina.startup.HostConfig.deployDescriptor Desplieque del descriptor de configuración [C:\Proyecto-3s\T03_BodegaLaEsquinita_P\conf\Catalina\localhost\T03_BodegaLaEsquinita_P.xml]
28-Oct-2024 12:57:40.768 INFO [main] org.apache.jasper.servlet.TldScanner.scanJars Al menos un JAR, que se ha explorado buscando TLDs, aún no contenía TLDs. Activar historial de depuración para este historiador para una completa lista de los JARs que fueron explorados y de los que nos se halló TLDs. Saltarse JARs no necesarios durante la exploración puede dar lugar a una mejora de tiempo significativa en el arranque y compilación de JSP .
28-Oct-2024 12:57:41.153 INFO [main] org.apache.catalina.startup.HostConfig.deployDescriptor Deployment of deployment descriptor [C:\Proyecto-3s\T03_BodegaLaEsquinita_P\conf\Catalina\localhost\T03_BodegaLaEsquinita_P.xml] has finished in [2.344] ms
28-Oct-2024 12:57:41.176 INFO [main] org.apache.coyote.AbstractProtocol.start Starting ProtocolHandler ["http-nio-8080"]
28-Oct-2024 12:57:41.319 INFO [main] org.apache.catalina.startup.Catalina.start Server startup in [2674] milliseconds
28-Oct-2024 14:57:49.876 INFO [Thread-1] org.apache.coyote.AbstractProtocol.pause Pausing ProtocolHandler ["http-nio-8080"]
28-Oct-2024 14:57:52.133 INFO [Thread-1] org.apache.catalina.core.StandardService.stopInternal Parando servicio [Catalina]
28-Oct-2024 14:57:54.731 WARNING [Thread-1] org.apache.catalina.loader.WebappClassLoaderBase.clearReferencesJdbc La aplicación web [T03_BodegaLaEsquinita_P] registró el conductor JDBC [com.microsoft.sqlserver.jdbc.SQLServerDriver] pero falló al anular el registro mientras la aplicación web estaba parada. Para prevenir un fallo de memoria, se ha anulado el registro del conductor JDBC por la fuerza.
28-Oct-2024 14:57:56.551 INFO [Thread-1] org.apache.coyote.AbstractProtocol.stop Stopping ProtocolHandler ["http-nio-8080"]
28-Oct-2024 14:57:56.779 INFO [Thread-1] org.apache.coyote.AbstractProtocol.destroy Destroying ProtocolHandler ["http-nio-8080"]
28-Oct-2024 14:58:35.536 INFO [main] org.apache.catalina.startup.VersionLoggerListener.log Nombre de la versión del servidor: Apache Tomcat/9.0.93
28-Oct-2024 14:58:35.554 INFO [main] org.apache.catalina.startup.VersionLoggerListener.log Server built:                      Aug 2 2024 21:24:59 UTC
28-Oct-2024 14:58:35.554 INFO [main] org.apache.catalina.startup.VersionLoggerListener.log Número de versión de servidor:     9.0.93.0
28-Oct-2024 14:58:35.554 INFO [main] org.apache.catalina.startup.VersionLoggerListener.log OS Name:                           Windows 11
28-Oct-2024 14:58:35.554 INFO [main] org.apache.catalina.startup.VersionLoggerListener.log Versión de Systema Operativo:      10.0
28-Oct-2024 14:58:35.554 INFO [main] org.apache.catalina.startup.VersionLoggerListener.log Arquitectura:                      amd64
28-Oct-2024 14:58:35.557 INFO [main] org.apache.catalina.startup.VersionLoggerListener.log Java Home:                         C:\Program Files\Java\jdk-17
28-Oct-2024 14:58:35.557 INFO [main] org.apache.catalina.startup.VersionLoggerListener.log JVM Version:                       17.0.10+11-LTS-240
28-Oct-2024 14:58:35.558 INFO [main] org.apache.catalina.startup.VersionLoggerListener.log Vededor JVM:                       Oracle Corporation
28-Oct-2024 14:58:35.558 INFO [main] org.apache.catalina.startup.VersionLoggerListener.log CATALINA_BASE:                     C:\Proyecto-3s\T03_BodegaLaEsquinita_P
28-Oct-2024 14:58:35.558 INFO [main] org.apache.catalina.startup.VersionLoggerListener.log CATALINA_HOME:                     C:\ValleGrande\IntelliJ\apache-tomcat-9.0.93
28-Oct-2024 14:58:35.588 INFO [main] org.apache.catalina.startup.VersionLoggerListener.log Command line argument:             --add-opens=java.base/java.lang=ALL-UNNAMED
28-Oct-2024 14:58:35.589 INFO [main] org.apache.catalina.startup.VersionLoggerListener.log Command line argument:             --add-opens=java.base/java.io=ALL-UNNAMED
28-Oct-2024 14:58:35.589 INFO [main] org.apache.catalina.startup.VersionLoggerListener.log Command line argument:             --add-opens=java.base/java.util=ALL-UNNAMED
28-Oct-2024 14:58:35.589 INFO [main] org.apache.catalina.startup.VersionLoggerListener.log Command line argument:             --add-opens=java.base/java.util.concurrent=ALL-UNNAMED
28-Oct-2024 14:58:35.590 INFO [main] org.apache.catalina.startup.VersionLoggerListener.log Command line argument:             --add-opens=java.rmi/sun.rmi.transport=ALL-UNNAMED
28-Oct-2024 14:58:35.590 INFO [main] org.apache.catalina.startup.VersionLoggerListener.log Command line argument:             -Dcatalina.home=C:\..\ValleGrande\IntelliJ\apache-tomcat-9.0.93
28-Oct-2024 14:58:35.590 INFO [main] org.apache.catalina.startup.VersionLoggerListener.log Command line argument:             -Dcatalina.base=C:\Proyecto-3s\T03_BodegaLaEsquinita_P
28-Oct-2024 14:58:35.590 INFO [main] org.apache.catalina.startup.VersionLoggerListener.log Command line argument:             -Djava.io.tmpdir=C:\Proyecto-3s\T03_BodegaLaEsquinita_P\temp
28-Oct-2024 14:58:35.592 INFO [main] org.apache.catalina.startup.VersionLoggerListener.log Command line argument:             -Djava.util.logging.config.file=C:\Proyecto-3s\T03_BodegaLaEsquinita_P\conf\logging.properties
28-Oct-2024 14:58:35.592 INFO [main] org.apache.catalina.startup.VersionLoggerListener.log Command line argument:             -Djava.util.logging.manager=org.apache.juli.ClassLoaderLogManager
28-Oct-2024 14:58:35.592 INFO [main] org.apache.catalina.startup.VersionLoggerListener.log Command line argument:             -javaagent:C:\Program Files\JetBrains\IntelliJ IDEA 2024.2.1\lib\idea_rt.jar=62877:C:\Program Files\JetBrains\IntelliJ IDEA 2024.2.1\bin
28-Oct-2024 14:58:35.592 INFO [main] org.apache.catalina.startup.VersionLoggerListener.log Command line argument:             -Dfile.encoding=UTF-8
28-Oct-2024 14:58:36.192 INFO [main] org.apache.catalina.core.AprLifecycleListener.lifecycleEvent Cargada la biblioteca nativa APR de Apache Tomcat [1.3.1] con la versión APR [1.7.4].
28-Oct-2024 14:58:36.194 INFO [main] org.apache.catalina.core.AprLifecycleListener.lifecycleEvent Capacidades APR: IPv6 [true], enviar fichero [true], aceptar filtros [false], aleatorio [true], UDS [true].
28-Oct-2024 14:58:36.194 INFO [main] org.apache.catalina.core.AprLifecycleListener.lifecycleEvent APR/OpenSSL configuration: useAprConnector [false], useOpenSSL [true]
28-Oct-2024 14:58:36.254 INFO [main] org.apache.catalina.core.AprLifecycleListener.initializeSSL OpenSSL inicializado correctamente [OpenSSL 3.0.14 4 Jun 2024]
28-Oct-2024 14:58:37.060 INFO [main] org.apache.coyote.AbstractProtocol.init Inicializando el manejador de protocolo ["http-nio-8080"]

28-Oct-2024 14:58:37.165 INFO [main] org.apache.catalina.startup.Catalina.load Server initialization in [2380] milliseconds
28-Oct-2024 14:58:37.369 INFO [main] org.apache.catalina.core.StandardService.startInternal Arrancando servicio [Catalina]
28-Oct-2024 14:58:37.370 INFO [main] org.apache.catalina.core.StandardEngine.startInternal Starting Servlet engine: [Apache Tomcat/9.0.93]
28-Oct-2024 14:58:37.427 INFO [main] org.apache.catalina.startup.HostConfig.deployDescriptor Desplieque del descriptor de configuración [C:\Proyecto-3s\T03_BodegaLaEsquinita_P\conf\Catalina\localhost\T03_BodegaLaEsquinita_P.xml]
28-Oct-2024 14:58:40.580 INFO [main] org.apache.jasper.servlet.TldScanner.scanJars Al menos un JAR, que se ha explorado buscando TLDs, aún no contenía TLDs. Activar historial de depuración para este historiador para una completa lista de los JARs que fueron explorados y de los que nos se halló TLDs. Saltarse JARs no necesarios durante la exploración puede dar lugar a una mejora de tiempo significativa en el arranque y compilación de JSP .
28-Oct-2024 14:58:40.977 WARNING [main] org.apache.catalina.util.SessionIdGeneratorBase.createSecureRandom Creation of SecureRandom instance for session ID generation using [SHA1PRNG] took [208] milliseconds.
28-Oct-2024 14:58:41.053 INFO [main] org.apache.catalina.startup.HostConfig.deployDescriptor Deployment of deployment descriptor [C:\Proyecto-3s\T03_BodegaLaEsquinita_P\conf\Catalina\localhost\T03_BodegaLaEsquinita_P.xml] has finished in [3.625] ms
28-Oct-2024 14:58:41.070 INFO [main] org.apache.coyote.AbstractProtocol.start Starting ProtocolHandler ["http-nio-8080"]
28-Oct-2024 14:58:41.250 INFO [main] org.apache.catalina.startup.Catalina.start Server startup in [4085] milliseconds
28-Oct-2024 15:07:39.762 INFO [Thread-1] org.apache.coyote.AbstractProtocol.pause Pausing ProtocolHandler ["http-nio-8080"]
28-Oct-2024 15:07:41.355 INFO [Thread-1] org.apache.catalina.core.StandardService.stopInternal Parando servicio [Catalina]
28-Oct-2024 15:07:43.830 WARNING [Thread-1] org.apache.catalina.loader.WebappClassLoaderBase.clearReferencesJdbc La aplicación web [T03_BodegaLaEsquinita_P] registró el conductor JDBC [com.microsoft.sqlserver.jdbc.SQLServerDriver] pero falló al anular el registro mientras la aplicación web estaba parada. Para prevenir un fallo de memoria, se ha anulado el registro del conductor JDBC por la fuerza.
28-Oct-2024 15:07:44.091 INFO [Thread-1] org.apache.coyote.AbstractProtocol.stop Stopping ProtocolHandler ["http-nio-8080"]
28-Oct-2024 15:07:44.188 INFO [Thread-1] org.apache.coyote.AbstractProtocol.destroy Destroying ProtocolHandler ["http-nio-8080"]
28-Oct-2024 15:08:38.662 INFO [main] org.apache.catalina.startup.VersionLoggerListener.log Nombre de la versión del servidor: Apache Tomcat/9.0.93
28-Oct-2024 15:08:38.672 INFO [main] org.apache.catalina.startup.VersionLoggerListener.log Server built:                      Aug 2 2024 21:24:59 UTC
28-Oct-2024 15:08:38.673 INFO [main] org.apache.catalina.startup.VersionLoggerListener.log Número de versión de servidor:     9.0.93.0
28-Oct-2024 15:08:38.674 INFO [main] org.apache.catalina.startup.VersionLoggerListener.log OS Name:                           Windows 11
28-Oct-2024 15:08:38.674 INFO [main] org.apache.catalina.startup.VersionLoggerListener.log Versión de Systema Operativo:      10.0
28-Oct-2024 15:08:38.675 INFO [main] org.apache.catalina.startup.VersionLoggerListener.log Arquitectura:                      amd64
28-Oct-2024 15:08:38.675 INFO [main] org.apache.catalina.startup.VersionLoggerListener.log Java Home:                         C:\Program Files\Java\jdk-17
28-Oct-2024 15:08:38.675 INFO [main] org.apache.catalina.startup.VersionLoggerListener.log JVM Version:                       17.0.10+11-LTS-240
28-Oct-2024 15:08:38.677 INFO [main] org.apache.catalina.startup.VersionLoggerListener.log Vededor JVM:                       Oracle Corporation
28-Oct-2024 15:08:38.677 INFO [main] org.apache.catalina.startup.VersionLoggerListener.log CATALINA_BASE:                     C:\Proyecto-3s\T03_BodegaLaEsquinita_P
28-Oct-2024 15:08:38.677 INFO [main] org.apache.catalina.startup.VersionLoggerListener.log CATALINA_HOME:                     C:\ValleGrande\IntelliJ\apache-tomcat-9.0.93
28-Oct-2024 15:08:38.705 INFO [main] org.apache.catalina.startup.VersionLoggerListener.log Command line argument:             --add-opens=java.base/java.lang=ALL-UNNAMED
28-Oct-2024 15:08:38.705 INFO [main] org.apache.catalina.startup.VersionLoggerListener.log Command line argument:             --add-opens=java.base/java.io=ALL-UNNAMED
28-Oct-2024 15:08:38.705 INFO [main] org.apache.catalina.startup.VersionLoggerListener.log Command line argument:             --add-opens=java.base/java.util=ALL-UNNAMED
28-Oct-2024 15:08:38.705 INFO [main] org.apache.catalina.startup.VersionLoggerListener.log Command line argument:             --add-opens=java.base/java.util.concurrent=ALL-UNNAMED
28-Oct-2024 15:08:38.705 INFO [main] org.apache.catalina.startup.VersionLoggerListener.log Command line argument:             --add-opens=java.rmi/sun.rmi.transport=ALL-UNNAMED
28-Oct-2024 15:08:38.705 INFO [main] org.apache.catalina.startup.VersionLoggerListener.log Command line argument:             -Dcatalina.home=C:\..\ValleGrande\IntelliJ\apache-tomcat-9.0.93
28-Oct-2024 15:08:38.706 INFO [main] org.apache.catalina.startup.VersionLoggerListener.log Command line argument:             -Dcatalina.base=C:\Proyecto-3s\T03_BodegaLaEsquinita_P
28-Oct-2024 15:08:38.706 INFO [main] org.apache.catalina.startup.VersionLoggerListener.log Command line argument:             -Djava.io.tmpdir=C:\Proyecto-3s\T03_BodegaLaEsquinita_P\temp
28-Oct-2024 15:08:38.706 INFO [main] org.apache.catalina.startup.VersionLoggerListener.log Command line argument:             -Djava.util.logging.config.file=C:\Proyecto-3s\T03_BodegaLaEsquinita_P\conf\logging.properties
28-Oct-2024 15:08:38.707 INFO [main] org.apache.catalina.startup.VersionLoggerListener.log Command line argument:             -Djava.util.logging.manager=org.apache.juli.ClassLoaderLogManager
28-Oct-2024 15:08:38.707 INFO [main] org.apache.catalina.startup.VersionLoggerListener.log Command line argument:             -javaagent:C:\Program Files\JetBrains\IntelliJ IDEA 2024.2.1\lib\idea_rt.jar=63077:C:\Program Files\JetBrains\IntelliJ IDEA 2024.2.1\bin
28-Oct-2024 15:08:38.707 INFO [main] org.apache.catalina.startup.VersionLoggerListener.log Command line argument:             -Dfile.encoding=UTF-8
28-Oct-2024 15:08:39.409 INFO [main] org.apache.catalina.core.AprLifecycleListener.lifecycleEvent Cargada la biblioteca nativa APR de Apache Tomcat [1.3.1] con la versión APR [1.7.4].
28-Oct-2024 15:08:39.411 INFO [main] org.apache.catalina.core.AprLifecycleListener.lifecycleEvent Capacidades APR: IPv6 [true], enviar fichero [true], aceptar filtros [false], aleatorio [true], UDS [true].
28-Oct-2024 15:08:39.411 INFO [main] org.apache.catalina.core.AprLifecycleListener.lifecycleEvent APR/OpenSSL configuration: useAprConnector [false], useOpenSSL [true]
28-Oct-2024 15:08:39.461 INFO [main] org.apache.catalina.core.AprLifecycleListener.initializeSSL OpenSSL inicializado correctamente [OpenSSL 3.0.14 4 Jun 2024]
28-Oct-2024 15:08:40.085 INFO [main] org.apache.coyote.AbstractProtocol.init Inicializando el manejador de protocolo ["http-nio-8080"]

28-Oct-2024 15:08:40.133 INFO [main] org.apache.catalina.startup.Catalina.load Server initialization in [2116] milliseconds
28-Oct-2024 15:08:40.285 INFO [main] org.apache.catalina.core.StandardService.startInternal Arrancando servicio [Catalina]
28-Oct-2024 15:08:40.286 INFO [main] org.apache.catalina.core.StandardEngine.startInternal Starting Servlet engine: [Apache Tomcat/9.0.93]
28-Oct-2024 15:08:40.320 INFO [main] org.apache.catalina.startup.HostConfig.deployDescriptor Desplieque del descriptor de configuración [C:\Proyecto-3s\T03_BodegaLaEsquinita_P\conf\Catalina\localhost\T03_BodegaLaEsquinita_P.xml]
28-Oct-2024 15:08:43.479 INFO [main] org.apache.jasper.servlet.TldScanner.scanJars Al menos un JAR, que se ha explorado buscando TLDs, aún no contenía TLDs. Activar historial de depuración para este historiador para una completa lista de los JARs que fueron explorados y de los que nos se halló TLDs. Saltarse JARs no necesarios durante la exploración puede dar lugar a una mejora de tiempo significativa en el arranque y compilación de JSP .
28-Oct-2024 15:08:43.814 INFO [main] org.apache.catalina.startup.HostConfig.deployDescriptor Deployment of deployment descriptor [C:\Proyecto-3s\T03_BodegaLaEsquinita_P\conf\Catalina\localhost\T03_BodegaLaEsquinita_P.xml] has finished in [3.489] ms
28-Oct-2024 15:08:43.840 INFO [main] org.apache.coyote.AbstractProtocol.start Starting ProtocolHandler ["http-nio-8080"]
28-Oct-2024 15:08:44.055 INFO [main] org.apache.catalina.startup.Catalina.start Server startup in [3920] milliseconds
28-Oct-2024 15:10:33.426 INFO [Thread-1] org.apache.coyote.AbstractProtocol.pause Pausing ProtocolHandler ["http-nio-8080"]
28-Oct-2024 15:10:34.093 INFO [Thread-1] org.apache.catalina.core.StandardService.stopInternal Parando servicio [Catalina]
28-Oct-2024 15:10:34.605 WARNING [Thread-1] org.apache.catalina.loader.WebappClassLoaderBase.clearReferencesJdbc La aplicación web [T03_BodegaLaEsquinita_P] registró el conductor JDBC [com.microsoft.sqlserver.jdbc.SQLServerDriver] pero falló al anular el registro mientras la aplicación web estaba parada. Para prevenir un fallo de memoria, se ha anulado el registro del conductor JDBC por la fuerza.
28-Oct-2024 15:10:56.515 INFO [main] org.apache.catalina.startup.VersionLoggerListener.log Nombre de la versión del servidor: Apache Tomcat/9.0.93
28-Oct-2024 15:10:56.524 INFO [main] org.apache.catalina.startup.VersionLoggerListener.log Server built:                      Aug 2 2024 21:24:59 UTC
28-Oct-2024 15:10:56.524 INFO [main] org.apache.catalina.startup.VersionLoggerListener.log Número de versión de servidor:     9.0.93.0
28-Oct-2024 15:10:56.524 INFO [main] org.apache.catalina.startup.VersionLoggerListener.log OS Name:                           Windows 11
28-Oct-2024 15:10:56.526 INFO [main] org.apache.catalina.startup.VersionLoggerListener.log Versión de Systema Operativo:      10.0
28-Oct-2024 15:10:56.526 INFO [main] org.apache.catalina.startup.VersionLoggerListener.log Arquitectura:                      amd64
28-Oct-2024 15:10:56.526 INFO [main] org.apache.catalina.startup.VersionLoggerListener.log Java Home:                         C:\Program Files\Java\jdk-17
28-Oct-2024 15:10:56.526 INFO [main] org.apache.catalina.startup.VersionLoggerListener.log JVM Version:                       17.0.10+11-LTS-240
28-Oct-2024 15:10:56.526 INFO [main] org.apache.catalina.startup.VersionLoggerListener.log Vededor JVM:                       Oracle Corporation
28-Oct-2024 15:10:56.526 INFO [main] org.apache.catalina.startup.VersionLoggerListener.log CATALINA_BASE:                     C:\Proyecto-3s\T03_BodegaLaEsquinita_P
28-Oct-2024 15:10:56.526 INFO [main] org.apache.catalina.startup.VersionLoggerListener.log CATALINA_HOME:                     C:\ValleGrande\IntelliJ\apache-tomcat-9.0.93
28-Oct-2024 15:10:56.545 INFO [main] org.apache.catalina.startup.VersionLoggerListener.log Command line argument:             --add-opens=java.base/java.lang=ALL-UNNAMED
28-Oct-2024 15:10:56.546 INFO [main] org.apache.catalina.startup.VersionLoggerListener.log Command line argument:             --add-opens=java.base/java.io=ALL-UNNAMED
28-Oct-2024 15:10:56.547 INFO [main] org.apache.catalina.startup.VersionLoggerListener.log Command line argument:             --add-opens=java.base/java.util=ALL-UNNAMED
28-Oct-2024 15:10:56.548 INFO [main] org.apache.catalina.startup.VersionLoggerListener.log Command line argument:             --add-opens=java.base/java.util.concurrent=ALL-UNNAMED
28-Oct-2024 15:10:56.549 INFO [main] org.apache.catalina.startup.VersionLoggerListener.log Command line argument:             --add-opens=java.rmi/sun.rmi.transport=ALL-UNNAMED
28-Oct-2024 15:10:56.550 INFO [main] org.apache.catalina.startup.VersionLoggerListener.log Command line argument:             -Dcatalina.home=C:\..\ValleGrande\IntelliJ\apache-tomcat-9.0.93
28-Oct-2024 15:10:56.551 INFO [main] org.apache.catalina.startup.VersionLoggerListener.log Command line argument:             -Dcatalina.base=C:\Proyecto-3s\T03_BodegaLaEsquinita_P
28-Oct-2024 15:10:56.551 INFO [main] org.apache.catalina.startup.VersionLoggerListener.log Command line argument:             -Djava.io.tmpdir=C:\Proyecto-3s\T03_BodegaLaEsquinita_P\temp
28-Oct-2024 15:10:56.553 INFO [main] org.apache.catalina.startup.VersionLoggerListener.log Command line argument:             -Djava.util.logging.config.file=C:\Proyecto-3s\T03_BodegaLaEsquinita_P\conf\logging.properties
28-Oct-2024 15:10:56.553 INFO [main] org.apache.catalina.startup.VersionLoggerListener.log Command line argument:             -Djava.util.logging.manager=org.apache.juli.ClassLoaderLogManager
28-Oct-2024 15:10:56.554 INFO [main] org.apache.catalina.startup.VersionLoggerListener.log Command line argument:             -javaagent:C:\Program Files\JetBrains\IntelliJ IDEA 2024.2.1\lib\idea_rt.jar=63094:C:\Program Files\JetBrains\IntelliJ IDEA 2024.2.1\bin
28-Oct-2024 15:10:56.554 INFO [main] org.apache.catalina.startup.VersionLoggerListener.log Command line argument:             -Dfile.encoding=UTF-8
28-Oct-2024 15:10:56.571 INFO [main] org.apache.catalina.core.AprLifecycleListener.lifecycleEvent Cargada la biblioteca nativa APR de Apache Tomcat [1.3.1] con la versión APR [1.7.4].
28-Oct-2024 15:10:56.571 INFO [main] org.apache.catalina.core.AprLifecycleListener.lifecycleEvent Capacidades APR: IPv6 [true], enviar fichero [true], aceptar filtros [false], aleatorio [true], UDS [true].
28-Oct-2024 15:10:56.571 INFO [main] org.apache.catalina.core.AprLifecycleListener.lifecycleEvent APR/OpenSSL configuration: useAprConnector [false], useOpenSSL [true]
28-Oct-2024 15:10:56.616 INFO [main] org.apache.catalina.core.AprLifecycleListener.initializeSSL OpenSSL inicializado correctamente [OpenSSL 3.0.14 4 Jun 2024]
28-Oct-2024 15:10:57.263 INFO [main] org.apache.coyote.AbstractProtocol.init Inicializando el manejador de protocolo ["http-nio-8080"]

28-Oct-2024 15:10:57.334 INFO [main] org.apache.catalina.startup.Catalina.load Server initialization in [1378] milliseconds
28-Oct-2024 15:10:57.445 INFO [main] org.apache.catalina.core.StandardService.startInternal Arrancando servicio [Catalina]
28-Oct-2024 15:10:57.445 INFO [main] org.apache.catalina.core.StandardEngine.startInternal Starting Servlet engine: [Apache Tomcat/9.0.93]
28-Oct-2024 15:10:57.474 INFO [main] org.apache.catalina.startup.HostConfig.deployDescriptor Desplieque del descriptor de configuración [C:\Proyecto-3s\T03_BodegaLaEsquinita_P\conf\Catalina\localhost\T03_BodegaLaEsquinita_P.xml]
28-Oct-2024 15:10:59.701 INFO [main] org.apache.jasper.servlet.TldScanner.scanJars Al menos un JAR, que se ha explorado buscando TLDs, aún no contenía TLDs. Activar historial de depuración para este historiador para una completa lista de los JARs que fueron explorados y de los que nos se halló TLDs. Saltarse JARs no necesarios durante la exploración puede dar lugar a una mejora de tiempo significativa en el arranque y compilación de JSP .
28-Oct-2024 15:11:00.182 WARNING [main] org.apache.catalina.util.SessionIdGeneratorBase.createSecureRandom Creation of SecureRandom instance for session ID generation using [SHA1PRNG] took [288] milliseconds.
28-Oct-2024 15:11:00.336 INFO [main] org.apache.catalina.startup.HostConfig.deployDescriptor Deployment of deployment descriptor [C:\Proyecto-3s\T03_BodegaLaEsquinita_P\conf\Catalina\localhost\T03_BodegaLaEsquinita_P.xml] has finished in [2.861] ms
28-Oct-2024 15:11:00.375 INFO [main] org.apache.coyote.AbstractProtocol.start Starting ProtocolHandler ["http-nio-8080"]
28-Oct-2024 15:11:00.701 INFO [main] org.apache.catalina.startup.Catalina.start Server startup in [3366] milliseconds
28-Oct-2024 15:38:28.264 INFO [main] org.apache.catalina.startup.VersionLoggerListener.log Nombre de la versión del servidor: Apache Tomcat/9.0.93
28-Oct-2024 15:38:28.274 INFO [main] org.apache.catalina.startup.VersionLoggerListener.log Server built:                      Aug 2 2024 21:24:59 UTC
28-Oct-2024 15:38:28.275 INFO [main] org.apache.catalina.startup.VersionLoggerListener.log Número de versión de servidor:     9.0.93.0
28-Oct-2024 15:38:28.275 INFO [main] org.apache.catalina.startup.VersionLoggerListener.log OS Name:                           Windows 11
28-Oct-2024 15:38:28.276 INFO [main] org.apache.catalina.startup.VersionLoggerListener.log Versión de Systema Operativo:      10.0
28-Oct-2024 15:38:28.276 INFO [main] org.apache.catalina.startup.VersionLoggerListener.log Arquitectura:                      amd64
28-Oct-2024 15:38:28.276 INFO [main] org.apache.catalina.startup.VersionLoggerListener.log Java Home:                         C:\Program Files\Java\jdk-17
28-Oct-2024 15:38:28.277 INFO [main] org.apache.catalina.startup.VersionLoggerListener.log JVM Version:                       17.0.10+11-LTS-240
28-Oct-2024 15:38:28.277 INFO [main] org.apache.catalina.startup.VersionLoggerListener.log Vededor JVM:                       Oracle Corporation
28-Oct-2024 15:38:28.277 INFO [main] org.apache.catalina.startup.VersionLoggerListener.log CATALINA_BASE:                     C:\Proyecto-3s\T03_BodegaLaEsquinita_P
28-Oct-2024 15:38:28.279 INFO [main] org.apache.catalina.startup.VersionLoggerListener.log CATALINA_HOME:                     C:\ValleGrande\IntelliJ\apache-tomcat-9.0.93
28-Oct-2024 15:38:28.304 INFO [main] org.apache.catalina.startup.VersionLoggerListener.log Command line argument:             --add-opens=java.base/java.lang=ALL-UNNAMED
28-Oct-2024 15:38:28.304 INFO [main] org.apache.catalina.startup.VersionLoggerListener.log Command line argument:             --add-opens=java.base/java.io=ALL-UNNAMED
28-Oct-2024 15:38:28.305 INFO [main] org.apache.catalina.startup.VersionLoggerListener.log Command line argument:             --add-opens=java.base/java.util=ALL-UNNAMED
28-Oct-2024 15:38:28.305 INFO [main] org.apache.catalina.startup.VersionLoggerListener.log Command line argument:             --add-opens=java.base/java.util.concurrent=ALL-UNNAMED
28-Oct-2024 15:38:28.305 INFO [main] org.apache.catalina.startup.VersionLoggerListener.log Command line argument:             --add-opens=java.rmi/sun.rmi.transport=ALL-UNNAMED
28-Oct-2024 15:38:28.306 INFO [main] org.apache.catalina.startup.VersionLoggerListener.log Command line argument:             -Dcatalina.home=C:\..\ValleGrande\IntelliJ\apache-tomcat-9.0.93
28-Oct-2024 15:38:28.307 INFO [main] org.apache.catalina.startup.VersionLoggerListener.log Command line argument:             -Dcatalina.base=C:\Proyecto-3s\T03_BodegaLaEsquinita_P
28-Oct-2024 15:38:28.310 INFO [main] org.apache.catalina.startup.VersionLoggerListener.log Command line argument:             -Djava.io.tmpdir=C:\Proyecto-3s\T03_BodegaLaEsquinita_P\temp
28-Oct-2024 15:38:28.310 INFO [main] org.apache.catalina.startup.VersionLoggerListener.log Command line argument:             -Djava.util.logging.config.file=C:\Proyecto-3s\T03_BodegaLaEsquinita_P\conf\logging.properties
28-Oct-2024 15:38:28.311 INFO [main] org.apache.catalina.startup.VersionLoggerListener.log Command line argument:             -Djava.util.logging.manager=org.apache.juli.ClassLoaderLogManager
28-Oct-2024 15:38:28.311 INFO [main] org.apache.catalina.startup.VersionLoggerListener.log Command line argument:             -javaagent:C:\Program Files\JetBrains\IntelliJ IDEA 2024.2.1\lib\idea_rt.jar=63527:C:\Program Files\JetBrains\IntelliJ IDEA 2024.2.1\bin
28-Oct-2024 15:38:28.311 INFO [main] org.apache.catalina.startup.VersionLoggerListener.log Command line argument:             -Dfile.encoding=UTF-8
28-Oct-2024 15:38:28.331 INFO [main] org.apache.catalina.core.AprLifecycleListener.lifecycleEvent Cargada la biblioteca nativa APR de Apache Tomcat [1.3.1] con la versión APR [1.7.4].
28-Oct-2024 15:38:28.331 INFO [main] org.apache.catalina.core.AprLifecycleListener.lifecycleEvent Capacidades APR: IPv6 [true], enviar fichero [true], aceptar filtros [false], aleatorio [true], UDS [true].
28-Oct-2024 15:38:28.331 INFO [main] org.apache.catalina.core.AprLifecycleListener.lifecycleEvent APR/OpenSSL configuration: useAprConnector [false], useOpenSSL [true]
28-Oct-2024 15:38:28.383 INFO [main] org.apache.catalina.core.AprLifecycleListener.initializeSSL OpenSSL inicializado correctamente [OpenSSL 3.0.14 4 Jun 2024]
28-Oct-2024 15:38:29.247 INFO [main] org.apache.coyote.AbstractProtocol.init Inicializando el manejador de protocolo ["http-nio-8080"]

28-Oct-2024 15:38:29.292 SEVERE [main] org.apache.catalina.util.LifecycleBase.handleSubClassException Fallo al iniciar el componente [Connector["http-nio-8080"]]
	org.apache.catalina.LifecycleException: Falló la inicialización del manejador de protocolo
		at org.apache.catalina.connector.Connector.initInternal(Connector.java:1027)
		at org.apache.catalina.util.LifecycleBase.init(LifecycleBase.java:122)
		at org.apache.catalina.core.StandardService.initInternal(StandardService.java:525)
		at org.apache.catalina.util.LifecycleBase.init(LifecycleBase.java:122)
		at org.apache.catalina.core.StandardServer.initInternal(StandardServer.java:990)
		at org.apache.catalina.util.LifecycleBase.init(LifecycleBase.java:122)
		at org.apache.catalina.startup.Catalina.load(Catalina.java:686)
		at org.apache.catalina.startup.Catalina.load(Catalina.java:709)
		at java.base/jdk.internal.reflect.NativeMethodAccessorImpl.invoke0(Native Method)
		at java.base/jdk.internal.reflect.NativeMethodAccessorImpl.invoke(NativeMethodAccessorImpl.java:77)
		at java.base/jdk.internal.reflect.DelegatingMethodAccessorImpl.invoke(DelegatingMethodAccessorImpl.java:43)
		at java.base/java.lang.reflect.Method.invoke(Method.java:568)
		at org.apache.catalina.startup.Bootstrap.load(Bootstrap.java:302)
		at org.apache.catalina.startup.Bootstrap.main(Bootstrap.java:472)
	Caused by: java.net.BindException: Address already in use: bind
		at java.base/sun.nio.ch.Net.bind0(Native Method)
		at java.base/sun.nio.ch.Net.bind(Net.java:555)
		at java.base/sun.nio.ch.ServerSocketChannelImpl.netBind(ServerSocketChannelImpl.java:337)
		at java.base/sun.nio.ch.ServerSocketChannelImpl.bind(ServerSocketChannelImpl.java:294)
		at org.apache.tomcat.util.net.NioEndpoint.initServerSocket(NioEndpoint.java:268)
		at org.apache.tomcat.util.net.NioEndpoint.bind(NioEndpoint.java:223)
		at org.apache.tomcat.util.net.AbstractEndpoint.bindWithCleanup(AbstractEndpoint.java:1373)
		at org.apache.tomcat.util.net.AbstractEndpoint.init(AbstractEndpoint.java:1386)
		at org.apache.coyote.AbstractProtocol.init(AbstractProtocol.java:662)
		at org.apache.coyote.http11.AbstractHttp11Protocol.init(AbstractHttp11Protocol.java:77)
		at org.apache.catalina.connector.Connector.initInternal(Connector.java:1025)
		... 13 more
28-Oct-2024 15:38:29.294 INFO [main] org.apache.catalina.startup.Catalina.load Server initialization in [1660] milliseconds
28-Oct-2024 15:38:29.443 INFO [main] org.apache.catalina.core.StandardService.startInternal Arrancando servicio [Catalina]
28-Oct-2024 15:38:29.444 INFO [main] org.apache.catalina.core.StandardEngine.startInternal Starting Servlet engine: [Apache Tomcat/9.0.93]
28-Oct-2024 15:38:29.475 INFO [main] org.apache.catalina.startup.HostConfig.deployDescriptor Desplieque del descriptor de configuración [C:\Proyecto-3s\T03_BodegaLaEsquinita_P\conf\Catalina\localhost\T03_BodegaLaEsquinita_P.xml]
28-Oct-2024 15:38:31.256 INFO [main] org.apache.jasper.servlet.TldScanner.scanJars Al menos un JAR, que se ha explorado buscando TLDs, aún no contenía TLDs. Activar historial de depuración para este historiador para una completa lista de los JARs que fueron explorados y de los que nos se halló TLDs. Saltarse JARs no necesarios durante la exploración puede dar lugar a una mejora de tiempo significativa en el arranque y compilación de JSP .
28-Oct-2024 15:38:31.529 WARNING [main] org.apache.catalina.util.SessionIdGeneratorBase.createSecureRandom Creation of SecureRandom instance for session ID generation using [SHA1PRNG] took [117] milliseconds.
28-Oct-2024 15:38:31.580 INFO [main] org.apache.catalina.startup.HostConfig.deployDescriptor Deployment of deployment descriptor [C:\Proyecto-3s\T03_BodegaLaEsquinita_P\conf\Catalina\localhost\T03_BodegaLaEsquinita_P.xml] has finished in [2.105] ms
28-Oct-2024 15:38:31.592 INFO [main] org.apache.catalina.startup.Catalina.start Server startup in [2296] milliseconds
28-Oct-2024 15:38:31.666 SEVERE [main] org.apache.catalina.core.StandardServer.await Failed to create server shutdown socket on address [localhost] and port [8005] (base port [8005] and offset [0])
	java.net.BindException: Address already in use: bind
		at java.base/sun.nio.ch.Net.bind0(Native Method)
		at java.base/sun.nio.ch.Net.bind(Net.java:555)
		at java.base/sun.nio.ch.Net.bind(Net.java:544)
		at java.base/sun.nio.ch.NioSocketImpl.bind(NioSocketImpl.java:648)
		at java.base/java.net.ServerSocket.bind(ServerSocket.java:388)
		at java.base/java.net.ServerSocket.<init>(ServerSocket.java:274)
		at org.apache.catalina.core.StandardServer.await(StandardServer.java:541)
		at org.apache.catalina.startup.Catalina.await(Catalina.java:825)
		at org.apache.catalina.startup.Catalina.start(Catalina.java:773)
		at java.base/jdk.internal.reflect.NativeMethodAccessorImpl.invoke0(Native Method)
		at java.base/jdk.internal.reflect.NativeMethodAccessorImpl.invoke(NativeMethodAccessorImpl.java:77)
		at java.base/jdk.internal.reflect.DelegatingMethodAccessorImpl.invoke(DelegatingMethodAccessorImpl.java:43)
		at java.base/java.lang.reflect.Method.invoke(Method.java:568)
		at org.apache.catalina.startup.Bootstrap.start(Bootstrap.java:345)
		at org.apache.catalina.startup.Bootstrap.main(Bootstrap.java:473)
28-Oct-2024 15:38:31.667 INFO [main] org.apache.coyote.AbstractProtocol.pause Pausing ProtocolHandler ["http-nio-8080"]
28-Oct-2024 15:38:31.669 INFO [main] org.apache.catalina.core.StandardService.stopInternal Parando servicio [Catalina]
28-Oct-2024 15:38:31.706 INFO [main] org.apache.coyote.AbstractProtocol.stop Stopping ProtocolHandler ["http-nio-8080"]
28-Oct-2024 15:38:31.712 INFO [main] org.apache.coyote.AbstractProtocol.destroy Destroying ProtocolHandler ["http-nio-8080"]
28-Oct-2024 15:38:34.974 INFO [Catalina-utility-1] org.apache.catalina.startup.HostConfig.undeploy Repliegue (undeploy) de la aplicación web que tiene como trayectoria de contexto [/T03_BodegaLaEsquinita_P]
28-Oct-2024 15:38:36.839 WARNING [Catalina-utility-1] org.apache.catalina.loader.WebappClassLoaderBase.clearReferencesJdbc La aplicación web [T03_BodegaLaEsquinita_P] registró el conductor JDBC [com.microsoft.sqlserver.jdbc.SQLServerDriver] pero falló al anular el registro mientras la aplicación web estaba parada. Para prevenir un fallo de memoria, se ha anulado el registro del conductor JDBC por la fuerza.
28-Oct-2024 15:38:39.269 INFO [Catalina-utility-1] org.apache.catalina.startup.HostConfig.deployDescriptor Desplieque del descriptor de configuración [C:\Proyecto-3s\T03_BodegaLaEsquinita_P\conf\Catalina\localhost\T03_BodegaLaEsquinita_P.xml]
28-Oct-2024 15:38:44.039 INFO [Catalina-utility-1] org.apache.jasper.servlet.TldScanner.scanJars Al menos un JAR, que se ha explorado buscando TLDs, aún no contenía TLDs. Activar historial de depuración para este historiador para una completa lista de los JARs que fueron explorados y de los que nos se halló TLDs. Saltarse JARs no necesarios durante la exploración puede dar lugar a una mejora de tiempo significativa en el arranque y compilación de JSP .
28-Oct-2024 15:38:44.299 INFO [Catalina-utility-1] org.apache.catalina.startup.HostConfig.deployDescriptor Deployment of deployment descriptor [C:\Proyecto-3s\T03_BodegaLaEsquinita_P\conf\Catalina\localhost\T03_BodegaLaEsquinita_P.xml] has finished in [4.964] ms
28-Oct-2024 15:41:42.738 INFO [main] org.apache.catalina.startup.VersionLoggerListener.log Nombre de la versión del servidor: Apache Tomcat/9.0.93
28-Oct-2024 15:41:42.752 INFO [main] org.apache.catalina.startup.VersionLoggerListener.log Server built:                      Aug 2 2024 21:24:59 UTC
28-Oct-2024 15:41:42.754 INFO [main] org.apache.catalina.startup.VersionLoggerListener.log Número de versión de servidor:     9.0.93.0
28-Oct-2024 15:41:42.754 INFO [main] org.apache.catalina.startup.VersionLoggerListener.log OS Name:                           Windows 11
28-Oct-2024 15:41:42.754 INFO [main] org.apache.catalina.startup.VersionLoggerListener.log Versión de Systema Operativo:      10.0
28-Oct-2024 15:41:42.754 INFO [main] org.apache.catalina.startup.VersionLoggerListener.log Arquitectura:                      amd64
28-Oct-2024 15:41:42.755 INFO [main] org.apache.catalina.startup.VersionLoggerListener.log Java Home:                         C:\Program Files\Java\jdk-17
28-Oct-2024 15:41:42.755 INFO [main] org.apache.catalina.startup.VersionLoggerListener.log JVM Version:                       17.0.10+11-LTS-240
28-Oct-2024 15:41:42.755 INFO [main] org.apache.catalina.startup.VersionLoggerListener.log Vededor JVM:                       Oracle Corporation
28-Oct-2024 15:41:42.755 INFO [main] org.apache.catalina.startup.VersionLoggerListener.log CATALINA_BASE:                     C:\Proyecto-3s\T03_BodegaLaEsquinita_P
28-Oct-2024 15:41:42.755 INFO [main] org.apache.catalina.startup.VersionLoggerListener.log CATALINA_HOME:                     C:\ValleGrande\IntelliJ\apache-tomcat-9.0.93
28-Oct-2024 15:41:42.813 INFO [main] org.apache.catalina.startup.VersionLoggerListener.log Command line argument:             --add-opens=java.base/java.lang=ALL-UNNAMED
28-Oct-2024 15:41:42.814 INFO [main] org.apache.catalina.startup.VersionLoggerListener.log Command line argument:             --add-opens=java.base/java.io=ALL-UNNAMED
28-Oct-2024 15:41:42.814 INFO [main] org.apache.catalina.startup.VersionLoggerListener.log Command line argument:             --add-opens=java.base/java.util=ALL-UNNAMED
28-Oct-2024 15:41:42.814 INFO [main] org.apache.catalina.startup.VersionLoggerListener.log Command line argument:             --add-opens=java.base/java.util.concurrent=ALL-UNNAMED
28-Oct-2024 15:41:42.815 INFO [main] org.apache.catalina.startup.VersionLoggerListener.log Command line argument:             --add-opens=java.rmi/sun.rmi.transport=ALL-UNNAMED
28-Oct-2024 15:41:42.815 INFO [main] org.apache.catalina.startup.VersionLoggerListener.log Command line argument:             -Dcatalina.home=C:\..\ValleGrande\IntelliJ\apache-tomcat-9.0.93
28-Oct-2024 15:41:42.815 INFO [main] org.apache.catalina.startup.VersionLoggerListener.log Command line argument:             -Dcatalina.base=C:\Proyecto-3s\T03_BodegaLaEsquinita_P
28-Oct-2024 15:41:42.815 INFO [main] org.apache.catalina.startup.VersionLoggerListener.log Command line argument:             -Djava.io.tmpdir=C:\Proyecto-3s\T03_BodegaLaEsquinita_P\temp
28-Oct-2024 15:41:42.815 INFO [main] org.apache.catalina.startup.VersionLoggerListener.log Command line argument:             -Djava.util.logging.config.file=C:\Proyecto-3s\T03_BodegaLaEsquinita_P\conf\logging.properties
28-Oct-2024 15:41:42.815 INFO [main] org.apache.catalina.startup.VersionLoggerListener.log Command line argument:             -Djava.util.logging.manager=org.apache.juli.ClassLoaderLogManager
28-Oct-2024 15:41:42.815 INFO [main] org.apache.catalina.startup.VersionLoggerListener.log Command line argument:             -javaagent:C:\Program Files\JetBrains\IntelliJ IDEA 2024.2.1\lib\idea_rt.jar=63552:C:\Program Files\JetBrains\IntelliJ IDEA 2024.2.1\bin
28-Oct-2024 15:41:42.815 INFO [main] org.apache.catalina.startup.VersionLoggerListener.log Command line argument:             -Dfile.encoding=UTF-8
28-Oct-2024 15:41:43.452 INFO [main] org.apache.catalina.core.AprLifecycleListener.lifecycleEvent Cargada la biblioteca nativa APR de Apache Tomcat [1.3.1] con la versión APR [1.7.4].
28-Oct-2024 15:41:43.453 INFO [main] org.apache.catalina.core.AprLifecycleListener.lifecycleEvent Capacidades APR: IPv6 [true], enviar fichero [true], aceptar filtros [false], aleatorio [true], UDS [true].
28-Oct-2024 15:41:43.453 INFO [main] org.apache.catalina.core.AprLifecycleListener.lifecycleEvent APR/OpenSSL configuration: useAprConnector [false], useOpenSSL [true]
28-Oct-2024 15:41:43.551 INFO [main] org.apache.catalina.core.AprLifecycleListener.initializeSSL OpenSSL inicializado correctamente [OpenSSL 3.0.14 4 Jun 2024]
28-Oct-2024 15:41:44.869 INFO [main] org.apache.coyote.AbstractProtocol.init Inicializando el manejador de protocolo ["http-nio-8080"]

28-Oct-2024 15:41:44.927 SEVERE [main] org.apache.catalina.util.LifecycleBase.handleSubClassException Fallo al iniciar el componente [Connector["http-nio-8080"]]
	org.apache.catalina.LifecycleException: Falló la inicialización del manejador de protocolo
		at org.apache.catalina.connector.Connector.initInternal(Connector.java:1027)
		at org.apache.catalina.util.LifecycleBase.init(LifecycleBase.java:122)
		at org.apache.catalina.core.StandardService.initInternal(StandardService.java:525)
		at org.apache.catalina.util.LifecycleBase.init(LifecycleBase.java:122)
		at org.apache.catalina.core.StandardServer.initInternal(StandardServer.java:990)
		at org.apache.catalina.util.LifecycleBase.init(LifecycleBase.java:122)
		at org.apache.catalina.startup.Catalina.load(Catalina.java:686)
		at org.apache.catalina.startup.Catalina.load(Catalina.java:709)
		at java.base/jdk.internal.reflect.NativeMethodAccessorImpl.invoke0(Native Method)
		at java.base/jdk.internal.reflect.NativeMethodAccessorImpl.invoke(NativeMethodAccessorImpl.java:77)
		at java.base/jdk.internal.reflect.DelegatingMethodAccessorImpl.invoke(DelegatingMethodAccessorImpl.java:43)
		at java.base/java.lang.reflect.Method.invoke(Method.java:568)
		at org.apache.catalina.startup.Bootstrap.load(Bootstrap.java:302)
		at org.apache.catalina.startup.Bootstrap.main(Bootstrap.java:472)
	Caused by: java.net.BindException: Address already in use: bind
		at java.base/sun.nio.ch.Net.bind0(Native Method)
		at java.base/sun.nio.ch.Net.bind(Net.java:555)
		at java.base/sun.nio.ch.ServerSocketChannelImpl.netBind(ServerSocketChannelImpl.java:337)
		at java.base/sun.nio.ch.ServerSocketChannelImpl.bind(ServerSocketChannelImpl.java:294)
		at org.apache.tomcat.util.net.NioEndpoint.initServerSocket(NioEndpoint.java:268)
		at org.apache.tomcat.util.net.NioEndpoint.bind(NioEndpoint.java:223)
		at org.apache.tomcat.util.net.AbstractEndpoint.bindWithCleanup(AbstractEndpoint.java:1373)
		at org.apache.tomcat.util.net.AbstractEndpoint.init(AbstractEndpoint.java:1386)
		at org.apache.coyote.AbstractProtocol.init(AbstractProtocol.java:662)
		at org.apache.coyote.http11.AbstractHttp11Protocol.init(AbstractHttp11Protocol.java:77)
		at org.apache.catalina.connector.Connector.initInternal(Connector.java:1025)
		... 13 more
28-Oct-2024 15:41:44.930 INFO [main] org.apache.catalina.startup.Catalina.load Server initialization in [3198] milliseconds
28-Oct-2024 15:41:45.138 INFO [main] org.apache.catalina.core.StandardService.startInternal Arrancando servicio [Catalina]
28-Oct-2024 15:41:45.138 INFO [main] org.apache.catalina.core.StandardEngine.startInternal Starting Servlet engine: [Apache Tomcat/9.0.93]
28-Oct-2024 15:41:45.176 INFO [main] org.apache.catalina.startup.HostConfig.deployDescriptor Desplieque del descriptor de configuración [C:\Proyecto-3s\T03_BodegaLaEsquinita_P\conf\Catalina\localhost\T03_BodegaLaEsquinita_P.xml]
28-Oct-2024 15:41:48.876 INFO [main] org.apache.jasper.servlet.TldScanner.scanJars Al menos un JAR, que se ha explorado buscando TLDs, aún no contenía TLDs. Activar historial de depuración para este historiador para una completa lista de los JARs que fueron explorados y de los que nos se halló TLDs. Saltarse JARs no necesarios durante la exploración puede dar lugar a una mejora de tiempo significativa en el arranque y compilación de JSP .
28-Oct-2024 15:41:49.556 WARNING [main] org.apache.catalina.util.SessionIdGeneratorBase.createSecureRandom Creation of SecureRandom instance for session ID generation using [SHA1PRNG] took [397] milliseconds.
28-Oct-2024 15:41:49.636 INFO [main] org.apache.catalina.startup.HostConfig.deployDescriptor Deployment of deployment descriptor [C:\Proyecto-3s\T03_BodegaLaEsquinita_P\conf\Catalina\localhost\T03_BodegaLaEsquinita_P.xml] has finished in [4.462] ms
28-Oct-2024 15:41:49.665 INFO [main] org.apache.catalina.startup.Catalina.start Server startup in [4734] milliseconds
28-Oct-2024 15:41:49.900 SEVERE [main] org.apache.catalina.core.StandardServer.await Failed to create server shutdown socket on address [localhost] and port [8005] (base port [8005] and offset [0])
	java.net.BindException: Address already in use: bind
		at java.base/sun.nio.ch.Net.bind0(Native Method)
		at java.base/sun.nio.ch.Net.bind(Net.java:555)
		at java.base/sun.nio.ch.Net.bind(Net.java:544)
		at java.base/sun.nio.ch.NioSocketImpl.bind(NioSocketImpl.java:648)
		at java.base/java.net.ServerSocket.bind(ServerSocket.java:388)
		at java.base/java.net.ServerSocket.<init>(ServerSocket.java:274)
		at org.apache.catalina.core.StandardServer.await(StandardServer.java:541)
		at org.apache.catalina.startup.Catalina.await(Catalina.java:825)
		at org.apache.catalina.startup.Catalina.start(Catalina.java:773)
		at java.base/jdk.internal.reflect.NativeMethodAccessorImpl.invoke0(Native Method)
		at java.base/jdk.internal.reflect.NativeMethodAccessorImpl.invoke(NativeMethodAccessorImpl.java:77)
		at java.base/jdk.internal.reflect.DelegatingMethodAccessorImpl.invoke(DelegatingMethodAccessorImpl.java:43)
		at java.base/java.lang.reflect.Method.invoke(Method.java:568)
		at org.apache.catalina.startup.Bootstrap.start(Bootstrap.java:345)
		at org.apache.catalina.startup.Bootstrap.main(Bootstrap.java:473)
28-Oct-2024 15:41:49.900 INFO [main] org.apache.coyote.AbstractProtocol.pause Pausing ProtocolHandler ["http-nio-8080"]
28-Oct-2024 15:41:49.900 INFO [main] org.apache.catalina.core.StandardService.stopInternal Parando servicio [Catalina]
28-Oct-2024 15:41:49.958 INFO [main] org.apache.coyote.AbstractProtocol.stop Stopping ProtocolHandler ["http-nio-8080"]
28-Oct-2024 15:41:49.965 INFO [main] org.apache.coyote.AbstractProtocol.destroy Destroying ProtocolHandler ["http-nio-8080"]
28-Oct-2024 15:41:49.791 INFO [Catalina-utility-2] org.apache.catalina.startup.HostConfig.undeploy Repliegue (undeploy) de la aplicación web que tiene como trayectoria de contexto [/T03_BodegaLaEsquinita_P]
28-Oct-2024 15:41:51.774 WARNING [Catalina-utility-2] org.apache.catalina.loader.WebappClassLoaderBase.clearReferencesJdbc La aplicación web [T03_BodegaLaEsquinita_P] registró el conductor JDBC [com.microsoft.sqlserver.jdbc.SQLServerDriver] pero falló al anular el registro mientras la aplicación web estaba parada. Para prevenir un fallo de memoria, se ha anulado el registro del conductor JDBC por la fuerza.
28-Oct-2024 15:41:52.053 INFO [Catalina-utility-2] org.apache.catalina.startup.HostConfig.deployDescriptor Desplieque del descriptor de configuración [C:\Proyecto-3s\T03_BodegaLaEsquinita_P\conf\Catalina\localhost\T03_BodegaLaEsquinita_P.xml]
28-Oct-2024 15:42:03.288 INFO [Catalina-utility-2] org.apache.jasper.servlet.TldScanner.scanJars Al menos un JAR, que se ha explorado buscando TLDs, aún no contenía TLDs. Activar historial de depuración para este historiador para una completa lista de los JARs que fueron explorados y de los que nos se halló TLDs. Saltarse JARs no necesarios durante la exploración puede dar lugar a una mejora de tiempo significativa en el arranque y compilación de JSP .
28-Oct-2024 15:42:03.921 INFO [Catalina-utility-2] org.apache.catalina.startup.HostConfig.deployDescriptor Deployment of deployment descriptor [C:\Proyecto-3s\T03_BodegaLaEsquinita_P\conf\Catalina\localhost\T03_BodegaLaEsquinita_P.xml] has finished in [11.840] ms
28-Oct-2024 15:55:37.799 INFO [main] org.apache.catalina.startup.VersionLoggerListener.log Nombre de la versión del servidor: Apache Tomcat/9.0.93
28-Oct-2024 15:55:37.809 INFO [main] org.apache.catalina.startup.VersionLoggerListener.log Server built:                      Aug 2 2024 21:24:59 UTC
28-Oct-2024 15:55:37.812 INFO [main] org.apache.catalina.startup.VersionLoggerListener.log Número de versión de servidor:     9.0.93.0
28-Oct-2024 15:55:37.812 INFO [main] org.apache.catalina.startup.VersionLoggerListener.log OS Name:                           Windows 11
28-Oct-2024 15:55:37.812 INFO [main] org.apache.catalina.startup.VersionLoggerListener.log Versión de Systema Operativo:      10.0
28-Oct-2024 15:55:37.812 INFO [main] org.apache.catalina.startup.VersionLoggerListener.log Arquitectura:                      amd64
28-Oct-2024 15:55:37.813 INFO [main] org.apache.catalina.startup.VersionLoggerListener.log Java Home:                         C:\Program Files\Java\jdk-17
28-Oct-2024 15:55:37.813 INFO [main] org.apache.catalina.startup.VersionLoggerListener.log JVM Version:                       17.0.10+11-LTS-240
28-Oct-2024 15:55:37.813 INFO [main] org.apache.catalina.startup.VersionLoggerListener.log Vededor JVM:                       Oracle Corporation
28-Oct-2024 15:55:37.813 INFO [main] org.apache.catalina.startup.VersionLoggerListener.log CATALINA_BASE:                     C:\Proyecto-3s\T03_BodegaLaEsquinita_P
28-Oct-2024 15:55:37.813 INFO [main] org.apache.catalina.startup.VersionLoggerListener.log CATALINA_HOME:                     C:\ValleGrande\IntelliJ\apache-tomcat-9.0.93
28-Oct-2024 15:55:37.894 INFO [main] org.apache.catalina.startup.VersionLoggerListener.log Command line argument:             --add-opens=java.base/java.lang=ALL-UNNAMED
28-Oct-2024 15:55:37.952 INFO [main] org.apache.catalina.startup.VersionLoggerListener.log Command line argument:             --add-opens=java.base/java.io=ALL-UNNAMED
28-Oct-2024 15:55:37.952 INFO [main] org.apache.catalina.startup.VersionLoggerListener.log Command line argument:             --add-opens=java.base/java.util=ALL-UNNAMED
28-Oct-2024 15:55:37.952 INFO [main] org.apache.catalina.startup.VersionLoggerListener.log Command line argument:             --add-opens=java.base/java.util.concurrent=ALL-UNNAMED
28-Oct-2024 15:55:37.953 INFO [main] org.apache.catalina.startup.VersionLoggerListener.log Command line argument:             --add-opens=java.rmi/sun.rmi.transport=ALL-UNNAMED
28-Oct-2024 15:55:37.953 INFO [main] org.apache.catalina.startup.VersionLoggerListener.log Command line argument:             -Dcatalina.home=C:\..\ValleGrande\IntelliJ\apache-tomcat-9.0.93
28-Oct-2024 15:55:37.953 INFO [main] org.apache.catalina.startup.VersionLoggerListener.log Command line argument:             -Dcatalina.base=C:\Proyecto-3s\T03_BodegaLaEsquinita_P
28-Oct-2024 15:55:37.953 INFO [main] org.apache.catalina.startup.VersionLoggerListener.log Command line argument:             -Djava.io.tmpdir=C:\Proyecto-3s\T03_BodegaLaEsquinita_P\temp
28-Oct-2024 15:55:37.953 INFO [main] org.apache.catalina.startup.VersionLoggerListener.log Command line argument:             -Djava.util.logging.config.file=C:\Proyecto-3s\T03_BodegaLaEsquinita_P\conf\logging.properties
28-Oct-2024 15:55:37.953 INFO [main] org.apache.catalina.startup.VersionLoggerListener.log Command line argument:             -Djava.util.logging.manager=org.apache.juli.ClassLoaderLogManager
28-Oct-2024 15:55:37.953 INFO [main] org.apache.catalina.startup.VersionLoggerListener.log Command line argument:             -javaagent:C:\Program Files\JetBrains\IntelliJ IDEA 2024.2.1\lib\idea_rt.jar=63675:C:\Program Files\JetBrains\IntelliJ IDEA 2024.2.1\bin
28-Oct-2024 15:55:37.953 INFO [main] org.apache.catalina.startup.VersionLoggerListener.log Command line argument:             -Dfile.encoding=UTF-8
28-Oct-2024 15:55:38.270 INFO [main] org.apache.catalina.core.AprLifecycleListener.lifecycleEvent Cargada la biblioteca nativa APR de Apache Tomcat [1.3.1] con la versión APR [1.7.4].
28-Oct-2024 15:55:38.271 INFO [main] org.apache.catalina.core.AprLifecycleListener.lifecycleEvent Capacidades APR: IPv6 [true], enviar fichero [true], aceptar filtros [false], aleatorio [true], UDS [true].
28-Oct-2024 15:55:38.271 INFO [main] org.apache.catalina.core.AprLifecycleListener.lifecycleEvent APR/OpenSSL configuration: useAprConnector [false], useOpenSSL [true]
28-Oct-2024 15:55:38.316 INFO [main] org.apache.catalina.core.AprLifecycleListener.initializeSSL OpenSSL inicializado correctamente [OpenSSL 3.0.14 4 Jun 2024]
28-Oct-2024 15:55:39.424 INFO [main] org.apache.coyote.AbstractProtocol.init Inicializando el manejador de protocolo ["http-nio-8080"]

28-Oct-2024 15:55:39.454 SEVERE [main] org.apache.catalina.util.LifecycleBase.handleSubClassException Fallo al iniciar el componente [Connector["http-nio-8080"]]
	org.apache.catalina.LifecycleException: Falló la inicialización del manejador de protocolo
		at org.apache.catalina.connector.Connector.initInternal(Connector.java:1027)
		at org.apache.catalina.util.LifecycleBase.init(LifecycleBase.java:122)
		at org.apache.catalina.core.StandardService.initInternal(StandardService.java:525)
		at org.apache.catalina.util.LifecycleBase.init(LifecycleBase.java:122)
		at org.apache.catalina.core.StandardServer.initInternal(StandardServer.java:990)
		at org.apache.catalina.util.LifecycleBase.init(LifecycleBase.java:122)
		at org.apache.catalina.startup.Catalina.load(Catalina.java:686)
		at org.apache.catalina.startup.Catalina.load(Catalina.java:709)
		at java.base/jdk.internal.reflect.NativeMethodAccessorImpl.invoke0(Native Method)
		at java.base/jdk.internal.reflect.NativeMethodAccessorImpl.invoke(NativeMethodAccessorImpl.java:77)
		at java.base/jdk.internal.reflect.DelegatingMethodAccessorImpl.invoke(DelegatingMethodAccessorImpl.java:43)
		at java.base/java.lang.reflect.Method.invoke(Method.java:568)
		at org.apache.catalina.startup.Bootstrap.load(Bootstrap.java:302)
		at org.apache.catalina.startup.Bootstrap.main(Bootstrap.java:472)
	Caused by: java.net.BindException: Address already in use: bind
		at java.base/sun.nio.ch.Net.bind0(Native Method)
		at java.base/sun.nio.ch.Net.bind(Net.java:555)
		at java.base/sun.nio.ch.ServerSocketChannelImpl.netBind(ServerSocketChannelImpl.java:337)
		at java.base/sun.nio.ch.ServerSocketChannelImpl.bind(ServerSocketChannelImpl.java:294)
		at org.apache.tomcat.util.net.NioEndpoint.initServerSocket(NioEndpoint.java:268)
		at org.apache.tomcat.util.net.NioEndpoint.bind(NioEndpoint.java:223)
		at org.apache.tomcat.util.net.AbstractEndpoint.bindWithCleanup(AbstractEndpoint.java:1373)
		at org.apache.tomcat.util.net.AbstractEndpoint.init(AbstractEndpoint.java:1386)
		at org.apache.coyote.AbstractProtocol.init(AbstractProtocol.java:662)
		at org.apache.coyote.http11.AbstractHttp11Protocol.init(AbstractHttp11Protocol.java:77)
		at org.apache.catalina.connector.Connector.initInternal(Connector.java:1025)
		... 13 more
28-Oct-2024 15:55:39.457 INFO [main] org.apache.catalina.startup.Catalina.load Server initialization in [2542] milliseconds
28-Oct-2024 15:55:39.644 INFO [main] org.apache.catalina.core.StandardService.startInternal Arrancando servicio [Catalina]
28-Oct-2024 15:55:39.645 INFO [main] org.apache.catalina.core.StandardEngine.startInternal Starting Servlet engine: [Apache Tomcat/9.0.93]
28-Oct-2024 15:55:39.678 INFO [main] org.apache.catalina.startup.HostConfig.deployDescriptor Desplieque del descriptor de configuración [C:\Proyecto-3s\T03_BodegaLaEsquinita_P\conf\Catalina\localhost\T03_BodegaLaEsquinita_P.xml]
28-Oct-2024 15:55:42.953 INFO [main] org.apache.jasper.servlet.TldScanner.scanJars Al menos un JAR, que se ha explorado buscando TLDs, aún no contenía TLDs. Activar historial de depuración para este historiador para una completa lista de los JARs que fueron explorados y de los que nos se halló TLDs. Saltarse JARs no necesarios durante la exploración puede dar lugar a una mejora de tiempo significativa en el arranque y compilación de JSP .
28-Oct-2024 15:55:43.526 WARNING [main] org.apache.catalina.util.SessionIdGeneratorBase.createSecureRandom Creation of SecureRandom instance for session ID generation using [SHA1PRNG] took [209] milliseconds.
28-Oct-2024 15:55:43.619 INFO [main] org.apache.catalina.startup.HostConfig.deployDescriptor Deployment of deployment descriptor [C:\Proyecto-3s\T03_BodegaLaEsquinita_P\conf\Catalina\localhost\T03_BodegaLaEsquinita_P.xml] has finished in [3.940] ms
28-Oct-2024 15:55:43.674 INFO [main] org.apache.catalina.startup.Catalina.start Server startup in [4217] milliseconds
28-Oct-2024 15:55:43.817 SEVERE [main] org.apache.catalina.core.StandardServer.await Failed to create server shutdown socket on address [localhost] and port [8005] (base port [8005] and offset [0])
	java.net.BindException: Address already in use: bind
		at java.base/sun.nio.ch.Net.bind0(Native Method)
		at java.base/sun.nio.ch.Net.bind(Net.java:555)
		at java.base/sun.nio.ch.Net.bind(Net.java:544)
		at java.base/sun.nio.ch.NioSocketImpl.bind(NioSocketImpl.java:648)
		at java.base/java.net.ServerSocket.bind(ServerSocket.java:388)
		at java.base/java.net.ServerSocket.<init>(ServerSocket.java:274)
		at org.apache.catalina.core.StandardServer.await(StandardServer.java:541)
		at org.apache.catalina.startup.Catalina.await(Catalina.java:825)
		at org.apache.catalina.startup.Catalina.start(Catalina.java:773)
		at java.base/jdk.internal.reflect.NativeMethodAccessorImpl.invoke0(Native Method)
		at java.base/jdk.internal.reflect.NativeMethodAccessorImpl.invoke(NativeMethodAccessorImpl.java:77)
		at java.base/jdk.internal.reflect.DelegatingMethodAccessorImpl.invoke(DelegatingMethodAccessorImpl.java:43)
		at java.base/java.lang.reflect.Method.invoke(Method.java:568)
		at org.apache.catalina.startup.Bootstrap.start(Bootstrap.java:345)
		at org.apache.catalina.startup.Bootstrap.main(Bootstrap.java:473)
28-Oct-2024 15:55:43.820 INFO [main] org.apache.coyote.AbstractProtocol.pause Pausing ProtocolHandler ["http-nio-8080"]
28-Oct-2024 15:55:43.820 INFO [main] org.apache.catalina.core.StandardService.stopInternal Parando servicio [Catalina]
28-Oct-2024 15:55:43.855 INFO [main] org.apache.coyote.AbstractProtocol.stop Stopping ProtocolHandler ["http-nio-8080"]
28-Oct-2024 15:55:43.859 INFO [main] org.apache.coyote.AbstractProtocol.destroy Destroying ProtocolHandler ["http-nio-8080"]
28-Oct-2024 15:55:43.800 INFO [Catalina-utility-1] org.apache.catalina.startup.HostConfig.undeploy Repliegue (undeploy) de la aplicación web que tiene como trayectoria de contexto [/T03_BodegaLaEsquinita_P]
28-Oct-2024 15:55:45.374 WARNING [Catalina-utility-1] org.apache.catalina.loader.WebappClassLoaderBase.clearReferencesJdbc La aplicación web [T03_BodegaLaEsquinita_P] registró el conductor JDBC [com.microsoft.sqlserver.jdbc.SQLServerDriver] pero falló al anular el registro mientras la aplicación web estaba parada. Para prevenir un fallo de memoria, se ha anulado el registro del conductor JDBC por la fuerza.
28-Oct-2024 15:55:45.999 INFO [Catalina-utility-1] org.apache.catalina.startup.HostConfig.deployDescriptor Desplieque del descriptor de configuración [C:\Proyecto-3s\T03_BodegaLaEsquinita_P\conf\Catalina\localhost\T03_BodegaLaEsquinita_P.xml]
28-Oct-2024 15:55:56.707 INFO [Catalina-utility-1] org.apache.jasper.servlet.TldScanner.scanJars Al menos un JAR, que se ha explorado buscando TLDs, aún no contenía TLDs. Activar historial de depuración para este historiador para una completa lista de los JARs que fueron explorados y de los que nos se halló TLDs. Saltarse JARs no necesarios durante la exploración puede dar lugar a una mejora de tiempo significativa en el arranque y compilación de JSP .
28-Oct-2024 15:55:57.811 INFO [Catalina-utility-1] org.apache.catalina.startup.HostConfig.deployDescriptor Deployment of deployment descriptor [C:\Proyecto-3s\T03_BodegaLaEsquinita_P\conf\Catalina\localhost\T03_BodegaLaEsquinita_P.xml] has finished in [11.748] ms
28-Oct-2024 16:14:38.316 INFO [Thread-1] org.apache.coyote.AbstractProtocol.pause Pausing ProtocolHandler ["http-nio-8080"]
28-Oct-2024 16:14:39.888 INFO [Thread-1] org.apache.catalina.core.StandardService.stopInternal Parando servicio [Catalina]
28-Oct-2024 16:14:41.008 WARNING [Thread-1] org.apache.catalina.loader.WebappClassLoaderBase.clearReferencesJdbc La aplicación web [T03_BodegaLaEsquinita_P] registró el conductor JDBC [com.microsoft.sqlserver.jdbc.SQLServerDriver] pero falló al anular el registro mientras la aplicación web estaba parada. Para prevenir un fallo de memoria, se ha anulado el registro del conductor JDBC por la fuerza.
28-Oct-2024 16:14:41.311 INFO [Thread-1] org.apache.coyote.AbstractProtocol.stop Stopping ProtocolHandler ["http-nio-8080"]
28-Oct-2024 16:14:42.022 INFO [Thread-1] org.apache.coyote.AbstractProtocol.destroy Destroying ProtocolHandler ["http-nio-8080"]
28-Oct-2024 16:30:29.927 INFO [main] org.apache.catalina.startup.VersionLoggerListener.log Nombre de la versión del servidor: Apache Tomcat/9.0.93
28-Oct-2024 16:30:29.936 INFO [main] org.apache.catalina.startup.VersionLoggerListener.log Server built:                      Aug 2 2024 21:24:59 UTC
28-Oct-2024 16:30:29.936 INFO [main] org.apache.catalina.startup.VersionLoggerListener.log Número de versión de servidor:     9.0.93.0
28-Oct-2024 16:30:29.937 INFO [main] org.apache.catalina.startup.VersionLoggerListener.log OS Name:                           Windows 11
28-Oct-2024 16:30:29.937 INFO [main] org.apache.catalina.startup.VersionLoggerListener.log Versión de Systema Operativo:      10.0
28-Oct-2024 16:30:29.938 INFO [main] org.apache.catalina.startup.VersionLoggerListener.log Arquitectura:                      amd64
28-Oct-2024 16:30:29.938 INFO [main] org.apache.catalina.startup.VersionLoggerListener.log Java Home:                         C:\Program Files\Java\jdk-17
28-Oct-2024 16:30:29.938 INFO [main] org.apache.catalina.startup.VersionLoggerListener.log JVM Version:                       17.0.10+11-LTS-240
28-Oct-2024 16:30:29.939 INFO [main] org.apache.catalina.startup.VersionLoggerListener.log Vededor JVM:                       Oracle Corporation
28-Oct-2024 16:30:29.940 INFO [main] org.apache.catalina.startup.VersionLoggerListener.log CATALINA_BASE:                     C:\Proyecto-3s\T03_BodegaLaEsquinita_P
28-Oct-2024 16:30:29.940 INFO [main] org.apache.catalina.startup.VersionLoggerListener.log CATALINA_HOME:                     C:\ValleGrande\IntelliJ\apache-tomcat-9.0.93
28-Oct-2024 16:30:29.957 INFO [main] org.apache.catalina.startup.VersionLoggerListener.log Command line argument:             --add-opens=java.base/java.lang=ALL-UNNAMED
28-Oct-2024 16:30:29.958 INFO [main] org.apache.catalina.startup.VersionLoggerListener.log Command line argument:             --add-opens=java.base/java.io=ALL-UNNAMED
28-Oct-2024 16:30:29.958 INFO [main] org.apache.catalina.startup.VersionLoggerListener.log Command line argument:             --add-opens=java.base/java.util=ALL-UNNAMED
28-Oct-2024 16:30:29.958 INFO [main] org.apache.catalina.startup.VersionLoggerListener.log Command line argument:             --add-opens=java.base/java.util.concurrent=ALL-UNNAMED
28-Oct-2024 16:30:29.959 INFO [main] org.apache.catalina.startup.VersionLoggerListener.log Command line argument:             --add-opens=java.rmi/sun.rmi.transport=ALL-UNNAMED
28-Oct-2024 16:30:29.959 INFO [main] org.apache.catalina.startup.VersionLoggerListener.log Command line argument:             -Dcatalina.home=C:\..\ValleGrande\IntelliJ\apache-tomcat-9.0.93
28-Oct-2024 16:30:29.959 INFO [main] org.apache.catalina.startup.VersionLoggerListener.log Command line argument:             -Dcatalina.base=C:\Proyecto-3s\T03_BodegaLaEsquinita_P
28-Oct-2024 16:30:29.960 INFO [main] org.apache.catalina.startup.VersionLoggerListener.log Command line argument:             -Djava.io.tmpdir=C:\Proyecto-3s\T03_BodegaLaEsquinita_P\temp
28-Oct-2024 16:30:29.960 INFO [main] org.apache.catalina.startup.VersionLoggerListener.log Command line argument:             -Djava.util.logging.config.file=C:\Proyecto-3s\T03_BodegaLaEsquinita_P\conf\logging.properties
28-Oct-2024 16:30:29.960 INFO [main] org.apache.catalina.startup.VersionLoggerListener.log Command line argument:             -Djava.util.logging.manager=org.apache.juli.ClassLoaderLogManager
28-Oct-2024 16:30:29.960 INFO [main] org.apache.catalina.startup.VersionLoggerListener.log Command line argument:             -javaagent:C:\Program Files\JetBrains\IntelliJ IDEA 2024.2.1\lib\idea_rt.jar=60243:C:\Program Files\JetBrains\IntelliJ IDEA 2024.2.1\bin
28-Oct-2024 16:30:29.960 INFO [main] org.apache.catalina.startup.VersionLoggerListener.log Command line argument:             -Dfile.encoding=UTF-8
28-Oct-2024 16:30:29.976 INFO [main] org.apache.catalina.core.AprLifecycleListener.lifecycleEvent Cargada la biblioteca nativa APR de Apache Tomcat [1.3.1] con la versión APR [1.7.4].
28-Oct-2024 16:30:29.977 INFO [main] org.apache.catalina.core.AprLifecycleListener.lifecycleEvent Capacidades APR: IPv6 [true], enviar fichero [true], aceptar filtros [false], aleatorio [true], UDS [true].
28-Oct-2024 16:30:29.977 INFO [main] org.apache.catalina.core.AprLifecycleListener.lifecycleEvent APR/OpenSSL configuration: useAprConnector [false], useOpenSSL [true]
28-Oct-2024 16:30:30.009 INFO [main] org.apache.catalina.core.AprLifecycleListener.initializeSSL OpenSSL inicializado correctamente [OpenSSL 3.0.14 4 Jun 2024]
28-Oct-2024 16:30:30.691 INFO [main] org.apache.coyote.AbstractProtocol.init Inicializando el manejador de protocolo ["http-nio-8080"]

28-Oct-2024 16:30:30.745 INFO [main] org.apache.catalina.startup.Catalina.load Server initialization in [1437] milliseconds
28-Oct-2024 16:30:30.865 INFO [main] org.apache.catalina.core.StandardService.startInternal Arrancando servicio [Catalina]
28-Oct-2024 16:30:30.866 INFO [main] org.apache.catalina.core.StandardEngine.startInternal Starting Servlet engine: [Apache Tomcat/9.0.93]
28-Oct-2024 16:30:30.885 INFO [main] org.apache.catalina.startup.HostConfig.deployDescriptor Desplieque del descriptor de configuración [C:\Proyecto-3s\T03_BodegaLaEsquinita_P\conf\Catalina\localhost\T03_BodegaLaEsquinita_P.xml]
28-Oct-2024 16:30:32.383 INFO [main] org.apache.jasper.servlet.TldScanner.scanJars Al menos un JAR, que se ha explorado buscando TLDs, aún no contenía TLDs. Activar historial de depuración para este historiador para una completa lista de los JARs que fueron explorados y de los que nos se halló TLDs. Saltarse JARs no necesarios durante la exploración puede dar lugar a una mejora de tiempo significativa en el arranque y compilación de JSP .
28-Oct-2024 16:30:32.637 INFO [main] org.apache.catalina.startup.HostConfig.deployDescriptor Deployment of deployment descriptor [C:\Proyecto-3s\T03_BodegaLaEsquinita_P\conf\Catalina\localhost\T03_BodegaLaEsquinita_P.xml] has finished in [1.746] ms
28-Oct-2024 16:30:32.645 INFO [main] org.apache.coyote.AbstractProtocol.start Starting ProtocolHandler ["http-nio-8080"]
28-Oct-2024 16:30:32.702 INFO [main] org.apache.catalina.startup.Catalina.start Server startup in [1957] milliseconds
28-Oct-2024 16:50:08.007 INFO [Thread-1] org.apache.coyote.AbstractProtocol.pause Pausing ProtocolHandler ["http-nio-8080"]
28-Oct-2024 16:50:08.423 INFO [Thread-1] org.apache.catalina.core.StandardService.stopInternal Parando servicio [Catalina]
28-Oct-2024 16:50:08.612 WARNING [Thread-1] org.apache.catalina.loader.WebappClassLoaderBase.clearReferencesJdbc La aplicación web [T03_BodegaLaEsquinita_P] registró el conductor JDBC [com.microsoft.sqlserver.jdbc.SQLServerDriver] pero falló al anular el registro mientras la aplicación web estaba parada. Para prevenir un fallo de memoria, se ha anulado el registro del conductor JDBC por la fuerza.
28-Oct-2024 16:50:08.666 INFO [Thread-1] org.apache.coyote.AbstractProtocol.stop Stopping ProtocolHandler ["http-nio-8080"]
28-Oct-2024 16:50:08.685 INFO [Thread-1] org.apache.coyote.AbstractProtocol.destroy Destroying ProtocolHandler ["http-nio-8080"]
28-Oct-2024 16:52:52.083 INFO [main] org.apache.catalina.startup.VersionLoggerListener.log Nombre de la versión del servidor: Apache Tomcat/9.0.93
28-Oct-2024 16:52:52.092 INFO [main] org.apache.catalina.startup.VersionLoggerListener.log Server built:                      Aug 2 2024 21:24:59 UTC
28-Oct-2024 16:52:52.092 INFO [main] org.apache.catalina.startup.VersionLoggerListener.log Número de versión de servidor:     9.0.93.0
28-Oct-2024 16:52:52.092 INFO [main] org.apache.catalina.startup.VersionLoggerListener.log OS Name:                           Windows 11
28-Oct-2024 16:52:52.092 INFO [main] org.apache.catalina.startup.VersionLoggerListener.log Versión de Systema Operativo:      10.0
28-Oct-2024 16:52:52.093 INFO [main] org.apache.catalina.startup.VersionLoggerListener.log Arquitectura:                      amd64
28-Oct-2024 16:52:52.093 INFO [main] org.apache.catalina.startup.VersionLoggerListener.log Java Home:                         C:\Program Files\Java\jdk-17
28-Oct-2024 16:52:52.093 INFO [main] org.apache.catalina.startup.VersionLoggerListener.log JVM Version:                       17.0.10+11-LTS-240
28-Oct-2024 16:52:52.094 INFO [main] org.apache.catalina.startup.VersionLoggerListener.log Vededor JVM:                       Oracle Corporation
28-Oct-2024 16:52:52.094 INFO [main] org.apache.catalina.startup.VersionLoggerListener.log CATALINA_BASE:                     C:\Proyecto-3s\T03_BodegaLaEsquinita_P
28-Oct-2024 16:52:52.094 INFO [main] org.apache.catalina.startup.VersionLoggerListener.log CATALINA_HOME:                     C:\ValleGrande\IntelliJ\apache-tomcat-9.0.93
28-Oct-2024 16:52:52.115 INFO [main] org.apache.catalina.startup.VersionLoggerListener.log Command line argument:             --add-opens=java.base/java.lang=ALL-UNNAMED
28-Oct-2024 16:52:52.116 INFO [main] org.apache.catalina.startup.VersionLoggerListener.log Command line argument:             --add-opens=java.base/java.io=ALL-UNNAMED
28-Oct-2024 16:52:52.116 INFO [main] org.apache.catalina.startup.VersionLoggerListener.log Command line argument:             --add-opens=java.base/java.util=ALL-UNNAMED
28-Oct-2024 16:52:52.116 INFO [main] org.apache.catalina.startup.VersionLoggerListener.log Command line argument:             --add-opens=java.base/java.util.concurrent=ALL-UNNAMED
28-Oct-2024 16:52:52.116 INFO [main] org.apache.catalina.startup.VersionLoggerListener.log Command line argument:             --add-opens=java.rmi/sun.rmi.transport=ALL-UNNAMED
28-Oct-2024 16:52:52.116 INFO [main] org.apache.catalina.startup.VersionLoggerListener.log Command line argument:             -Dcatalina.home=C:\..\ValleGrande\IntelliJ\apache-tomcat-9.0.93
28-Oct-2024 16:52:52.116 INFO [main] org.apache.catalina.startup.VersionLoggerListener.log Command line argument:             -Dcatalina.base=C:\Proyecto-3s\T03_BodegaLaEsquinita_P
28-Oct-2024 16:52:52.116 INFO [main] org.apache.catalina.startup.VersionLoggerListener.log Command line argument:             -Djava.io.tmpdir=C:\Proyecto-3s\T03_BodegaLaEsquinita_P\temp
28-Oct-2024 16:52:52.117 INFO [main] org.apache.catalina.startup.VersionLoggerListener.log Command line argument:             -Djava.util.logging.config.file=C:\Proyecto-3s\T03_BodegaLaEsquinita_P\conf\logging.properties
28-Oct-2024 16:52:52.117 INFO [main] org.apache.catalina.startup.VersionLoggerListener.log Command line argument:             -Djava.util.logging.manager=org.apache.juli.ClassLoaderLogManager
28-Oct-2024 16:52:52.117 INFO [main] org.apache.catalina.startup.VersionLoggerListener.log Command line argument:             -javaagent:C:\Program Files\JetBrains\IntelliJ IDEA 2024.2.1\lib\idea_rt.jar=60941:C:\Program Files\JetBrains\IntelliJ IDEA 2024.2.1\bin
28-Oct-2024 16:52:52.117 INFO [main] org.apache.catalina.startup.VersionLoggerListener.log Command line argument:             -Dfile.encoding=UTF-8
28-Oct-2024 16:52:52.135 INFO [main] org.apache.catalina.core.AprLifecycleListener.lifecycleEvent Cargada la biblioteca nativa APR de Apache Tomcat [1.3.1] con la versión APR [1.7.4].
28-Oct-2024 16:52:52.135 INFO [main] org.apache.catalina.core.AprLifecycleListener.lifecycleEvent Capacidades APR: IPv6 [true], enviar fichero [true], aceptar filtros [false], aleatorio [true], UDS [true].
28-Oct-2024 16:52:52.136 INFO [main] org.apache.catalina.core.AprLifecycleListener.lifecycleEvent APR/OpenSSL configuration: useAprConnector [false], useOpenSSL [true]
28-Oct-2024 16:52:52.170 INFO [main] org.apache.catalina.core.AprLifecycleListener.initializeSSL OpenSSL inicializado correctamente [OpenSSL 3.0.14 4 Jun 2024]
28-Oct-2024 16:52:52.876 INFO [main] org.apache.coyote.AbstractProtocol.init Inicializando el manejador de protocolo ["http-nio-8080"]

28-Oct-2024 16:52:52.937 INFO [main] org.apache.catalina.startup.Catalina.load Server initialization in [1560] milliseconds
28-Oct-2024 16:52:53.117 INFO [main] org.apache.catalina.core.StandardService.startInternal Arrancando servicio [Catalina]
28-Oct-2024 16:52:53.118 INFO [main] org.apache.catalina.core.StandardEngine.startInternal Starting Servlet engine: [Apache Tomcat/9.0.93]
28-Oct-2024 16:52:53.154 INFO [main] org.apache.catalina.startup.HostConfig.deployDescriptor Desplieque del descriptor de configuración [C:\Proyecto-3s\T03_BodegaLaEsquinita_P\conf\Catalina\localhost\T03_BodegaLaEsquinita_P.xml]
28-Oct-2024 16:52:55.405 INFO [main] org.apache.jasper.servlet.TldScanner.scanJars Al menos un JAR, que se ha explorado buscando TLDs, aún no contenía TLDs. Activar historial de depuración para este historiador para una completa lista de los JARs que fueron explorados y de los que nos se halló TLDs. Saltarse JARs no necesarios durante la exploración puede dar lugar a una mejora de tiempo significativa en el arranque y compilación de JSP .
28-Oct-2024 16:52:55.762 INFO [main] org.apache.catalina.startup.HostConfig.deployDescriptor Deployment of deployment descriptor [C:\Proyecto-3s\T03_BodegaLaEsquinita_P\conf\Catalina\localhost\T03_BodegaLaEsquinita_P.xml] has finished in [2.600] ms
28-Oct-2024 16:52:55.774 INFO [main] org.apache.coyote.AbstractProtocol.start Starting ProtocolHandler ["http-nio-8080"]
28-Oct-2024 16:52:55.875 INFO [main] org.apache.catalina.startup.Catalina.start Server startup in [2937] milliseconds
28-Oct-2024 16:54:54.938 INFO [Thread-1] org.apache.coyote.AbstractProtocol.pause Pausing ProtocolHandler ["http-nio-8080"]
28-Oct-2024 16:54:55.384 INFO [Thread-1] org.apache.catalina.core.StandardService.stopInternal Parando servicio [Catalina]
28-Oct-2024 16:54:55.525 WARNING [Thread-1] org.apache.catalina.loader.WebappClassLoaderBase.clearReferencesJdbc La aplicación web [T03_BodegaLaEsquinita_P] registró el conductor JDBC [com.microsoft.sqlserver.jdbc.SQLServerDriver] pero falló al anular el registro mientras la aplicación web estaba parada. Para prevenir un fallo de memoria, se ha anulado el registro del conductor JDBC por la fuerza.
28-Oct-2024 16:54:55.569 INFO [Thread-1] org.apache.coyote.AbstractProtocol.stop Stopping ProtocolHandler ["http-nio-8080"]
28-Oct-2024 16:54:55.592 INFO [Thread-1] org.apache.coyote.AbstractProtocol.destroy Destroying ProtocolHandler ["http-nio-8080"]
28-Oct-2024 16:55:09.556 INFO [main] org.apache.catalina.startup.VersionLoggerListener.log Nombre de la versión del servidor: Apache Tomcat/9.0.93
28-Oct-2024 16:55:09.566 INFO [main] org.apache.catalina.startup.VersionLoggerListener.log Server built:                      Aug 2 2024 21:24:59 UTC
28-Oct-2024 16:55:09.567 INFO [main] org.apache.catalina.startup.VersionLoggerListener.log Número de versión de servidor:     9.0.93.0
28-Oct-2024 16:55:09.567 INFO [main] org.apache.catalina.startup.VersionLoggerListener.log OS Name:                           Windows 11
28-Oct-2024 16:55:09.568 INFO [main] org.apache.catalina.startup.VersionLoggerListener.log Versión de Systema Operativo:      10.0
28-Oct-2024 16:55:09.568 INFO [main] org.apache.catalina.startup.VersionLoggerListener.log Arquitectura:                      amd64
28-Oct-2024 16:55:09.569 INFO [main] org.apache.catalina.startup.VersionLoggerListener.log Java Home:                         C:\Program Files\Java\jdk-17
28-Oct-2024 16:55:09.569 INFO [main] org.apache.catalina.startup.VersionLoggerListener.log JVM Version:                       17.0.10+11-LTS-240
28-Oct-2024 16:55:09.569 INFO [main] org.apache.catalina.startup.VersionLoggerListener.log Vededor JVM:                       Oracle Corporation
28-Oct-2024 16:55:09.569 INFO [main] org.apache.catalina.startup.VersionLoggerListener.log CATALINA_BASE:                     C:\Proyecto-3s\T03_BodegaLaEsquinita_P
28-Oct-2024 16:55:09.570 INFO [main] org.apache.catalina.startup.VersionLoggerListener.log CATALINA_HOME:                     C:\ValleGrande\IntelliJ\apache-tomcat-9.0.93
28-Oct-2024 16:55:09.597 INFO [main] org.apache.catalina.startup.VersionLoggerListener.log Command line argument:             --add-opens=java.base/java.lang=ALL-UNNAMED
28-Oct-2024 16:55:09.597 INFO [main] org.apache.catalina.startup.VersionLoggerListener.log Command line argument:             --add-opens=java.base/java.io=ALL-UNNAMED
28-Oct-2024 16:55:09.598 INFO [main] org.apache.catalina.startup.VersionLoggerListener.log Command line argument:             --add-opens=java.base/java.util=ALL-UNNAMED
28-Oct-2024 16:55:09.598 INFO [main] org.apache.catalina.startup.VersionLoggerListener.log Command line argument:             --add-opens=java.base/java.util.concurrent=ALL-UNNAMED
28-Oct-2024 16:55:09.598 INFO [main] org.apache.catalina.startup.VersionLoggerListener.log Command line argument:             --add-opens=java.rmi/sun.rmi.transport=ALL-UNNAMED
28-Oct-2024 16:55:09.599 INFO [main] org.apache.catalina.startup.VersionLoggerListener.log Command line argument:             -Dcatalina.home=C:\..\ValleGrande\IntelliJ\apache-tomcat-9.0.93
28-Oct-2024 16:55:09.599 INFO [main] org.apache.catalina.startup.VersionLoggerListener.log Command line argument:             -Dcatalina.base=C:\Proyecto-3s\T03_BodegaLaEsquinita_P
28-Oct-2024 16:55:09.599 INFO [main] org.apache.catalina.startup.VersionLoggerListener.log Command line argument:             -Djava.io.tmpdir=C:\Proyecto-3s\T03_BodegaLaEsquinita_P\temp
28-Oct-2024 16:55:09.599 INFO [main] org.apache.catalina.startup.VersionLoggerListener.log Command line argument:             -Djava.util.logging.config.file=C:\Proyecto-3s\T03_BodegaLaEsquinita_P\conf\logging.properties
28-Oct-2024 16:55:09.599 INFO [main] org.apache.catalina.startup.VersionLoggerListener.log Command line argument:             -Djava.util.logging.manager=org.apache.juli.ClassLoaderLogManager
28-Oct-2024 16:55:09.599 INFO [main] org.apache.catalina.startup.VersionLoggerListener.log Command line argument:             -javaagent:C:\Program Files\JetBrains\IntelliJ IDEA 2024.2.1\lib\idea_rt.jar=61041:C:\Program Files\JetBrains\IntelliJ IDEA 2024.2.1\bin
28-Oct-2024 16:55:09.600 INFO [main] org.apache.catalina.startup.VersionLoggerListener.log Command line argument:             -Dfile.encoding=UTF-8
28-Oct-2024 16:55:09.613 INFO [main] org.apache.catalina.core.AprLifecycleListener.lifecycleEvent Cargada la biblioteca nativa APR de Apache Tomcat [1.3.1] con la versión APR [1.7.4].
28-Oct-2024 16:55:09.614 INFO [main] org.apache.catalina.core.AprLifecycleListener.lifecycleEvent Capacidades APR: IPv6 [true], enviar fichero [true], aceptar filtros [false], aleatorio [true], UDS [true].
28-Oct-2024 16:55:09.614 INFO [main] org.apache.catalina.core.AprLifecycleListener.lifecycleEvent APR/OpenSSL configuration: useAprConnector [false], useOpenSSL [true]
28-Oct-2024 16:55:09.676 INFO [main] org.apache.catalina.core.AprLifecycleListener.initializeSSL OpenSSL inicializado correctamente [OpenSSL 3.0.14 4 Jun 2024]
28-Oct-2024 16:55:10.564 INFO [main] org.apache.coyote.AbstractProtocol.init Inicializando el manejador de protocolo ["http-nio-8080"]

28-Oct-2024 16:55:10.616 INFO [main] org.apache.catalina.startup.Catalina.load Server initialization in [1620] milliseconds
28-Oct-2024 16:55:10.742 INFO [main] org.apache.catalina.core.StandardService.startInternal Arrancando servicio [Catalina]
28-Oct-2024 16:55:10.742 INFO [main] org.apache.catalina.core.StandardEngine.startInternal Starting Servlet engine: [Apache Tomcat/9.0.93]
28-Oct-2024 16:55:10.767 INFO [main] org.apache.catalina.startup.HostConfig.deployDescriptor Desplieque del descriptor de configuración [C:\Proyecto-3s\T03_BodegaLaEsquinita_P\conf\Catalina\localhost\T03_BodegaLaEsquinita_P.xml]
28-Oct-2024 16:55:13.116 INFO [main] org.apache.jasper.servlet.TldScanner.scanJars Al menos un JAR, que se ha explorado buscando TLDs, aún no contenía TLDs. Activar historial de depuración para este historiador para una completa lista de los JARs que fueron explorados y de los que nos se halló TLDs. Saltarse JARs no necesarios durante la exploración puede dar lugar a una mejora de tiempo significativa en el arranque y compilación de JSP .
28-Oct-2024 16:55:13.447 INFO [main] org.apache.catalina.startup.HostConfig.deployDescriptor Deployment of deployment descriptor [C:\Proyecto-3s\T03_BodegaLaEsquinita_P\conf\Catalina\localhost\T03_BodegaLaEsquinita_P.xml] has finished in [2.673] ms
28-Oct-2024 16:55:13.459 INFO [main] org.apache.coyote.AbstractProtocol.start Starting ProtocolHandler ["http-nio-8080"]
28-Oct-2024 16:55:13.606 INFO [main] org.apache.catalina.startup.Catalina.start Server startup in [2989] milliseconds
28-Oct-2024 16:58:04.340 INFO [Thread-1] org.apache.coyote.AbstractProtocol.pause Pausing ProtocolHandler ["http-nio-8080"]
28-Oct-2024 16:58:04.787 INFO [Thread-1] org.apache.catalina.core.StandardService.stopInternal Parando servicio [Catalina]
28-Oct-2024 16:58:16.820 INFO [main] org.apache.catalina.startup.VersionLoggerListener.log Nombre de la versión del servidor: Apache Tomcat/9.0.93
28-Oct-2024 16:58:16.829 INFO [main] org.apache.catalina.startup.VersionLoggerListener.log Server built:                      Aug 2 2024 21:24:59 UTC
28-Oct-2024 16:58:16.829 INFO [main] org.apache.catalina.startup.VersionLoggerListener.log Número de versión de servidor:     9.0.93.0
28-Oct-2024 16:58:16.830 INFO [main] org.apache.catalina.startup.VersionLoggerListener.log OS Name:                           Windows 11
28-Oct-2024 16:58:16.831 INFO [main] org.apache.catalina.startup.VersionLoggerListener.log Versión de Systema Operativo:      10.0
28-Oct-2024 16:58:16.831 INFO [main] org.apache.catalina.startup.VersionLoggerListener.log Arquitectura:                      amd64
28-Oct-2024 16:58:16.831 INFO [main] org.apache.catalina.startup.VersionLoggerListener.log Java Home:                         C:\Program Files\Java\jdk-17
28-Oct-2024 16:58:16.832 INFO [main] org.apache.catalina.startup.VersionLoggerListener.log JVM Version:                       17.0.10+11-LTS-240
28-Oct-2024 16:58:16.832 INFO [main] org.apache.catalina.startup.VersionLoggerListener.log Vededor JVM:                       Oracle Corporation
28-Oct-2024 16:58:16.832 INFO [main] org.apache.catalina.startup.VersionLoggerListener.log CATALINA_BASE:                     C:\Proyecto-3s\T03_BodegaLaEsquinita_P
28-Oct-2024 16:58:16.832 INFO [main] org.apache.catalina.startup.VersionLoggerListener.log CATALINA_HOME:                     C:\ValleGrande\IntelliJ\apache-tomcat-9.0.93
28-Oct-2024 16:58:16.848 INFO [main] org.apache.catalina.startup.VersionLoggerListener.log Command line argument:             --add-opens=java.base/java.lang=ALL-UNNAMED
28-Oct-2024 16:58:16.849 INFO [main] org.apache.catalina.startup.VersionLoggerListener.log Command line argument:             --add-opens=java.base/java.io=ALL-UNNAMED
28-Oct-2024 16:58:16.849 INFO [main] org.apache.catalina.startup.VersionLoggerListener.log Command line argument:             --add-opens=java.base/java.util=ALL-UNNAMED
28-Oct-2024 16:58:16.849 INFO [main] org.apache.catalina.startup.VersionLoggerListener.log Command line argument:             --add-opens=java.base/java.util.concurrent=ALL-UNNAMED
28-Oct-2024 16:58:16.849 INFO [main] org.apache.catalina.startup.VersionLoggerListener.log Command line argument:             --add-opens=java.rmi/sun.rmi.transport=ALL-UNNAMED
28-Oct-2024 16:58:16.849 INFO [main] org.apache.catalina.startup.VersionLoggerListener.log Command line argument:             -Dcatalina.home=C:\..\ValleGrande\IntelliJ\apache-tomcat-9.0.93
28-Oct-2024 16:58:16.849 INFO [main] org.apache.catalina.startup.VersionLoggerListener.log Command line argument:             -Dcatalina.base=C:\Proyecto-3s\T03_BodegaLaEsquinita_P
28-Oct-2024 16:58:16.849 INFO [main] org.apache.catalina.startup.VersionLoggerListener.log Command line argument:             -Djava.io.tmpdir=C:\Proyecto-3s\T03_BodegaLaEsquinita_P\temp
28-Oct-2024 16:58:16.849 INFO [main] org.apache.catalina.startup.VersionLoggerListener.log Command line argument:             -Djava.util.logging.config.file=C:\Proyecto-3s\T03_BodegaLaEsquinita_P\conf\logging.properties
28-Oct-2024 16:58:16.849 INFO [main] org.apache.catalina.startup.VersionLoggerListener.log Command line argument:             -Djava.util.logging.manager=org.apache.juli.ClassLoaderLogManager
28-Oct-2024 16:58:16.850 INFO [main] org.apache.catalina.startup.VersionLoggerListener.log Command line argument:             -javaagent:C:\Program Files\JetBrains\IntelliJ IDEA 2024.2.1\lib\idea_rt.jar=61151:C:\Program Files\JetBrains\IntelliJ IDEA 2024.2.1\bin
28-Oct-2024 16:58:16.850 INFO [main] org.apache.catalina.startup.VersionLoggerListener.log Command line argument:             -Dfile.encoding=UTF-8
28-Oct-2024 16:58:16.861 INFO [main] org.apache.catalina.core.AprLifecycleListener.lifecycleEvent Cargada la biblioteca nativa APR de Apache Tomcat [1.3.1] con la versión APR [1.7.4].
28-Oct-2024 16:58:16.862 INFO [main] org.apache.catalina.core.AprLifecycleListener.lifecycleEvent Capacidades APR: IPv6 [true], enviar fichero [true], aceptar filtros [false], aleatorio [true], UDS [true].
28-Oct-2024 16:58:16.862 INFO [main] org.apache.catalina.core.AprLifecycleListener.lifecycleEvent APR/OpenSSL configuration: useAprConnector [false], useOpenSSL [true]
28-Oct-2024 16:58:16.889 INFO [main] org.apache.catalina.core.AprLifecycleListener.initializeSSL OpenSSL inicializado correctamente [OpenSSL 3.0.14 4 Jun 2024]
28-Oct-2024 16:58:17.479 INFO [main] org.apache.coyote.AbstractProtocol.init Inicializando el manejador de protocolo ["http-nio-8080"]

28-Oct-2024 16:58:17.540 INFO [main] org.apache.catalina.startup.Catalina.load Server initialization in [1217] milliseconds
28-Oct-2024 16:58:17.650 INFO [main] org.apache.catalina.core.StandardService.startInternal Arrancando servicio [Catalina]
28-Oct-2024 16:58:17.650 INFO [main] org.apache.catalina.core.StandardEngine.startInternal Starting Servlet engine: [Apache Tomcat/9.0.93]
28-Oct-2024 16:58:17.680 INFO [main] org.apache.catalina.startup.HostConfig.deployDescriptor Desplieque del descriptor de configuración [C:\Proyecto-3s\T03_BodegaLaEsquinita_P\conf\Catalina\localhost\T03_BodegaLaEsquinita_P.xml]
28-Oct-2024 16:58:19.517 INFO [main] org.apache.jasper.servlet.TldScanner.scanJars Al menos un JAR, que se ha explorado buscando TLDs, aún no contenía TLDs. Activar historial de depuración para este historiador para una completa lista de los JARs que fueron explorados y de los que nos se halló TLDs. Saltarse JARs no necesarios durante la exploración puede dar lugar a una mejora de tiempo significativa en el arranque y compilación de JSP .
28-Oct-2024 16:58:19.802 INFO [main] org.apache.catalina.startup.HostConfig.deployDescriptor Deployment of deployment descriptor [C:\Proyecto-3s\T03_BodegaLaEsquinita_P\conf\Catalina\localhost\T03_BodegaLaEsquinita_P.xml] has finished in [2.117] ms
28-Oct-2024 16:58:19.815 INFO [main] org.apache.coyote.AbstractProtocol.start Starting ProtocolHandler ["http-nio-8080"]
28-Oct-2024 16:58:19.906 INFO [main] org.apache.catalina.startup.Catalina.start Server startup in [2365] milliseconds
28-Oct-2024 17:00:02.390 INFO [Thread-1] org.apache.coyote.AbstractProtocol.pause Pausing ProtocolHandler ["http-nio-8080"]
28-Oct-2024 17:00:02.804 INFO [Thread-1] org.apache.catalina.core.StandardService.stopInternal Parando servicio [Catalina]
28-Oct-2024 17:00:02.877 WARNING [Thread-1] org.apache.catalina.loader.WebappClassLoaderBase.clearReferencesJdbc La aplicación web [T03_BodegaLaEsquinita_P] registró el conductor JDBC [com.microsoft.sqlserver.jdbc.SQLServerDriver] pero falló al anular el registro mientras la aplicación web estaba parada. Para prevenir un fallo de memoria, se ha anulado el registro del conductor JDBC por la fuerza.
28-Oct-2024 17:00:02.900 INFO [Thread-1] org.apache.coyote.AbstractProtocol.stop Stopping ProtocolHandler ["http-nio-8080"]
28-Oct-2024 17:00:02.917 INFO [Thread-1] org.apache.coyote.AbstractProtocol.destroy Destroying ProtocolHandler ["http-nio-8080"]
28-Oct-2024 17:00:11.921 INFO [main] org.apache.catalina.startup.VersionLoggerListener.log Nombre de la versión del servidor: Apache Tomcat/9.0.93
28-Oct-2024 17:00:11.929 INFO [main] org.apache.catalina.startup.VersionLoggerListener.log Server built:                      Aug 2 2024 21:24:59 UTC
28-Oct-2024 17:00:11.930 INFO [main] org.apache.catalina.startup.VersionLoggerListener.log Número de versión de servidor:     9.0.93.0
28-Oct-2024 17:00:11.930 INFO [main] org.apache.catalina.startup.VersionLoggerListener.log OS Name:                           Windows 11
28-Oct-2024 17:00:11.930 INFO [main] org.apache.catalina.startup.VersionLoggerListener.log Versión de Systema Operativo:      10.0
28-Oct-2024 17:00:11.930 INFO [main] org.apache.catalina.startup.VersionLoggerListener.log Arquitectura:                      amd64
28-Oct-2024 17:00:11.930 INFO [main] org.apache.catalina.startup.VersionLoggerListener.log Java Home:                         C:\Program Files\Java\jdk-17
28-Oct-2024 17:00:11.930 INFO [main] org.apache.catalina.startup.VersionLoggerListener.log JVM Version:                       17.0.10+11-LTS-240
28-Oct-2024 17:00:11.931 INFO [main] org.apache.catalina.startup.VersionLoggerListener.log Vededor JVM:                       Oracle Corporation
28-Oct-2024 17:00:11.931 INFO [main] org.apache.catalina.startup.VersionLoggerListener.log CATALINA_BASE:                     C:\Proyecto-3s\T03_BodegaLaEsquinita_P
28-Oct-2024 17:00:11.939 INFO [main] org.apache.catalina.startup.VersionLoggerListener.log CATALINA_HOME:                     C:\ValleGrande\IntelliJ\apache-tomcat-9.0.93
28-Oct-2024 17:00:11.973 INFO [main] org.apache.catalina.startup.VersionLoggerListener.log Command line argument:             --add-opens=java.base/java.lang=ALL-UNNAMED
28-Oct-2024 17:00:11.974 INFO [main] org.apache.catalina.startup.VersionLoggerListener.log Command line argument:             --add-opens=java.base/java.io=ALL-UNNAMED
28-Oct-2024 17:00:11.974 INFO [main] org.apache.catalina.startup.VersionLoggerListener.log Command line argument:             --add-opens=java.base/java.util=ALL-UNNAMED
28-Oct-2024 17:00:11.975 INFO [main] org.apache.catalina.startup.VersionLoggerListener.log Command line argument:             --add-opens=java.base/java.util.concurrent=ALL-UNNAMED
28-Oct-2024 17:00:11.976 INFO [main] org.apache.catalina.startup.VersionLoggerListener.log Command line argument:             --add-opens=java.rmi/sun.rmi.transport=ALL-UNNAMED
28-Oct-2024 17:00:11.976 INFO [main] org.apache.catalina.startup.VersionLoggerListener.log Command line argument:             -Dcatalina.home=C:\..\ValleGrande\IntelliJ\apache-tomcat-9.0.93
28-Oct-2024 17:00:11.976 INFO [main] org.apache.catalina.startup.VersionLoggerListener.log Command line argument:             -Dcatalina.base=C:\Proyecto-3s\T03_BodegaLaEsquinita_P
28-Oct-2024 17:00:11.976 INFO [main] org.apache.catalina.startup.VersionLoggerListener.log Command line argument:             -Djava.io.tmpdir=C:\Proyecto-3s\T03_BodegaLaEsquinita_P\temp
28-Oct-2024 17:00:11.976 INFO [main] org.apache.catalina.startup.VersionLoggerListener.log Command line argument:             -Djava.util.logging.config.file=C:\Proyecto-3s\T03_BodegaLaEsquinita_P\conf\logging.properties
28-Oct-2024 17:00:11.976 INFO [main] org.apache.catalina.startup.VersionLoggerListener.log Command line argument:             -Djava.util.logging.manager=org.apache.juli.ClassLoaderLogManager
28-Oct-2024 17:00:11.976 INFO [main] org.apache.catalina.startup.VersionLoggerListener.log Command line argument:             -javaagent:C:\Program Files\JetBrains\IntelliJ IDEA 2024.2.1\lib\idea_rt.jar=61203:C:\Program Files\JetBrains\IntelliJ IDEA 2024.2.1\bin
28-Oct-2024 17:00:11.977 INFO [main] org.apache.catalina.startup.VersionLoggerListener.log Command line argument:             -Dfile.encoding=UTF-8
28-Oct-2024 17:00:11.988 INFO [main] org.apache.catalina.core.AprLifecycleListener.lifecycleEvent Cargada la biblioteca nativa APR de Apache Tomcat [1.3.1] con la versión APR [1.7.4].
28-Oct-2024 17:00:11.988 INFO [main] org.apache.catalina.core.AprLifecycleListener.lifecycleEvent Capacidades APR: IPv6 [true], enviar fichero [true], aceptar filtros [false], aleatorio [true], UDS [true].
28-Oct-2024 17:00:11.989 INFO [main] org.apache.catalina.core.AprLifecycleListener.lifecycleEvent APR/OpenSSL configuration: useAprConnector [false], useOpenSSL [true]
28-Oct-2024 17:00:12.020 INFO [main] org.apache.catalina.core.AprLifecycleListener.initializeSSL OpenSSL inicializado correctamente [OpenSSL 3.0.14 4 Jun 2024]
28-Oct-2024 17:00:12.577 INFO [main] org.apache.coyote.AbstractProtocol.init Inicializando el manejador de protocolo ["http-nio-8080"]

28-Oct-2024 17:00:12.620 INFO [main] org.apache.catalina.startup.Catalina.load Server initialization in [1268] milliseconds
28-Oct-2024 17:00:12.738 INFO [main] org.apache.catalina.core.StandardService.startInternal Arrancando servicio [Catalina]
28-Oct-2024 17:00:12.738 INFO [main] org.apache.catalina.core.StandardEngine.startInternal Starting Servlet engine: [Apache Tomcat/9.0.93]
28-Oct-2024 17:00:12.757 INFO [main] org.apache.catalina.startup.HostConfig.deployDescriptor Desplieque del descriptor de configuración [C:\Proyecto-3s\T03_BodegaLaEsquinita_P\conf\Catalina\localhost\T03_BodegaLaEsquinita_P.xml]
28-Oct-2024 17:00:14.298 INFO [main] org.apache.jasper.servlet.TldScanner.scanJars Al menos un JAR, que se ha explorado buscando TLDs, aún no contenía TLDs. Activar historial de depuración para este historiador para una completa lista de los JARs que fueron explorados y de los que nos se halló TLDs. Saltarse JARs no necesarios durante la exploración puede dar lugar a una mejora de tiempo significativa en el arranque y compilación de JSP .
28-Oct-2024 17:00:14.513 INFO [main] org.apache.catalina.startup.HostConfig.deployDescriptor Deployment of deployment descriptor [C:\Proyecto-3s\T03_BodegaLaEsquinita_P\conf\Catalina\localhost\T03_BodegaLaEsquinita_P.xml] has finished in [1.749] ms
28-Oct-2024 17:00:14.530 INFO [main] org.apache.coyote.AbstractProtocol.start Starting ProtocolHandler ["http-nio-8080"]
28-Oct-2024 17:00:14.612 INFO [main] org.apache.catalina.startup.Catalina.start Server startup in [1991] milliseconds
28-Oct-2024 17:17:33.570 INFO [Thread-1] org.apache.coyote.AbstractProtocol.pause Pausing ProtocolHandler ["http-nio-8080"]
28-Oct-2024 17:17:34.064 INFO [Thread-1] org.apache.catalina.core.StandardService.stopInternal Parando servicio [Catalina]
28-Oct-2024 17:17:34.535 WARNING [Thread-1] org.apache.catalina.loader.WebappClassLoaderBase.clearReferencesJdbc La aplicación web [T03_BodegaLaEsquinita_P] registró el conductor JDBC [com.microsoft.sqlserver.jdbc.SQLServerDriver] pero falló al anular el registro mientras la aplicación web estaba parada. Para prevenir un fallo de memoria, se ha anulado el registro del conductor JDBC por la fuerza.
28-Oct-2024 17:17:34.673 INFO [Thread-1] org.apache.coyote.AbstractProtocol.stop Stopping ProtocolHandler ["http-nio-8080"]
28-Oct-2024 17:17:34.711 INFO [Thread-1] org.apache.coyote.AbstractProtocol.destroy Destroying ProtocolHandler ["http-nio-8080"]
28-Oct-2024 17:17:49.453 INFO [main] org.apache.catalina.startup.VersionLoggerListener.log Nombre de la versión del servidor: Apache Tomcat/9.0.93
28-Oct-2024 17:17:49.467 INFO [main] org.apache.catalina.startup.VersionLoggerListener.log Server built:                      Aug 2 2024 21:24:59 UTC
28-Oct-2024 17:17:49.467 INFO [main] org.apache.catalina.startup.VersionLoggerListener.log Número de versión de servidor:     9.0.93.0
28-Oct-2024 17:17:49.467 INFO [main] org.apache.catalina.startup.VersionLoggerListener.log OS Name:                           Windows 11
28-Oct-2024 17:17:49.467 INFO [main] org.apache.catalina.startup.VersionLoggerListener.log Versión de Systema Operativo:      10.0
28-Oct-2024 17:17:49.467 INFO [main] org.apache.catalina.startup.VersionLoggerListener.log Arquitectura:                      amd64
28-Oct-2024 17:17:49.467 INFO [main] org.apache.catalina.startup.VersionLoggerListener.log Java Home:                         C:\Program Files\Java\jdk-17
28-Oct-2024 17:17:49.467 INFO [main] org.apache.catalina.startup.VersionLoggerListener.log JVM Version:                       17.0.10+11-LTS-240
28-Oct-2024 17:17:49.467 INFO [main] org.apache.catalina.startup.VersionLoggerListener.log Vededor JVM:                       Oracle Corporation
28-Oct-2024 17:17:49.467 INFO [main] org.apache.catalina.startup.VersionLoggerListener.log CATALINA_BASE:                     C:\Proyecto-3s\T03_BodegaLaEsquinita_P
28-Oct-2024 17:17:49.467 INFO [main] org.apache.catalina.startup.VersionLoggerListener.log CATALINA_HOME:                     C:\ValleGrande\IntelliJ\apache-tomcat-9.0.93
28-Oct-2024 17:17:49.510 INFO [main] org.apache.catalina.startup.VersionLoggerListener.log Command line argument:             --add-opens=java.base/java.lang=ALL-UNNAMED
28-Oct-2024 17:17:49.510 INFO [main] org.apache.catalina.startup.VersionLoggerListener.log Command line argument:             --add-opens=java.base/java.io=ALL-UNNAMED
28-Oct-2024 17:17:49.510 INFO [main] org.apache.catalina.startup.VersionLoggerListener.log Command line argument:             --add-opens=java.base/java.util=ALL-UNNAMED
28-Oct-2024 17:17:49.510 INFO [main] org.apache.catalina.startup.VersionLoggerListener.log Command line argument:             --add-opens=java.base/java.util.concurrent=ALL-UNNAMED
28-Oct-2024 17:17:49.510 INFO [main] org.apache.catalina.startup.VersionLoggerListener.log Command line argument:             --add-opens=java.rmi/sun.rmi.transport=ALL-UNNAMED
28-Oct-2024 17:17:49.510 INFO [main] org.apache.catalina.startup.VersionLoggerListener.log Command line argument:             -Dcatalina.home=C:\..\ValleGrande\IntelliJ\apache-tomcat-9.0.93
28-Oct-2024 17:17:49.512 INFO [main] org.apache.catalina.startup.VersionLoggerListener.log Command line argument:             -Dcatalina.base=C:\Proyecto-3s\T03_BodegaLaEsquinita_P
28-Oct-2024 17:17:49.512 INFO [main] org.apache.catalina.startup.VersionLoggerListener.log Command line argument:             -Djava.io.tmpdir=C:\Proyecto-3s\T03_BodegaLaEsquinita_P\temp
28-Oct-2024 17:17:49.512 INFO [main] org.apache.catalina.startup.VersionLoggerListener.log Command line argument:             -Djava.util.logging.config.file=C:\Proyecto-3s\T03_BodegaLaEsquinita_P\conf\logging.properties
28-Oct-2024 17:17:49.512 INFO [main] org.apache.catalina.startup.VersionLoggerListener.log Command line argument:             -Djava.util.logging.manager=org.apache.juli.ClassLoaderLogManager
28-Oct-2024 17:17:49.512 INFO [main] org.apache.catalina.startup.VersionLoggerListener.log Command line argument:             -javaagent:C:\Program Files\JetBrains\IntelliJ IDEA 2024.2.1\lib\idea_rt.jar=61586:C:\Program Files\JetBrains\IntelliJ IDEA 2024.2.1\bin
28-Oct-2024 17:17:49.512 INFO [main] org.apache.catalina.startup.VersionLoggerListener.log Command line argument:             -Dfile.encoding=UTF-8
28-Oct-2024 17:17:49.530 INFO [main] org.apache.catalina.core.AprLifecycleListener.lifecycleEvent Cargada la biblioteca nativa APR de Apache Tomcat [1.3.1] con la versión APR [1.7.4].
28-Oct-2024 17:17:49.531 INFO [main] org.apache.catalina.core.AprLifecycleListener.lifecycleEvent Capacidades APR: IPv6 [true], enviar fichero [true], aceptar filtros [false], aleatorio [true], UDS [true].
28-Oct-2024 17:17:49.531 INFO [main] org.apache.catalina.core.AprLifecycleListener.lifecycleEvent APR/OpenSSL configuration: useAprConnector [false], useOpenSSL [true]
28-Oct-2024 17:17:49.595 INFO [main] org.apache.catalina.core.AprLifecycleListener.initializeSSL OpenSSL inicializado correctamente [OpenSSL 3.0.14 4 Jun 2024]
28-Oct-2024 17:17:50.754 INFO [main] org.apache.coyote.AbstractProtocol.init Inicializando el manejador de protocolo ["http-nio-8080"]

28-Oct-2024 17:17:51.044 INFO [main] org.apache.catalina.startup.Catalina.load Server initialization in [2376] milliseconds
28-Oct-2024 17:17:51.474 INFO [main] org.apache.catalina.core.StandardService.startInternal Arrancando servicio [Catalina]
28-Oct-2024 17:17:51.474 INFO [main] org.apache.catalina.core.StandardEngine.startInternal Starting Servlet engine: [Apache Tomcat/9.0.93]
28-Oct-2024 17:17:51.514 INFO [main] org.apache.catalina.startup.HostConfig.deployDescriptor Desplieque del descriptor de configuración [C:\Proyecto-3s\T03_BodegaLaEsquinita_P\conf\Catalina\localhost\T03_BodegaLaEsquinita_P.xml]
28-Oct-2024 17:17:53.828 INFO [main] org.apache.jasper.servlet.TldScanner.scanJars Al menos un JAR, que se ha explorado buscando TLDs, aún no contenía TLDs. Activar historial de depuración para este historiador para una completa lista de los JARs que fueron explorados y de los que nos se halló TLDs. Saltarse JARs no necesarios durante la exploración puede dar lugar a una mejora de tiempo significativa en el arranque y compilación de JSP .
28-Oct-2024 17:17:54.078 INFO [main] org.apache.catalina.startup.HostConfig.deployDescriptor Deployment of deployment descriptor [C:\Proyecto-3s\T03_BodegaLaEsquinita_P\conf\Catalina\localhost\T03_BodegaLaEsquinita_P.xml] has finished in [2.560] ms
28-Oct-2024 17:17:54.089 INFO [main] org.apache.coyote.AbstractProtocol.start Starting ProtocolHandler ["http-nio-8080"]
28-Oct-2024 17:17:54.174 INFO [main] org.apache.catalina.startup.Catalina.start Server startup in [3129] milliseconds
28-Oct-2024 17:28:06.877 INFO [Thread-1] org.apache.coyote.AbstractProtocol.pause Pausing ProtocolHandler ["http-nio-8080"]
28-Oct-2024 17:28:07.453 INFO [Thread-1] org.apache.catalina.core.StandardService.stopInternal Parando servicio [Catalina]
28-Oct-2024 17:28:07.785 WARNING [Thread-1] org.apache.catalina.loader.WebappClassLoaderBase.clearReferencesJdbc La aplicación web [T03_BodegaLaEsquinita_P] registró el conductor JDBC [com.microsoft.sqlserver.jdbc.SQLServerDriver] pero falló al anular el registro mientras la aplicación web estaba parada. Para prevenir un fallo de memoria, se ha anulado el registro del conductor JDBC por la fuerza.
28-Oct-2024 17:28:07.881 INFO [Thread-1] org.apache.coyote.AbstractProtocol.stop Stopping ProtocolHandler ["http-nio-8080"]
28-Oct-2024 17:28:07.916 INFO [Thread-1] org.apache.coyote.AbstractProtocol.destroy Destroying ProtocolHandler ["http-nio-8080"]
28-Oct-2024 17:28:19.589 INFO [main] org.apache.catalina.startup.VersionLoggerListener.log Nombre de la versión del servidor: Apache Tomcat/9.0.93
28-Oct-2024 17:28:19.603 INFO [main] org.apache.catalina.startup.VersionLoggerListener.log Server built:                      Aug 2 2024 21:24:59 UTC
28-Oct-2024 17:28:19.604 INFO [main] org.apache.catalina.startup.VersionLoggerListener.log Número de versión de servidor:     9.0.93.0
28-Oct-2024 17:28:19.604 INFO [main] org.apache.catalina.startup.VersionLoggerListener.log OS Name:                           Windows 11
28-Oct-2024 17:28:19.604 INFO [main] org.apache.catalina.startup.VersionLoggerListener.log Versión de Systema Operativo:      10.0
28-Oct-2024 17:28:19.604 INFO [main] org.apache.catalina.startup.VersionLoggerListener.log Arquitectura:                      amd64
28-Oct-2024 17:28:19.605 INFO [main] org.apache.catalina.startup.VersionLoggerListener.log Java Home:                         C:\Program Files\Java\jdk-17
28-Oct-2024 17:28:19.605 INFO [main] org.apache.catalina.startup.VersionLoggerListener.log JVM Version:                       17.0.10+11-LTS-240
28-Oct-2024 17:28:19.605 INFO [main] org.apache.catalina.startup.VersionLoggerListener.log Vededor JVM:                       Oracle Corporation
28-Oct-2024 17:28:19.605 INFO [main] org.apache.catalina.startup.VersionLoggerListener.log CATALINA_BASE:                     C:\Proyecto-3s\T03_BodegaLaEsquinita_P
28-Oct-2024 17:28:19.605 INFO [main] org.apache.catalina.startup.VersionLoggerListener.log CATALINA_HOME:                     C:\ValleGrande\IntelliJ\apache-tomcat-9.0.93
28-Oct-2024 17:28:19.632 INFO [main] org.apache.catalina.startup.VersionLoggerListener.log Command line argument:             --add-opens=java.base/java.lang=ALL-UNNAMED
28-Oct-2024 17:28:19.633 INFO [main] org.apache.catalina.startup.VersionLoggerListener.log Command line argument:             --add-opens=java.base/java.io=ALL-UNNAMED
28-Oct-2024 17:28:19.633 INFO [main] org.apache.catalina.startup.VersionLoggerListener.log Command line argument:             --add-opens=java.base/java.util=ALL-UNNAMED
28-Oct-2024 17:28:19.633 INFO [main] org.apache.catalina.startup.VersionLoggerListener.log Command line argument:             --add-opens=java.base/java.util.concurrent=ALL-UNNAMED
28-Oct-2024 17:28:19.633 INFO [main] org.apache.catalina.startup.VersionLoggerListener.log Command line argument:             --add-opens=java.rmi/sun.rmi.transport=ALL-UNNAMED
28-Oct-2024 17:28:19.634 INFO [main] org.apache.catalina.startup.VersionLoggerListener.log Command line argument:             -Dcatalina.home=C:\..\ValleGrande\IntelliJ\apache-tomcat-9.0.93
28-Oct-2024 17:28:19.634 INFO [main] org.apache.catalina.startup.VersionLoggerListener.log Command line argument:             -Dcatalina.base=C:\Proyecto-3s\T03_BodegaLaEsquinita_P
28-Oct-2024 17:28:19.635 INFO [main] org.apache.catalina.startup.VersionLoggerListener.log Command line argument:             -Djava.io.tmpdir=C:\Proyecto-3s\T03_BodegaLaEsquinita_P\temp
28-Oct-2024 17:28:19.635 INFO [main] org.apache.catalina.startup.VersionLoggerListener.log Command line argument:             -Djava.util.logging.config.file=C:\Proyecto-3s\T03_BodegaLaEsquinita_P\conf\logging.properties
28-Oct-2024 17:28:19.635 INFO [main] org.apache.catalina.startup.VersionLoggerListener.log Command line argument:             -Djava.util.logging.manager=org.apache.juli.ClassLoaderLogManager
28-Oct-2024 17:28:19.636 INFO [main] org.apache.catalina.startup.VersionLoggerListener.log Command line argument:             -javaagent:C:\Program Files\JetBrains\IntelliJ IDEA 2024.2.1\lib\idea_rt.jar=61814:C:\Program Files\JetBrains\IntelliJ IDEA 2024.2.1\bin
28-Oct-2024 17:28:19.636 INFO [main] org.apache.catalina.startup.VersionLoggerListener.log Command line argument:             -Dfile.encoding=UTF-8
28-Oct-2024 17:28:19.662 INFO [main] org.apache.catalina.core.AprLifecycleListener.lifecycleEvent Cargada la biblioteca nativa APR de Apache Tomcat [1.3.1] con la versión APR [1.7.4].
28-Oct-2024 17:28:19.662 INFO [main] org.apache.catalina.core.AprLifecycleListener.lifecycleEvent Capacidades APR: IPv6 [true], enviar fichero [true], aceptar filtros [false], aleatorio [true], UDS [true].
28-Oct-2024 17:28:19.663 INFO [main] org.apache.catalina.core.AprLifecycleListener.lifecycleEvent APR/OpenSSL configuration: useAprConnector [false], useOpenSSL [true]
28-Oct-2024 17:28:19.731 INFO [main] org.apache.catalina.core.AprLifecycleListener.initializeSSL OpenSSL inicializado correctamente [OpenSSL 3.0.14 4 Jun 2024]
28-Oct-2024 17:28:20.304 INFO [main] org.apache.coyote.AbstractProtocol.init Inicializando el manejador de protocolo ["http-nio-8080"]

28-Oct-2024 17:28:20.344 INFO [main] org.apache.catalina.startup.Catalina.load Server initialization in [1351] milliseconds
28-Oct-2024 17:28:20.450 INFO [main] org.apache.catalina.core.StandardService.startInternal Arrancando servicio [Catalina]
28-Oct-2024 17:28:20.451 INFO [main] org.apache.catalina.core.StandardEngine.startInternal Starting Servlet engine: [Apache Tomcat/9.0.93]
28-Oct-2024 17:28:20.471 INFO [main] org.apache.catalina.startup.HostConfig.deployDescriptor Desplieque del descriptor de configuración [C:\Proyecto-3s\T03_BodegaLaEsquinita_P\conf\Catalina\localhost\T03_BodegaLaEsquinita_P.xml]
28-Oct-2024 17:28:21.952 INFO [main] org.apache.jasper.servlet.TldScanner.scanJars Al menos un JAR, que se ha explorado buscando TLDs, aún no contenía TLDs. Activar historial de depuración para este historiador para una completa lista de los JARs que fueron explorados y de los que nos se halló TLDs. Saltarse JARs no necesarios durante la exploración puede dar lugar a una mejora de tiempo significativa en el arranque y compilación de JSP .
28-Oct-2024 17:28:22.168 INFO [main] org.apache.catalina.startup.HostConfig.deployDescriptor Deployment of deployment descriptor [C:\Proyecto-3s\T03_BodegaLaEsquinita_P\conf\Catalina\localhost\T03_BodegaLaEsquinita_P.xml] has finished in [1.692] ms
28-Oct-2024 17:28:22.187 INFO [main] org.apache.coyote.AbstractProtocol.start Starting ProtocolHandler ["http-nio-8080"]
28-Oct-2024 17:28:22.255 INFO [main] org.apache.catalina.startup.Catalina.start Server startup in [1910] milliseconds
28-Oct-2024 17:30:36.500 INFO [Thread-1] org.apache.coyote.AbstractProtocol.pause Pausing ProtocolHandler ["http-nio-8080"]
28-Oct-2024 17:30:37.183 INFO [Thread-1] org.apache.catalina.core.StandardService.stopInternal Parando servicio [Catalina]
28-Oct-2024 17:30:37.559 WARNING [Thread-1] org.apache.catalina.loader.WebappClassLoaderBase.clearReferencesJdbc La aplicación web [T03_BodegaLaEsquinita_P] registró el conductor JDBC [com.microsoft.sqlserver.jdbc.SQLServerDriver] pero falló al anular el registro mientras la aplicación web estaba parada. Para prevenir un fallo de memoria, se ha anulado el registro del conductor JDBC por la fuerza.
28-Oct-2024 17:30:37.636 INFO [Thread-1] org.apache.coyote.AbstractProtocol.stop Stopping ProtocolHandler ["http-nio-8080"]
28-Oct-2024 17:30:37.661 INFO [Thread-1] org.apache.coyote.AbstractProtocol.destroy Destroying ProtocolHandler ["http-nio-8080"]
28-Oct-2024 17:30:46.728 INFO [main] org.apache.catalina.startup.VersionLoggerListener.log Nombre de la versión del servidor: Apache Tomcat/9.0.93
28-Oct-2024 17:30:46.737 INFO [main] org.apache.catalina.startup.VersionLoggerListener.log Server built:                      Aug 2 2024 21:24:59 UTC
28-Oct-2024 17:30:46.738 INFO [main] org.apache.catalina.startup.VersionLoggerListener.log Número de versión de servidor:     9.0.93.0
28-Oct-2024 17:30:46.738 INFO [main] org.apache.catalina.startup.VersionLoggerListener.log OS Name:                           Windows 11
28-Oct-2024 17:30:46.738 INFO [main] org.apache.catalina.startup.VersionLoggerListener.log Versión de Systema Operativo:      10.0
28-Oct-2024 17:30:46.739 INFO [main] org.apache.catalina.startup.VersionLoggerListener.log Arquitectura:                      amd64
28-Oct-2024 17:30:46.739 INFO [main] org.apache.catalina.startup.VersionLoggerListener.log Java Home:                         C:\Program Files\Java\jdk-17
28-Oct-2024 17:30:46.739 INFO [main] org.apache.catalina.startup.VersionLoggerListener.log JVM Version:                       17.0.10+11-LTS-240
28-Oct-2024 17:30:46.739 INFO [main] org.apache.catalina.startup.VersionLoggerListener.log Vededor JVM:                       Oracle Corporation
28-Oct-2024 17:30:46.739 INFO [main] org.apache.catalina.startup.VersionLoggerListener.log CATALINA_BASE:                     C:\Proyecto-3s\T03_BodegaLaEsquinita_P
28-Oct-2024 17:30:46.740 INFO [main] org.apache.catalina.startup.VersionLoggerListener.log CATALINA_HOME:                     C:\ValleGrande\IntelliJ\apache-tomcat-9.0.93
28-Oct-2024 17:30:46.761 INFO [main] org.apache.catalina.startup.VersionLoggerListener.log Command line argument:             --add-opens=java.base/java.lang=ALL-UNNAMED
28-Oct-2024 17:30:46.761 INFO [main] org.apache.catalina.startup.VersionLoggerListener.log Command line argument:             --add-opens=java.base/java.io=ALL-UNNAMED
28-Oct-2024 17:30:46.761 INFO [main] org.apache.catalina.startup.VersionLoggerListener.log Command line argument:             --add-opens=java.base/java.util=ALL-UNNAMED
28-Oct-2024 17:30:46.761 INFO [main] org.apache.catalina.startup.VersionLoggerListener.log Command line argument:             --add-opens=java.base/java.util.concurrent=ALL-UNNAMED
28-Oct-2024 17:30:46.763 INFO [main] org.apache.catalina.startup.VersionLoggerListener.log Command line argument:             --add-opens=java.rmi/sun.rmi.transport=ALL-UNNAMED
28-Oct-2024 17:30:46.763 INFO [main] org.apache.catalina.startup.VersionLoggerListener.log Command line argument:             -Dcatalina.home=C:\..\ValleGrande\IntelliJ\apache-tomcat-9.0.93
28-Oct-2024 17:30:46.763 INFO [main] org.apache.catalina.startup.VersionLoggerListener.log Command line argument:             -Dcatalina.base=C:\Proyecto-3s\T03_BodegaLaEsquinita_P
28-Oct-2024 17:30:46.763 INFO [main] org.apache.catalina.startup.VersionLoggerListener.log Command line argument:             -Djava.io.tmpdir=C:\Proyecto-3s\T03_BodegaLaEsquinita_P\temp
28-Oct-2024 17:30:46.763 INFO [main] org.apache.catalina.startup.VersionLoggerListener.log Command line argument:             -Djava.util.logging.config.file=C:\Proyecto-3s\T03_BodegaLaEsquinita_P\conf\logging.properties
28-Oct-2024 17:30:46.763 INFO [main] org.apache.catalina.startup.VersionLoggerListener.log Command line argument:             -Djava.util.logging.manager=org.apache.juli.ClassLoaderLogManager
28-Oct-2024 17:30:46.763 INFO [main] org.apache.catalina.startup.VersionLoggerListener.log Command line argument:             -javaagent:C:\Program Files\JetBrains\IntelliJ IDEA 2024.2.1\lib\idea_rt.jar=61896:C:\Program Files\JetBrains\IntelliJ IDEA 2024.2.1\bin
28-Oct-2024 17:30:46.763 INFO [main] org.apache.catalina.startup.VersionLoggerListener.log Command line argument:             -Dfile.encoding=UTF-8
28-Oct-2024 17:30:46.776 INFO [main] org.apache.catalina.core.AprLifecycleListener.lifecycleEvent Cargada la biblioteca nativa APR de Apache Tomcat [1.3.1] con la versión APR [1.7.4].
28-Oct-2024 17:30:46.776 INFO [main] org.apache.catalina.core.AprLifecycleListener.lifecycleEvent Capacidades APR: IPv6 [true], enviar fichero [true], aceptar filtros [false], aleatorio [true], UDS [true].
28-Oct-2024 17:30:46.776 INFO [main] org.apache.catalina.core.AprLifecycleListener.lifecycleEvent APR/OpenSSL configuration: useAprConnector [false], useOpenSSL [true]
28-Oct-2024 17:30:46.806 INFO [main] org.apache.catalina.core.AprLifecycleListener.initializeSSL OpenSSL inicializado correctamente [OpenSSL 3.0.14 4 Jun 2024]
28-Oct-2024 17:30:47.356 INFO [main] org.apache.coyote.AbstractProtocol.init Inicializando el manejador de protocolo ["http-nio-8080"]

28-Oct-2024 17:30:47.413 INFO [main] org.apache.catalina.startup.Catalina.load Server initialization in [1180] milliseconds
28-Oct-2024 17:30:47.513 INFO [main] org.apache.catalina.core.StandardService.startInternal Arrancando servicio [Catalina]
28-Oct-2024 17:30:47.513 INFO [main] org.apache.catalina.core.StandardEngine.startInternal Starting Servlet engine: [Apache Tomcat/9.0.93]
28-Oct-2024 17:30:47.536 INFO [main] org.apache.catalina.startup.HostConfig.deployDescriptor Desplieque del descriptor de configuración [C:\Proyecto-3s\T03_BodegaLaEsquinita_P\conf\Catalina\localhost\T03_BodegaLaEsquinita_P.xml]
28-Oct-2024 17:30:48.942 INFO [main] org.apache.jasper.servlet.TldScanner.scanJars Al menos un JAR, que se ha explorado buscando TLDs, aún no contenía TLDs. Activar historial de depuración para este historiador para una completa lista de los JARs que fueron explorados y de los que nos se halló TLDs. Saltarse JARs no necesarios durante la exploración puede dar lugar a una mejora de tiempo significativa en el arranque y compilación de JSP .
28-Oct-2024 17:30:49.142 INFO [main] org.apache.catalina.startup.HostConfig.deployDescriptor Deployment of deployment descriptor [C:\Proyecto-3s\T03_BodegaLaEsquinita_P\conf\Catalina\localhost\T03_BodegaLaEsquinita_P.xml] has finished in [1.602] ms
28-Oct-2024 17:30:49.151 INFO [main] org.apache.coyote.AbstractProtocol.start Starting ProtocolHandler ["http-nio-8080"]
28-Oct-2024 17:30:49.217 INFO [main] org.apache.catalina.startup.Catalina.start Server startup in [1803] milliseconds
28-Oct-2024 17:36:23.752 INFO [Thread-1] org.apache.coyote.AbstractProtocol.pause Pausing ProtocolHandler ["http-nio-8080"]
28-Oct-2024 17:36:24.235 INFO [Thread-1] org.apache.catalina.core.StandardService.stopInternal Parando servicio [Catalina]
28-Oct-2024 17:36:24.553 WARNING [Thread-1] org.apache.catalina.loader.WebappClassLoaderBase.clearReferencesJdbc La aplicación web [T03_BodegaLaEsquinita_P] registró el conductor JDBC [com.microsoft.sqlserver.jdbc.SQLServerDriver] pero falló al anular el registro mientras la aplicación web estaba parada. Para prevenir un fallo de memoria, se ha anulado el registro del conductor JDBC por la fuerza.
28-Oct-2024 17:36:24.642 INFO [Thread-1] org.apache.coyote.AbstractProtocol.stop Stopping ProtocolHandler ["http-nio-8080"]
28-Oct-2024 17:36:24.675 INFO [Thread-1] org.apache.coyote.AbstractProtocol.destroy Destroying ProtocolHandler ["http-nio-8080"]
28-Oct-2024 17:36:35.974 INFO [main] org.apache.catalina.startup.VersionLoggerListener.log Nombre de la versión del servidor: Apache Tomcat/9.0.93
28-Oct-2024 17:36:35.983 INFO [main] org.apache.catalina.startup.VersionLoggerListener.log Server built:                      Aug 2 2024 21:24:59 UTC
28-Oct-2024 17:36:35.984 INFO [main] org.apache.catalina.startup.VersionLoggerListener.log Número de versión de servidor:     9.0.93.0
28-Oct-2024 17:36:35.985 INFO [main] org.apache.catalina.startup.VersionLoggerListener.log OS Name:                           Windows 11
28-Oct-2024 17:36:35.985 INFO [main] org.apache.catalina.startup.VersionLoggerListener.log Versión de Systema Operativo:      10.0
28-Oct-2024 17:36:35.985 INFO [main] org.apache.catalina.startup.VersionLoggerListener.log Arquitectura:                      amd64
28-Oct-2024 17:36:35.986 INFO [main] org.apache.catalina.startup.VersionLoggerListener.log Java Home:                         C:\Program Files\Java\jdk-17
28-Oct-2024 17:36:35.987 INFO [main] org.apache.catalina.startup.VersionLoggerListener.log JVM Version:                       17.0.10+11-LTS-240
28-Oct-2024 17:36:35.987 INFO [main] org.apache.catalina.startup.VersionLoggerListener.log Vededor JVM:                       Oracle Corporation
28-Oct-2024 17:36:35.987 INFO [main] org.apache.catalina.startup.VersionLoggerListener.log CATALINA_BASE:                     C:\Proyecto-3s\T03_BodegaLaEsquinita_P
28-Oct-2024 17:36:35.987 INFO [main] org.apache.catalina.startup.VersionLoggerListener.log CATALINA_HOME:                     C:\ValleGrande\IntelliJ\apache-tomcat-9.0.93
28-Oct-2024 17:36:36.005 INFO [main] org.apache.catalina.startup.VersionLoggerListener.log Command line argument:             --add-opens=java.base/java.lang=ALL-UNNAMED
28-Oct-2024 17:36:36.005 INFO [main] org.apache.catalina.startup.VersionLoggerListener.log Command line argument:             --add-opens=java.base/java.io=ALL-UNNAMED
28-Oct-2024 17:36:36.006 INFO [main] org.apache.catalina.startup.VersionLoggerListener.log Command line argument:             --add-opens=java.base/java.util=ALL-UNNAMED
28-Oct-2024 17:36:36.006 INFO [main] org.apache.catalina.startup.VersionLoggerListener.log Command line argument:             --add-opens=java.base/java.util.concurrent=ALL-UNNAMED
28-Oct-2024 17:36:36.006 INFO [main] org.apache.catalina.startup.VersionLoggerListener.log Command line argument:             --add-opens=java.rmi/sun.rmi.transport=ALL-UNNAMED
28-Oct-2024 17:36:36.006 INFO [main] org.apache.catalina.startup.VersionLoggerListener.log Command line argument:             -Dcatalina.home=C:\..\ValleGrande\IntelliJ\apache-tomcat-9.0.93
28-Oct-2024 17:36:36.006 INFO [main] org.apache.catalina.startup.VersionLoggerListener.log Command line argument:             -Dcatalina.base=C:\Proyecto-3s\T03_BodegaLaEsquinita_P
28-Oct-2024 17:36:36.007 INFO [main] org.apache.catalina.startup.VersionLoggerListener.log Command line argument:             -Djava.io.tmpdir=C:\Proyecto-3s\T03_BodegaLaEsquinita_P\temp
28-Oct-2024 17:36:36.007 INFO [main] org.apache.catalina.startup.VersionLoggerListener.log Command line argument:             -Djava.util.logging.config.file=C:\Proyecto-3s\T03_BodegaLaEsquinita_P\conf\logging.properties
28-Oct-2024 17:36:36.007 INFO [main] org.apache.catalina.startup.VersionLoggerListener.log Command line argument:             -Djava.util.logging.manager=org.apache.juli.ClassLoaderLogManager
28-Oct-2024 17:36:36.007 INFO [main] org.apache.catalina.startup.VersionLoggerListener.log Command line argument:             -javaagent:C:\Program Files\JetBrains\IntelliJ IDEA 2024.2.1\lib\idea_rt.jar=61997:C:\Program Files\JetBrains\IntelliJ IDEA 2024.2.1\bin
28-Oct-2024 17:36:36.007 INFO [main] org.apache.catalina.startup.VersionLoggerListener.log Command line argument:             -Dfile.encoding=UTF-8
28-Oct-2024 17:36:36.023 INFO [main] org.apache.catalina.core.AprLifecycleListener.lifecycleEvent Cargada la biblioteca nativa APR de Apache Tomcat [1.3.1] con la versión APR [1.7.4].
28-Oct-2024 17:36:36.025 INFO [main] org.apache.catalina.core.AprLifecycleListener.lifecycleEvent Capacidades APR: IPv6 [true], enviar fichero [true], aceptar filtros [false], aleatorio [true], UDS [true].
28-Oct-2024 17:36:36.025 INFO [main] org.apache.catalina.core.AprLifecycleListener.lifecycleEvent APR/OpenSSL configuration: useAprConnector [false], useOpenSSL [true]
28-Oct-2024 17:36:36.058 INFO [main] org.apache.catalina.core.AprLifecycleListener.initializeSSL OpenSSL inicializado correctamente [OpenSSL 3.0.14 4 Jun 2024]
28-Oct-2024 17:36:36.627 INFO [main] org.apache.coyote.AbstractProtocol.init Inicializando el manejador de protocolo ["http-nio-8080"]

28-Oct-2024 17:36:36.670 INFO [main] org.apache.catalina.startup.Catalina.load Server initialization in [1182] milliseconds
28-Oct-2024 17:36:36.765 INFO [main] org.apache.catalina.core.StandardService.startInternal Arrancando servicio [Catalina]
28-Oct-2024 17:36:36.765 INFO [main] org.apache.catalina.core.StandardEngine.startInternal Starting Servlet engine: [Apache Tomcat/9.0.93]
28-Oct-2024 17:36:36.780 INFO [main] org.apache.catalina.startup.HostConfig.deployDescriptor Desplieque del descriptor de configuración [C:\Proyecto-3s\T03_BodegaLaEsquinita_P\conf\Catalina\localhost\T03_BodegaLaEsquinita_P.xml]
28-Oct-2024 17:36:38.291 INFO [main] org.apache.jasper.servlet.TldScanner.scanJars Al menos un JAR, que se ha explorado buscando TLDs, aún no contenía TLDs. Activar historial de depuración para este historiador para una completa lista de los JARs que fueron explorados y de los que nos se halló TLDs. Saltarse JARs no necesarios durante la exploración puede dar lugar a una mejora de tiempo significativa en el arranque y compilación de JSP .
28-Oct-2024 17:36:38.494 INFO [main] org.apache.catalina.startup.HostConfig.deployDescriptor Deployment of deployment descriptor [C:\Proyecto-3s\T03_BodegaLaEsquinita_P\conf\Catalina\localhost\T03_BodegaLaEsquinita_P.xml] has finished in [1.710] ms
28-Oct-2024 17:36:38.511 INFO [main] org.apache.coyote.AbstractProtocol.start Starting ProtocolHandler ["http-nio-8080"]
28-Oct-2024 17:36:38.582 INFO [main] org.apache.catalina.startup.Catalina.start Server startup in [1912] milliseconds
28-Oct-2024 17:39:53.199 INFO [Thread-1] org.apache.coyote.AbstractProtocol.pause Pausing ProtocolHandler ["http-nio-8080"]
28-Oct-2024 17:39:53.537 INFO [Thread-1] org.apache.catalina.core.StandardService.stopInternal Parando servicio [Catalina]
28-Oct-2024 17:39:53.627 WARNING [Thread-1] org.apache.catalina.loader.WebappClassLoaderBase.clearReferencesJdbc La aplicación web [T03_BodegaLaEsquinita_P] registró el conductor JDBC [com.microsoft.sqlserver.jdbc.SQLServerDriver] pero falló al anular el registro mientras la aplicación web estaba parada. Para prevenir un fallo de memoria, se ha anulado el registro del conductor JDBC por la fuerza.
28-Oct-2024 17:39:53.651 INFO [Thread-1] org.apache.coyote.AbstractProtocol.stop Stopping ProtocolHandler ["http-nio-8080"]
28-Oct-2024 17:39:53.668 INFO [Thread-1] org.apache.coyote.AbstractProtocol.destroy Destroying ProtocolHandler ["http-nio-8080"]
28-Oct-2024 17:40:07.959 INFO [main] org.apache.catalina.startup.VersionLoggerListener.log Nombre de la versión del servidor: Apache Tomcat/9.0.93
28-Oct-2024 17:40:07.965 INFO [main] org.apache.catalina.startup.VersionLoggerListener.log Server built:                      Aug 2 2024 21:24:59 UTC
28-Oct-2024 17:40:07.965 INFO [main] org.apache.catalina.startup.VersionLoggerListener.log Número de versión de servidor:     9.0.93.0
28-Oct-2024 17:40:07.965 INFO [main] org.apache.catalina.startup.VersionLoggerListener.log OS Name:                           Windows 11
28-Oct-2024 17:40:07.965 INFO [main] org.apache.catalina.startup.VersionLoggerListener.log Versión de Systema Operativo:      10.0
28-Oct-2024 17:40:07.965 INFO [main] org.apache.catalina.startup.VersionLoggerListener.log Arquitectura:                      amd64
28-Oct-2024 17:40:07.966 INFO [main] org.apache.catalina.startup.VersionLoggerListener.log Java Home:                         C:\Program Files\Java\jdk-17
28-Oct-2024 17:40:07.966 INFO [main] org.apache.catalina.startup.VersionLoggerListener.log JVM Version:                       17.0.10+11-LTS-240
28-Oct-2024 17:40:07.966 INFO [main] org.apache.catalina.startup.VersionLoggerListener.log Vededor JVM:                       Oracle Corporation
28-Oct-2024 17:40:07.966 INFO [main] org.apache.catalina.startup.VersionLoggerListener.log CATALINA_BASE:                     C:\Proyecto-3s\T03_BodegaLaEsquinita_P
28-Oct-2024 17:40:07.966 INFO [main] org.apache.catalina.startup.VersionLoggerListener.log CATALINA_HOME:                     C:\ValleGrande\IntelliJ\apache-tomcat-9.0.93
28-Oct-2024 17:40:07.982 INFO [main] org.apache.catalina.startup.VersionLoggerListener.log Command line argument:             --add-opens=java.base/java.lang=ALL-UNNAMED
28-Oct-2024 17:40:07.982 INFO [main] org.apache.catalina.startup.VersionLoggerListener.log Command line argument:             --add-opens=java.base/java.io=ALL-UNNAMED
28-Oct-2024 17:40:07.983 INFO [main] org.apache.catalina.startup.VersionLoggerListener.log Command line argument:             --add-opens=java.base/java.util=ALL-UNNAMED
28-Oct-2024 17:40:07.983 INFO [main] org.apache.catalina.startup.VersionLoggerListener.log Command line argument:             --add-opens=java.base/java.util.concurrent=ALL-UNNAMED
28-Oct-2024 17:40:07.983 INFO [main] org.apache.catalina.startup.VersionLoggerListener.log Command line argument:             --add-opens=java.rmi/sun.rmi.transport=ALL-UNNAMED
28-Oct-2024 17:40:07.983 INFO [main] org.apache.catalina.startup.VersionLoggerListener.log Command line argument:             -Dcatalina.home=C:\..\ValleGrande\IntelliJ\apache-tomcat-9.0.93
28-Oct-2024 17:40:07.983 INFO [main] org.apache.catalina.startup.VersionLoggerListener.log Command line argument:             -Dcatalina.base=C:\Proyecto-3s\T03_BodegaLaEsquinita_P
28-Oct-2024 17:40:07.983 INFO [main] org.apache.catalina.startup.VersionLoggerListener.log Command line argument:             -Djava.io.tmpdir=C:\Proyecto-3s\T03_BodegaLaEsquinita_P\temp
28-Oct-2024 17:40:07.983 INFO [main] org.apache.catalina.startup.VersionLoggerListener.log Command line argument:             -Djava.util.logging.config.file=C:\Proyecto-3s\T03_BodegaLaEsquinita_P\conf\logging.properties
28-Oct-2024 17:40:07.983 INFO [main] org.apache.catalina.startup.VersionLoggerListener.log Command line argument:             -Djava.util.logging.manager=org.apache.juli.ClassLoaderLogManager
28-Oct-2024 17:40:07.983 INFO [main] org.apache.catalina.startup.VersionLoggerListener.log Command line argument:             -javaagent:C:\Program Files\JetBrains\IntelliJ IDEA 2024.2.1\lib\idea_rt.jar=62059:C:\Program Files\JetBrains\IntelliJ IDEA 2024.2.1\bin
28-Oct-2024 17:40:07.984 INFO [main] org.apache.catalina.startup.VersionLoggerListener.log Command line argument:             -Dfile.encoding=UTF-8
28-Oct-2024 17:40:07.994 INFO [main] org.apache.catalina.core.AprLifecycleListener.lifecycleEvent Cargada la biblioteca nativa APR de Apache Tomcat [1.3.1] con la versión APR [1.7.4].
28-Oct-2024 17:40:07.994 INFO [main] org.apache.catalina.core.AprLifecycleListener.lifecycleEvent Capacidades APR: IPv6 [true], enviar fichero [true], aceptar filtros [false], aleatorio [true], UDS [true].
28-Oct-2024 17:40:07.994 INFO [main] org.apache.catalina.core.AprLifecycleListener.lifecycleEvent APR/OpenSSL configuration: useAprConnector [false], useOpenSSL [true]
28-Oct-2024 17:40:08.021 INFO [main] org.apache.catalina.core.AprLifecycleListener.initializeSSL OpenSSL inicializado correctamente [OpenSSL 3.0.14 4 Jun 2024]
28-Oct-2024 17:40:08.544 INFO [main] org.apache.coyote.AbstractProtocol.init Inicializando el manejador de protocolo ["http-nio-8080"]

28-Oct-2024 17:40:08.579 INFO [main] org.apache.catalina.startup.Catalina.load Server initialization in [1072] milliseconds
28-Oct-2024 17:40:08.674 INFO [main] org.apache.catalina.core.StandardService.startInternal Arrancando servicio [Catalina]
28-Oct-2024 17:40:08.674 INFO [main] org.apache.catalina.core.StandardEngine.startInternal Starting Servlet engine: [Apache Tomcat/9.0.93]
28-Oct-2024 17:40:08.693 INFO [main] org.apache.catalina.startup.HostConfig.deployDescriptor Desplieque del descriptor de configuración [C:\Proyecto-3s\T03_BodegaLaEsquinita_P\conf\Catalina\localhost\T03_BodegaLaEsquinita_P.xml]
28-Oct-2024 17:40:10.172 INFO [main] org.apache.jasper.servlet.TldScanner.scanJars Al menos un JAR, que se ha explorado buscando TLDs, aún no contenía TLDs. Activar historial de depuración para este historiador para una completa lista de los JARs que fueron explorados y de los que nos se halló TLDs. Saltarse JARs no necesarios durante la exploración puede dar lugar a una mejora de tiempo significativa en el arranque y compilación de JSP .
28-Oct-2024 17:40:10.442 WARNING [main] org.apache.catalina.util.SessionIdGeneratorBase.createSecureRandom Creation of SecureRandom instance for session ID generation using [SHA1PRNG] took [105] milliseconds.
28-Oct-2024 17:40:10.538 INFO [main] org.apache.catalina.startup.HostConfig.deployDescriptor Deployment of deployment descriptor [C:\Proyecto-3s\T03_BodegaLaEsquinita_P\conf\Catalina\localhost\T03_BodegaLaEsquinita_P.xml] has finished in [1.846] ms
28-Oct-2024 17:40:10.549 INFO [main] org.apache.coyote.AbstractProtocol.start Starting ProtocolHandler ["http-nio-8080"]
28-Oct-2024 17:40:10.643 INFO [main] org.apache.catalina.startup.Catalina.start Server startup in [2062] milliseconds
28-Oct-2024 17:52:08.858 INFO [Thread-1] org.apache.coyote.AbstractProtocol.pause Pausing ProtocolHandler ["http-nio-8080"]
28-Oct-2024 17:52:09.256 INFO [Thread-1] org.apache.catalina.core.StandardService.stopInternal Parando servicio [Catalina]
28-Oct-2024 17:52:09.442 WARNING [Thread-1] org.apache.catalina.loader.WebappClassLoaderBase.clearReferencesJdbc La aplicación web [T03_BodegaLaEsquinita_P] registró el conductor JDBC [com.microsoft.sqlserver.jdbc.SQLServerDriver] pero falló al anular el registro mientras la aplicación web estaba parada. Para prevenir un fallo de memoria, se ha anulado el registro del conductor JDBC por la fuerza.
28-Oct-2024 17:52:09.473 INFO [Thread-1] org.apache.coyote.AbstractProtocol.stop Stopping ProtocolHandler ["http-nio-8080"]
28-Oct-2024 17:52:09.490 INFO [Thread-1] org.apache.coyote.AbstractProtocol.destroy Destroying ProtocolHandler ["http-nio-8080"]
28-Oct-2024 17:52:20.699 INFO [main] org.apache.catalina.startup.VersionLoggerListener.log Nombre de la versión del servidor: Apache Tomcat/9.0.93
28-Oct-2024 17:52:20.708 INFO [main] org.apache.catalina.startup.VersionLoggerListener.log Server built:                      Aug 2 2024 21:24:59 UTC
28-Oct-2024 17:52:20.708 INFO [main] org.apache.catalina.startup.VersionLoggerListener.log Número de versión de servidor:     9.0.93.0
28-Oct-2024 17:52:20.708 INFO [main] org.apache.catalina.startup.VersionLoggerListener.log OS Name:                           Windows 11
28-Oct-2024 17:52:20.709 INFO [main] org.apache.catalina.startup.VersionLoggerListener.log Versión de Systema Operativo:      10.0
28-Oct-2024 17:52:20.709 INFO [main] org.apache.catalina.startup.VersionLoggerListener.log Arquitectura:                      amd64
28-Oct-2024 17:52:20.709 INFO [main] org.apache.catalina.startup.VersionLoggerListener.log Java Home:                         C:\Program Files\Java\jdk-17
28-Oct-2024 17:52:20.709 INFO [main] org.apache.catalina.startup.VersionLoggerListener.log JVM Version:                       17.0.10+11-LTS-240
28-Oct-2024 17:52:20.710 INFO [main] org.apache.catalina.startup.VersionLoggerListener.log Vededor JVM:                       Oracle Corporation
28-Oct-2024 17:52:20.710 INFO [main] org.apache.catalina.startup.VersionLoggerListener.log CATALINA_BASE:                     C:\Proyecto-3s\T03_BodegaLaEsquinita_P
28-Oct-2024 17:52:20.710 INFO [main] org.apache.catalina.startup.VersionLoggerListener.log CATALINA_HOME:                     C:\ValleGrande\IntelliJ\apache-tomcat-9.0.93
28-Oct-2024 17:52:20.729 INFO [main] org.apache.catalina.startup.VersionLoggerListener.log Command line argument:             --add-opens=java.base/java.lang=ALL-UNNAMED
28-Oct-2024 17:52:20.729 INFO [main] org.apache.catalina.startup.VersionLoggerListener.log Command line argument:             --add-opens=java.base/java.io=ALL-UNNAMED
28-Oct-2024 17:52:20.729 INFO [main] org.apache.catalina.startup.VersionLoggerListener.log Command line argument:             --add-opens=java.base/java.util=ALL-UNNAMED
28-Oct-2024 17:52:20.729 INFO [main] org.apache.catalina.startup.VersionLoggerListener.log Command line argument:             --add-opens=java.base/java.util.concurrent=ALL-UNNAMED
28-Oct-2024 17:52:20.730 INFO [main] org.apache.catalina.startup.VersionLoggerListener.log Command line argument:             --add-opens=java.rmi/sun.rmi.transport=ALL-UNNAMED
28-Oct-2024 17:52:20.730 INFO [main] org.apache.catalina.startup.VersionLoggerListener.log Command line argument:             -Dcatalina.home=C:\..\ValleGrande\IntelliJ\apache-tomcat-9.0.93
28-Oct-2024 17:52:20.730 INFO [main] org.apache.catalina.startup.VersionLoggerListener.log Command line argument:             -Dcatalina.base=C:\Proyecto-3s\T03_BodegaLaEsquinita_P
28-Oct-2024 17:52:20.730 INFO [main] org.apache.catalina.startup.VersionLoggerListener.log Command line argument:             -Djava.io.tmpdir=C:\Proyecto-3s\T03_BodegaLaEsquinita_P\temp
28-Oct-2024 17:52:20.730 INFO [main] org.apache.catalina.startup.VersionLoggerListener.log Command line argument:             -Djava.util.logging.config.file=C:\Proyecto-3s\T03_BodegaLaEsquinita_P\conf\logging.properties
28-Oct-2024 17:52:20.730 INFO [main] org.apache.catalina.startup.VersionLoggerListener.log Command line argument:             -Djava.util.logging.manager=org.apache.juli.ClassLoaderLogManager
28-Oct-2024 17:52:20.730 INFO [main] org.apache.catalina.startup.VersionLoggerListener.log Command line argument:             -javaagent:C:\Program Files\JetBrains\IntelliJ IDEA 2024.2.1\lib\idea_rt.jar=62236:C:\Program Files\JetBrains\IntelliJ IDEA 2024.2.1\bin
28-Oct-2024 17:52:20.730 INFO [main] org.apache.catalina.startup.VersionLoggerListener.log Command line argument:             -Dfile.encoding=UTF-8
28-Oct-2024 17:52:20.744 INFO [main] org.apache.catalina.core.AprLifecycleListener.lifecycleEvent Cargada la biblioteca nativa APR de Apache Tomcat [1.3.1] con la versión APR [1.7.4].
28-Oct-2024 17:52:20.745 INFO [main] org.apache.catalina.core.AprLifecycleListener.lifecycleEvent Capacidades APR: IPv6 [true], enviar fichero [true], aceptar filtros [false], aleatorio [true], UDS [true].
28-Oct-2024 17:52:20.745 INFO [main] org.apache.catalina.core.AprLifecycleListener.lifecycleEvent APR/OpenSSL configuration: useAprConnector [false], useOpenSSL [true]
28-Oct-2024 17:52:20.783 INFO [main] org.apache.catalina.core.AprLifecycleListener.initializeSSL OpenSSL inicializado correctamente [OpenSSL 3.0.14 4 Jun 2024]
28-Oct-2024 17:52:21.374 INFO [main] org.apache.coyote.AbstractProtocol.init Inicializando el manejador de protocolo ["http-nio-8080"]

28-Oct-2024 17:52:21.409 INFO [main] org.apache.catalina.startup.Catalina.load Server initialization in [1199] milliseconds
28-Oct-2024 17:52:21.500 INFO [main] org.apache.catalina.core.StandardService.startInternal Arrancando servicio [Catalina]
28-Oct-2024 17:52:21.500 INFO [main] org.apache.catalina.core.StandardEngine.startInternal Starting Servlet engine: [Apache Tomcat/9.0.93]
28-Oct-2024 17:52:21.519 INFO [main] org.apache.catalina.startup.HostConfig.deployDescriptor Desplieque del descriptor de configuración [C:\Proyecto-3s\T03_BodegaLaEsquinita_P\conf\Catalina\localhost\T03_BodegaLaEsquinita_P.xml]
28-Oct-2024 17:52:22.920 INFO [main] org.apache.jasper.servlet.TldScanner.scanJars Al menos un JAR, que se ha explorado buscando TLDs, aún no contenía TLDs. Activar historial de depuración para este historiador para una completa lista de los JARs que fueron explorados y de los que nos se halló TLDs. Saltarse JARs no necesarios durante la exploración puede dar lugar a una mejora de tiempo significativa en el arranque y compilación de JSP .
28-Oct-2024 17:52:23.119 INFO [main] org.apache.catalina.startup.HostConfig.deployDescriptor Deployment of deployment descriptor [C:\Proyecto-3s\T03_BodegaLaEsquinita_P\conf\Catalina\localhost\T03_BodegaLaEsquinita_P.xml] has finished in [1.596] ms
28-Oct-2024 17:52:23.133 INFO [main] org.apache.coyote.AbstractProtocol.start Starting ProtocolHandler ["http-nio-8080"]
28-Oct-2024 17:52:23.212 INFO [main] org.apache.catalina.startup.Catalina.start Server startup in [1802] milliseconds
28-Oct-2024 17:56:20.339 INFO [Thread-1] org.apache.coyote.AbstractProtocol.pause Pausing ProtocolHandler ["http-nio-8080"]
28-Oct-2024 17:56:20.787 INFO [Thread-1] org.apache.catalina.core.StandardService.stopInternal Parando servicio [Catalina]
28-Oct-2024 17:56:21.097 WARNING [Thread-1] org.apache.catalina.loader.WebappClassLoaderBase.clearReferencesJdbc La aplicación web [T03_BodegaLaEsquinita_P] registró el conductor JDBC [com.microsoft.sqlserver.jdbc.SQLServerDriver] pero falló al anular el registro mientras la aplicación web estaba parada. Para prevenir un fallo de memoria, se ha anulado el registro del conductor JDBC por la fuerza.
28-Oct-2024 17:56:21.184 INFO [Thread-1] org.apache.coyote.AbstractProtocol.stop Stopping ProtocolHandler ["http-nio-8080"]
28-Oct-2024 17:56:21.210 INFO [Thread-1] org.apache.coyote.AbstractProtocol.destroy Destroying ProtocolHandler ["http-nio-8080"]
28-Oct-2024 17:58:21.103 INFO [main] org.apache.catalina.startup.VersionLoggerListener.log Nombre de la versión del servidor: Apache Tomcat/9.0.93
28-Oct-2024 17:58:21.112 INFO [main] org.apache.catalina.startup.VersionLoggerListener.log Server built:                      Aug 2 2024 21:24:59 UTC
28-Oct-2024 17:58:21.112 INFO [main] org.apache.catalina.startup.VersionLoggerListener.log Número de versión de servidor:     9.0.93.0
28-Oct-2024 17:58:21.112 INFO [main] org.apache.catalina.startup.VersionLoggerListener.log OS Name:                           Windows 11
28-Oct-2024 17:58:21.112 INFO [main] org.apache.catalina.startup.VersionLoggerListener.log Versión de Systema Operativo:      10.0
28-Oct-2024 17:58:21.114 INFO [main] org.apache.catalina.startup.VersionLoggerListener.log Arquitectura:                      amd64
28-Oct-2024 17:58:21.114 INFO [main] org.apache.catalina.startup.VersionLoggerListener.log Java Home:                         C:\Program Files\Java\jdk-17
28-Oct-2024 17:58:21.114 INFO [main] org.apache.catalina.startup.VersionLoggerListener.log JVM Version:                       17.0.10+11-LTS-240
28-Oct-2024 17:58:21.114 INFO [main] org.apache.catalina.startup.VersionLoggerListener.log Vededor JVM:                       Oracle Corporation
28-Oct-2024 17:58:21.114 INFO [main] org.apache.catalina.startup.VersionLoggerListener.log CATALINA_BASE:                     C:\Proyecto-3s\T03_BodegaLaEsquinita_P
28-Oct-2024 17:58:21.114 INFO [main] org.apache.catalina.startup.VersionLoggerListener.log CATALINA_HOME:                     C:\ValleGrande\IntelliJ\apache-tomcat-9.0.93
28-Oct-2024 17:58:21.134 INFO [main] org.apache.catalina.startup.VersionLoggerListener.log Command line argument:             --add-opens=java.base/java.lang=ALL-UNNAMED
28-Oct-2024 17:58:21.134 INFO [main] org.apache.catalina.startup.VersionLoggerListener.log Command line argument:             --add-opens=java.base/java.io=ALL-UNNAMED
28-Oct-2024 17:58:21.134 INFO [main] org.apache.catalina.startup.VersionLoggerListener.log Command line argument:             --add-opens=java.base/java.util=ALL-UNNAMED
28-Oct-2024 17:58:21.134 INFO [main] org.apache.catalina.startup.VersionLoggerListener.log Command line argument:             --add-opens=java.base/java.util.concurrent=ALL-UNNAMED
28-Oct-2024 17:58:21.134 INFO [main] org.apache.catalina.startup.VersionLoggerListener.log Command line argument:             --add-opens=java.rmi/sun.rmi.transport=ALL-UNNAMED
28-Oct-2024 17:58:21.134 INFO [main] org.apache.catalina.startup.VersionLoggerListener.log Command line argument:             -Dcatalina.home=C:\..\ValleGrande\IntelliJ\apache-tomcat-9.0.93
28-Oct-2024 17:58:21.134 INFO [main] org.apache.catalina.startup.VersionLoggerListener.log Command line argument:             -Dcatalina.base=C:\Proyecto-3s\T03_BodegaLaEsquinita_P
28-Oct-2024 17:58:21.134 INFO [main] org.apache.catalina.startup.VersionLoggerListener.log Command line argument:             -Djava.io.tmpdir=C:\Proyecto-3s\T03_BodegaLaEsquinita_P\temp
28-Oct-2024 17:58:21.134 INFO [main] org.apache.catalina.startup.VersionLoggerListener.log Command line argument:             -Djava.util.logging.config.file=C:\Proyecto-3s\T03_BodegaLaEsquinita_P\conf\logging.properties
28-Oct-2024 17:58:21.134 INFO [main] org.apache.catalina.startup.VersionLoggerListener.log Command line argument:             -Djava.util.logging.manager=org.apache.juli.ClassLoaderLogManager
28-Oct-2024 17:58:21.134 INFO [main] org.apache.catalina.startup.VersionLoggerListener.log Command line argument:             -javaagent:C:\Program Files\JetBrains\IntelliJ IDEA 2024.2.1\lib\idea_rt.jar=62300:C:\Program Files\JetBrains\IntelliJ IDEA 2024.2.1\bin
28-Oct-2024 17:58:21.134 INFO [main] org.apache.catalina.startup.VersionLoggerListener.log Command line argument:             -Dfile.encoding=UTF-8
28-Oct-2024 17:58:21.148 INFO [main] org.apache.catalina.core.AprLifecycleListener.lifecycleEvent Cargada la biblioteca nativa APR de Apache Tomcat [1.3.1] con la versión APR [1.7.4].
28-Oct-2024 17:58:21.148 INFO [main] org.apache.catalina.core.AprLifecycleListener.lifecycleEvent Capacidades APR: IPv6 [true], enviar fichero [true], aceptar filtros [false], aleatorio [true], UDS [true].
28-Oct-2024 17:58:21.148 INFO [main] org.apache.catalina.core.AprLifecycleListener.lifecycleEvent APR/OpenSSL configuration: useAprConnector [false], useOpenSSL [true]
28-Oct-2024 17:58:21.187 INFO [main] org.apache.catalina.core.AprLifecycleListener.initializeSSL OpenSSL inicializado correctamente [OpenSSL 3.0.14 4 Jun 2024]
28-Oct-2024 17:58:21.770 INFO [main] org.apache.coyote.AbstractProtocol.init Inicializando el manejador de protocolo ["http-nio-8080"]

28-Oct-2024 17:58:21.806 INFO [main] org.apache.catalina.startup.Catalina.load Server initialization in [1207] milliseconds
28-Oct-2024 17:58:21.904 INFO [main] org.apache.catalina.core.StandardService.startInternal Arrancando servicio [Catalina]
28-Oct-2024 17:58:21.904 INFO [main] org.apache.catalina.core.StandardEngine.startInternal Starting Servlet engine: [Apache Tomcat/9.0.93]
28-Oct-2024 17:58:21.928 INFO [main] org.apache.catalina.startup.HostConfig.deployDescriptor Desplieque del descriptor de configuración [C:\Proyecto-3s\T03_BodegaLaEsquinita_P\conf\Catalina\localhost\T03_BodegaLaEsquinita_P.xml]
28-Oct-2024 17:58:23.590 INFO [main] org.apache.jasper.servlet.TldScanner.scanJars Al menos un JAR, que se ha explorado buscando TLDs, aún no contenía TLDs. Activar historial de depuración para este historiador para una completa lista de los JARs que fueron explorados y de los que nos se halló TLDs. Saltarse JARs no necesarios durante la exploración puede dar lugar a una mejora de tiempo significativa en el arranque y compilación de JSP .
28-Oct-2024 17:58:23.812 INFO [main] org.apache.catalina.startup.HostConfig.deployDescriptor Deployment of deployment descriptor [C:\Proyecto-3s\T03_BodegaLaEsquinita_P\conf\Catalina\localhost\T03_BodegaLaEsquinita_P.xml] has finished in [1.879] ms
28-Oct-2024 17:58:23.821 INFO [main] org.apache.coyote.AbstractProtocol.start Starting ProtocolHandler ["http-nio-8080"]
28-Oct-2024 17:58:23.896 INFO [main] org.apache.catalina.startup.Catalina.start Server startup in [2087] milliseconds
28-Oct-2024 18:57:45.192 INFO [Thread-1] org.apache.coyote.AbstractProtocol.pause Pausing ProtocolHandler ["http-nio-8080"]
28-Oct-2024 18:57:45.666 INFO [Thread-1] org.apache.catalina.core.StandardService.stopInternal Parando servicio [Catalina]
28-Oct-2024 18:57:45.920 WARNING [Thread-1] org.apache.catalina.loader.WebappClassLoaderBase.clearReferencesJdbc La aplicación web [T03_BodegaLaEsquinita_P] registró el conductor JDBC [com.microsoft.sqlserver.jdbc.SQLServerDriver] pero falló al anular el registro mientras la aplicación web estaba parada. Para prevenir un fallo de memoria, se ha anulado el registro del conductor JDBC por la fuerza.
28-Oct-2024 18:57:46.118 INFO [Thread-1] org.apache.coyote.AbstractProtocol.stop Stopping ProtocolHandler ["http-nio-8080"]
28-Oct-2024 18:57:46.161 INFO [Thread-1] org.apache.coyote.AbstractProtocol.destroy Destroying ProtocolHandler ["http-nio-8080"]
28-Oct-2024 18:58:08.716 INFO [main] org.apache.catalina.startup.VersionLoggerListener.log Nombre de la versión del servidor: Apache Tomcat/9.0.93
28-Oct-2024 18:58:08.728 INFO [main] org.apache.catalina.startup.VersionLoggerListener.log Server built:                      Aug 2 2024 21:24:59 UTC
28-Oct-2024 18:58:08.728 INFO [main] org.apache.catalina.startup.VersionLoggerListener.log Número de versión de servidor:     9.0.93.0
28-Oct-2024 18:58:08.729 INFO [main] org.apache.catalina.startup.VersionLoggerListener.log OS Name:                           Windows 11
28-Oct-2024 18:58:08.729 INFO [main] org.apache.catalina.startup.VersionLoggerListener.log Versión de Systema Operativo:      10.0
28-Oct-2024 18:58:08.729 INFO [main] org.apache.catalina.startup.VersionLoggerListener.log Arquitectura:                      amd64
28-Oct-2024 18:58:08.730 INFO [main] org.apache.catalina.startup.VersionLoggerListener.log Java Home:                         C:\Program Files\Java\jdk-17
28-Oct-2024 18:58:08.730 INFO [main] org.apache.catalina.startup.VersionLoggerListener.log JVM Version:                       17.0.10+11-LTS-240
28-Oct-2024 18:58:08.732 INFO [main] org.apache.catalina.startup.VersionLoggerListener.log Vededor JVM:                       Oracle Corporation
28-Oct-2024 18:58:08.732 INFO [main] org.apache.catalina.startup.VersionLoggerListener.log CATALINA_BASE:                     C:\Proyecto-3s\T03_BodegaLaEsquinita_P
28-Oct-2024 18:58:08.732 INFO [main] org.apache.catalina.startup.VersionLoggerListener.log CATALINA_HOME:                     C:\ValleGrande\IntelliJ\apache-tomcat-9.0.93
28-Oct-2024 18:58:08.755 INFO [main] org.apache.catalina.startup.VersionLoggerListener.log Command line argument:             --add-opens=java.base/java.lang=ALL-UNNAMED
28-Oct-2024 18:58:08.756 INFO [main] org.apache.catalina.startup.VersionLoggerListener.log Command line argument:             --add-opens=java.base/java.io=ALL-UNNAMED
28-Oct-2024 18:58:08.756 INFO [main] org.apache.catalina.startup.VersionLoggerListener.log Command line argument:             --add-opens=java.base/java.util=ALL-UNNAMED
28-Oct-2024 18:58:08.756 INFO [main] org.apache.catalina.startup.VersionLoggerListener.log Command line argument:             --add-opens=java.base/java.util.concurrent=ALL-UNNAMED
28-Oct-2024 18:58:08.756 INFO [main] org.apache.catalina.startup.VersionLoggerListener.log Command line argument:             --add-opens=java.rmi/sun.rmi.transport=ALL-UNNAMED
28-Oct-2024 18:58:08.757 INFO [main] org.apache.catalina.startup.VersionLoggerListener.log Command line argument:             -Dcatalina.home=C:\..\ValleGrande\IntelliJ\apache-tomcat-9.0.93
28-Oct-2024 18:58:08.757 INFO [main] org.apache.catalina.startup.VersionLoggerListener.log Command line argument:             -Dcatalina.base=C:\Proyecto-3s\T03_BodegaLaEsquinita_P
28-Oct-2024 18:58:08.758 INFO [main] org.apache.catalina.startup.VersionLoggerListener.log Command line argument:             -Djava.io.tmpdir=C:\Proyecto-3s\T03_BodegaLaEsquinita_P\temp
28-Oct-2024 18:58:08.758 INFO [main] org.apache.catalina.startup.VersionLoggerListener.log Command line argument:             -Djava.util.logging.config.file=C:\Proyecto-3s\T03_BodegaLaEsquinita_P\conf\logging.properties
28-Oct-2024 18:58:08.759 INFO [main] org.apache.catalina.startup.VersionLoggerListener.log Command line argument:             -Djava.util.logging.manager=org.apache.juli.ClassLoaderLogManager
28-Oct-2024 18:58:08.759 INFO [main] org.apache.catalina.startup.VersionLoggerListener.log Command line argument:             -javaagent:C:\Program Files\JetBrains\IntelliJ IDEA 2024.2.1\lib\idea_rt.jar=59987:C:\Program Files\JetBrains\IntelliJ IDEA 2024.2.1\bin
28-Oct-2024 18:58:08.759 INFO [main] org.apache.catalina.startup.VersionLoggerListener.log Command line argument:             -Dfile.encoding=UTF-8
28-Oct-2024 18:58:08.778 INFO [main] org.apache.catalina.core.AprLifecycleListener.lifecycleEvent Cargada la biblioteca nativa APR de Apache Tomcat [1.3.1] con la versión APR [1.7.4].
28-Oct-2024 18:58:08.778 INFO [main] org.apache.catalina.core.AprLifecycleListener.lifecycleEvent Capacidades APR: IPv6 [true], enviar fichero [true], aceptar filtros [false], aleatorio [true], UDS [true].
28-Oct-2024 18:58:08.779 INFO [main] org.apache.catalina.core.AprLifecycleListener.lifecycleEvent APR/OpenSSL configuration: useAprConnector [false], useOpenSSL [true]
28-Oct-2024 18:58:08.830 INFO [main] org.apache.catalina.core.AprLifecycleListener.initializeSSL OpenSSL inicializado correctamente [OpenSSL 3.0.14 4 Jun 2024]
28-Oct-2024 18:58:09.492 INFO [main] org.apache.coyote.AbstractProtocol.init Inicializando el manejador de protocolo ["http-nio-8080"]

28-Oct-2024 18:58:09.540 INFO [main] org.apache.catalina.startup.Catalina.load Server initialization in [1321] milliseconds
28-Oct-2024 18:58:09.652 INFO [main] org.apache.catalina.core.StandardService.startInternal Arrancando servicio [Catalina]
28-Oct-2024 18:58:09.653 INFO [main] org.apache.catalina.core.StandardEngine.startInternal Starting Servlet engine: [Apache Tomcat/9.0.93]
28-Oct-2024 18:58:09.673 INFO [main] org.apache.catalina.startup.HostConfig.deployDescriptor Desplieque del descriptor de configuración [C:\Proyecto-3s\T03_BodegaLaEsquinita_P\conf\Catalina\localhost\T03_BodegaLaEsquinita_P.xml]
28-Oct-2024 18:58:11.713 INFO [main] org.apache.jasper.servlet.TldScanner.scanJars Al menos un JAR, que se ha explorado buscando TLDs, aún no contenía TLDs. Activar historial de depuración para este historiador para una completa lista de los JARs que fueron explorados y de los que nos se halló TLDs. Saltarse JARs no necesarios durante la exploración puede dar lugar a una mejora de tiempo significativa en el arranque y compilación de JSP .
28-Oct-2024 18:58:11.939 INFO [main] org.apache.catalina.startup.HostConfig.deployDescriptor Deployment of deployment descriptor [C:\Proyecto-3s\T03_BodegaLaEsquinita_P\conf\Catalina\localhost\T03_BodegaLaEsquinita_P.xml] has finished in [2.261] ms
28-Oct-2024 18:58:11.948 INFO [main] org.apache.coyote.AbstractProtocol.start Starting ProtocolHandler ["http-nio-8080"]
28-Oct-2024 18:58:12.021 INFO [main] org.apache.catalina.startup.Catalina.start Server startup in [2480] milliseconds
28-Oct-2024 18:59:45.391 INFO [Thread-1] org.apache.coyote.AbstractProtocol.pause Pausing ProtocolHandler ["http-nio-8080"]
28-Oct-2024 18:59:45.940 INFO [Thread-1] org.apache.catalina.core.StandardService.stopInternal Parando servicio [Catalina]
28-Oct-2024 18:59:46.176 WARNING [Thread-1] org.apache.catalina.loader.WebappClassLoaderBase.clearReferencesJdbc La aplicación web [T03_BodegaLaEsquinita_P] registró el conductor JDBC [com.microsoft.sqlserver.jdbc.SQLServerDriver] pero falló al anular el registro mientras la aplicación web estaba parada. Para prevenir un fallo de memoria, se ha anulado el registro del conductor JDBC por la fuerza.
28-Oct-2024 18:59:46.239 INFO [Thread-1] org.apache.coyote.AbstractProtocol.stop Stopping ProtocolHandler ["http-nio-8080"]
28-Oct-2024 18:59:46.259 INFO [Thread-1] org.apache.coyote.AbstractProtocol.destroy Destroying ProtocolHandler ["http-nio-8080"]
28-Oct-2024 18:59:53.978 INFO [main] org.apache.catalina.startup.VersionLoggerListener.log Nombre de la versión del servidor: Apache Tomcat/9.0.93
28-Oct-2024 18:59:53.985 INFO [main] org.apache.catalina.startup.VersionLoggerListener.log Server built:                      Aug 2 2024 21:24:59 UTC
28-Oct-2024 18:59:53.986 INFO [main] org.apache.catalina.startup.VersionLoggerListener.log Número de versión de servidor:     9.0.93.0
28-Oct-2024 18:59:53.986 INFO [main] org.apache.catalina.startup.VersionLoggerListener.log OS Name:                           Windows 11
28-Oct-2024 18:59:53.986 INFO [main] org.apache.catalina.startup.VersionLoggerListener.log Versión de Systema Operativo:      10.0
28-Oct-2024 18:59:53.986 INFO [main] org.apache.catalina.startup.VersionLoggerListener.log Arquitectura:                      amd64
28-Oct-2024 18:59:53.987 INFO [main] org.apache.catalina.startup.VersionLoggerListener.log Java Home:                         C:\Program Files\Java\jdk-17
28-Oct-2024 18:59:53.987 INFO [main] org.apache.catalina.startup.VersionLoggerListener.log JVM Version:                       17.0.10+11-LTS-240
28-Oct-2024 18:59:53.988 INFO [main] org.apache.catalina.startup.VersionLoggerListener.log Vededor JVM:                       Oracle Corporation
28-Oct-2024 18:59:53.988 INFO [main] org.apache.catalina.startup.VersionLoggerListener.log CATALINA_BASE:                     C:\Proyecto-3s\T03_BodegaLaEsquinita_P
28-Oct-2024 18:59:53.988 INFO [main] org.apache.catalina.startup.VersionLoggerListener.log CATALINA_HOME:                     C:\ValleGrande\IntelliJ\apache-tomcat-9.0.93
28-Oct-2024 18:59:54.005 INFO [main] org.apache.catalina.startup.VersionLoggerListener.log Command line argument:             --add-opens=java.base/java.lang=ALL-UNNAMED
28-Oct-2024 18:59:54.005 INFO [main] org.apache.catalina.startup.VersionLoggerListener.log Command line argument:             --add-opens=java.base/java.io=ALL-UNNAMED
28-Oct-2024 18:59:54.005 INFO [main] org.apache.catalina.startup.VersionLoggerListener.log Command line argument:             --add-opens=java.base/java.util=ALL-UNNAMED
28-Oct-2024 18:59:54.006 INFO [main] org.apache.catalina.startup.VersionLoggerListener.log Command line argument:             --add-opens=java.base/java.util.concurrent=ALL-UNNAMED
28-Oct-2024 18:59:54.006 INFO [main] org.apache.catalina.startup.VersionLoggerListener.log Command line argument:             --add-opens=java.rmi/sun.rmi.transport=ALL-UNNAMED
28-Oct-2024 18:59:54.006 INFO [main] org.apache.catalina.startup.VersionLoggerListener.log Command line argument:             -Dcatalina.home=C:\..\ValleGrande\IntelliJ\apache-tomcat-9.0.93
28-Oct-2024 18:59:54.006 INFO [main] org.apache.catalina.startup.VersionLoggerListener.log Command line argument:             -Dcatalina.base=C:\Proyecto-3s\T03_BodegaLaEsquinita_P
28-Oct-2024 18:59:54.006 INFO [main] org.apache.catalina.startup.VersionLoggerListener.log Command line argument:             -Djava.io.tmpdir=C:\Proyecto-3s\T03_BodegaLaEsquinita_P\temp
28-Oct-2024 18:59:54.006 INFO [main] org.apache.catalina.startup.VersionLoggerListener.log Command line argument:             -Djava.util.logging.config.file=C:\Proyecto-3s\T03_BodegaLaEsquinita_P\conf\logging.properties
28-Oct-2024 18:59:54.006 INFO [main] org.apache.catalina.startup.VersionLoggerListener.log Command line argument:             -Djava.util.logging.manager=org.apache.juli.ClassLoaderLogManager
28-Oct-2024 18:59:54.007 INFO [main] org.apache.catalina.startup.VersionLoggerListener.log Command line argument:             -javaagent:C:\Program Files\JetBrains\IntelliJ IDEA 2024.2.1\lib\idea_rt.jar=60025:C:\Program Files\JetBrains\IntelliJ IDEA 2024.2.1\bin
28-Oct-2024 18:59:54.007 INFO [main] org.apache.catalina.startup.VersionLoggerListener.log Command line argument:             -Dfile.encoding=UTF-8
28-Oct-2024 18:59:54.015 INFO [main] org.apache.catalina.core.AprLifecycleListener.lifecycleEvent Cargada la biblioteca nativa APR de Apache Tomcat [1.3.1] con la versión APR [1.7.4].
28-Oct-2024 18:59:54.016 INFO [main] org.apache.catalina.core.AprLifecycleListener.lifecycleEvent Capacidades APR: IPv6 [true], enviar fichero [true], aceptar filtros [false], aleatorio [true], UDS [true].
28-Oct-2024 18:59:54.016 INFO [main] org.apache.catalina.core.AprLifecycleListener.lifecycleEvent APR/OpenSSL configuration: useAprConnector [false], useOpenSSL [true]
28-Oct-2024 18:59:54.045 INFO [main] org.apache.catalina.core.AprLifecycleListener.initializeSSL OpenSSL inicializado correctamente [OpenSSL 3.0.14 4 Jun 2024]
28-Oct-2024 18:59:54.570 INFO [main] org.apache.coyote.AbstractProtocol.init Inicializando el manejador de protocolo ["http-nio-8080"]

28-Oct-2024 18:59:54.608 INFO [main] org.apache.catalina.startup.Catalina.load Server initialization in [1171] milliseconds
28-Oct-2024 18:59:54.712 INFO [main] org.apache.catalina.core.StandardService.startInternal Arrancando servicio [Catalina]
28-Oct-2024 18:59:54.712 INFO [main] org.apache.catalina.core.StandardEngine.startInternal Starting Servlet engine: [Apache Tomcat/9.0.93]
28-Oct-2024 18:59:54.733 INFO [main] org.apache.catalina.startup.HostConfig.deployDescriptor Desplieque del descriptor de configuración [C:\Proyecto-3s\T03_BodegaLaEsquinita_P\conf\Catalina\localhost\T03_BodegaLaEsquinita_P.xml]
28-Oct-2024 18:59:56.372 INFO [main] org.apache.jasper.servlet.TldScanner.scanJars Al menos un JAR, que se ha explorado buscando TLDs, aún no contenía TLDs. Activar historial de depuración para este historiador para una completa lista de los JARs que fueron explorados y de los que nos se halló TLDs. Saltarse JARs no necesarios durante la exploración puede dar lugar a una mejora de tiempo significativa en el arranque y compilación de JSP .
28-Oct-2024 18:59:56.616 INFO [main] org.apache.catalina.startup.HostConfig.deployDescriptor Deployment of deployment descriptor [C:\Proyecto-3s\T03_BodegaLaEsquinita_P\conf\Catalina\localhost\T03_BodegaLaEsquinita_P.xml] has finished in [1.879] ms
28-Oct-2024 18:59:56.747 INFO [main] org.apache.coyote.AbstractProtocol.start Starting ProtocolHandler ["http-nio-8080"]
28-Oct-2024 18:59:56.847 INFO [main] org.apache.catalina.startup.Catalina.start Server startup in [2239] milliseconds
28-Oct-2024 19:02:51.600 INFO [Thread-1] org.apache.coyote.AbstractProtocol.pause Pausing ProtocolHandler ["http-nio-8080"]
28-Oct-2024 19:02:52.351 INFO [Thread-1] org.apache.catalina.core.StandardService.stopInternal Parando servicio [Catalina]
28-Oct-2024 19:02:52.751 WARNING [Thread-1] org.apache.catalina.loader.WebappClassLoaderBase.clearReferencesJdbc La aplicación web [T03_BodegaLaEsquinita_P] registró el conductor JDBC [com.microsoft.sqlserver.jdbc.SQLServerDriver] pero falló al anular el registro mientras la aplicación web estaba parada. Para prevenir un fallo de memoria, se ha anulado el registro del conductor JDBC por la fuerza.
28-Oct-2024 19:02:52.826 INFO [Thread-1] org.apache.coyote.AbstractProtocol.stop Stopping ProtocolHandler ["http-nio-8080"]
28-Oct-2024 19:02:52.856 INFO [Thread-1] org.apache.coyote.AbstractProtocol.destroy Destroying ProtocolHandler ["http-nio-8080"]
28-Oct-2024 19:03:04.370 INFO [main] org.apache.catalina.startup.VersionLoggerListener.log Nombre de la versión del servidor: Apache Tomcat/9.0.93
28-Oct-2024 19:03:04.379 INFO [main] org.apache.catalina.startup.VersionLoggerListener.log Server built:                      Aug 2 2024 21:24:59 UTC
28-Oct-2024 19:03:04.379 INFO [main] org.apache.catalina.startup.VersionLoggerListener.log Número de versión de servidor:     9.0.93.0
28-Oct-2024 19:03:04.380 INFO [main] org.apache.catalina.startup.VersionLoggerListener.log OS Name:                           Windows 11
28-Oct-2024 19:03:04.380 INFO [main] org.apache.catalina.startup.VersionLoggerListener.log Versión de Systema Operativo:      10.0
28-Oct-2024 19:03:04.380 INFO [main] org.apache.catalina.startup.VersionLoggerListener.log Arquitectura:                      amd64
28-Oct-2024 19:03:04.380 INFO [main] org.apache.catalina.startup.VersionLoggerListener.log Java Home:                         C:\Program Files\Java\jdk-17
28-Oct-2024 19:03:04.380 INFO [main] org.apache.catalina.startup.VersionLoggerListener.log JVM Version:                       17.0.10+11-LTS-240
28-Oct-2024 19:03:04.380 INFO [main] org.apache.catalina.startup.VersionLoggerListener.log Vededor JVM:                       Oracle Corporation
28-Oct-2024 19:03:04.380 INFO [main] org.apache.catalina.startup.VersionLoggerListener.log CATALINA_BASE:                     C:\Proyecto-3s\T03_BodegaLaEsquinita_P
28-Oct-2024 19:03:04.381 INFO [main] org.apache.catalina.startup.VersionLoggerListener.log CATALINA_HOME:                     C:\ValleGrande\IntelliJ\apache-tomcat-9.0.93
28-Oct-2024 19:03:04.397 INFO [main] org.apache.catalina.startup.VersionLoggerListener.log Command line argument:             --add-opens=java.base/java.lang=ALL-UNNAMED
28-Oct-2024 19:03:04.397 INFO [main] org.apache.catalina.startup.VersionLoggerListener.log Command line argument:             --add-opens=java.base/java.io=ALL-UNNAMED
28-Oct-2024 19:03:04.397 INFO [main] org.apache.catalina.startup.VersionLoggerListener.log Command line argument:             --add-opens=java.base/java.util=ALL-UNNAMED
28-Oct-2024 19:03:04.397 INFO [main] org.apache.catalina.startup.VersionLoggerListener.log Command line argument:             --add-opens=java.base/java.util.concurrent=ALL-UNNAMED
28-Oct-2024 19:03:04.398 INFO [main] org.apache.catalina.startup.VersionLoggerListener.log Command line argument:             --add-opens=java.rmi/sun.rmi.transport=ALL-UNNAMED
28-Oct-2024 19:03:04.398 INFO [main] org.apache.catalina.startup.VersionLoggerListener.log Command line argument:             -Dcatalina.home=C:\..\ValleGrande\IntelliJ\apache-tomcat-9.0.93
28-Oct-2024 19:03:04.398 INFO [main] org.apache.catalina.startup.VersionLoggerListener.log Command line argument:             -Dcatalina.base=C:\Proyecto-3s\T03_BodegaLaEsquinita_P
28-Oct-2024 19:03:04.398 INFO [main] org.apache.catalina.startup.VersionLoggerListener.log Command line argument:             -Djava.io.tmpdir=C:\Proyecto-3s\T03_BodegaLaEsquinita_P\temp
28-Oct-2024 19:03:04.398 INFO [main] org.apache.catalina.startup.VersionLoggerListener.log Command line argument:             -Djava.util.logging.config.file=C:\Proyecto-3s\T03_BodegaLaEsquinita_P\conf\logging.properties
28-Oct-2024 19:03:04.398 INFO [main] org.apache.catalina.startup.VersionLoggerListener.log Command line argument:             -Djava.util.logging.manager=org.apache.juli.ClassLoaderLogManager
28-Oct-2024 19:03:04.398 INFO [main] org.apache.catalina.startup.VersionLoggerListener.log Command line argument:             -javaagent:C:\Program Files\JetBrains\IntelliJ IDEA 2024.2.1\lib\idea_rt.jar=60134:C:\Program Files\JetBrains\IntelliJ IDEA 2024.2.1\bin
28-Oct-2024 19:03:04.398 INFO [main] org.apache.catalina.startup.VersionLoggerListener.log Command line argument:             -Dfile.encoding=UTF-8
28-Oct-2024 19:03:04.409 INFO [main] org.apache.catalina.core.AprLifecycleListener.lifecycleEvent Cargada la biblioteca nativa APR de Apache Tomcat [1.3.1] con la versión APR [1.7.4].
28-Oct-2024 19:03:04.410 INFO [main] org.apache.catalina.core.AprLifecycleListener.lifecycleEvent Capacidades APR: IPv6 [true], enviar fichero [true], aceptar filtros [false], aleatorio [true], UDS [true].
28-Oct-2024 19:03:04.410 INFO [main] org.apache.catalina.core.AprLifecycleListener.lifecycleEvent APR/OpenSSL configuration: useAprConnector [false], useOpenSSL [true]
28-Oct-2024 19:03:04.451 INFO [main] org.apache.catalina.core.AprLifecycleListener.initializeSSL OpenSSL inicializado correctamente [OpenSSL 3.0.14 4 Jun 2024]
28-Oct-2024 19:03:05.055 INFO [main] org.apache.coyote.AbstractProtocol.init Inicializando el manejador de protocolo ["http-nio-8080"]

28-Oct-2024 19:03:05.092 INFO [main] org.apache.catalina.startup.Catalina.load Server initialization in [1190] milliseconds
28-Oct-2024 19:03:05.185 INFO [main] org.apache.catalina.core.StandardService.startInternal Arrancando servicio [Catalina]
28-Oct-2024 19:03:05.187 INFO [main] org.apache.catalina.core.StandardEngine.startInternal Starting Servlet engine: [Apache Tomcat/9.0.93]
28-Oct-2024 19:03:05.202 INFO [main] org.apache.catalina.startup.HostConfig.deployDescriptor Desplieque del descriptor de configuración [C:\Proyecto-3s\T03_BodegaLaEsquinita_P\conf\Catalina\localhost\T03_BodegaLaEsquinita_P.xml]
28-Oct-2024 19:03:07.231 INFO [main] org.apache.jasper.servlet.TldScanner.scanJars Al menos un JAR, que se ha explorado buscando TLDs, aún no contenía TLDs. Activar historial de depuración para este historiador para una completa lista de los JARs que fueron explorados y de los que nos se halló TLDs. Saltarse JARs no necesarios durante la exploración puede dar lugar a una mejora de tiempo significativa en el arranque y compilación de JSP .
28-Oct-2024 19:03:07.611 INFO [main] org.apache.catalina.startup.HostConfig.deployDescriptor Deployment of deployment descriptor [C:\Proyecto-3s\T03_BodegaLaEsquinita_P\conf\Catalina\localhost\T03_BodegaLaEsquinita_P.xml] has finished in [2.400] ms
28-Oct-2024 19:03:07.624 INFO [main] org.apache.coyote.AbstractProtocol.start Starting ProtocolHandler ["http-nio-8080"]
28-Oct-2024 19:03:07.732 INFO [main] org.apache.catalina.startup.Catalina.start Server startup in [2639] milliseconds
28-Oct-2024 19:04:47.400 INFO [Thread-1] org.apache.coyote.AbstractProtocol.pause Pausing ProtocolHandler ["http-nio-8080"]
28-Oct-2024 19:04:47.870 INFO [Thread-1] org.apache.catalina.core.StandardService.stopInternal Parando servicio [Catalina]
28-Oct-2024 19:04:48.251 WARNING [Thread-1] org.apache.catalina.loader.WebappClassLoaderBase.clearReferencesJdbc La aplicación web [T03_BodegaLaEsquinita_P] registró el conductor JDBC [com.microsoft.sqlserver.jdbc.SQLServerDriver] pero falló al anular el registro mientras la aplicación web estaba parada. Para prevenir un fallo de memoria, se ha anulado el registro del conductor JDBC por la fuerza.
28-Oct-2024 19:04:48.361 INFO [Thread-1] org.apache.coyote.AbstractProtocol.stop Stopping ProtocolHandler ["http-nio-8080"]
28-Oct-2024 19:04:48.408 INFO [Thread-1] org.apache.coyote.AbstractProtocol.destroy Destroying ProtocolHandler ["http-nio-8080"]
28-Oct-2024 19:05:12.537 INFO [main] org.apache.catalina.startup.VersionLoggerListener.log Nombre de la versión del servidor: Apache Tomcat/9.0.93
28-Oct-2024 19:05:12.549 INFO [main] org.apache.catalina.startup.VersionLoggerListener.log Server built:                      Aug 2 2024 21:24:59 UTC
28-Oct-2024 19:05:12.551 INFO [main] org.apache.catalina.startup.VersionLoggerListener.log Número de versión de servidor:     9.0.93.0
28-Oct-2024 19:05:12.551 INFO [main] org.apache.catalina.startup.VersionLoggerListener.log OS Name:                           Windows 11
28-Oct-2024 19:05:12.551 INFO [main] org.apache.catalina.startup.VersionLoggerListener.log Versión de Systema Operativo:      10.0
28-Oct-2024 19:05:12.551 INFO [main] org.apache.catalina.startup.VersionLoggerListener.log Arquitectura:                      amd64
28-Oct-2024 19:05:12.551 INFO [main] org.apache.catalina.startup.VersionLoggerListener.log Java Home:                         C:\Program Files\Java\jdk-17
28-Oct-2024 19:05:12.551 INFO [main] org.apache.catalina.startup.VersionLoggerListener.log JVM Version:                       17.0.10+11-LTS-240
28-Oct-2024 19:05:12.551 INFO [main] org.apache.catalina.startup.VersionLoggerListener.log Vededor JVM:                       Oracle Corporation
28-Oct-2024 19:05:12.551 INFO [main] org.apache.catalina.startup.VersionLoggerListener.log CATALINA_BASE:                     C:\Proyecto-3s\T03_BodegaLaEsquinita_P
28-Oct-2024 19:05:12.551 INFO [main] org.apache.catalina.startup.VersionLoggerListener.log CATALINA_HOME:                     C:\ValleGrande\IntelliJ\apache-tomcat-9.0.93
28-Oct-2024 19:05:12.573 INFO [main] org.apache.catalina.startup.VersionLoggerListener.log Command line argument:             --add-opens=java.base/java.lang=ALL-UNNAMED
28-Oct-2024 19:05:12.573 INFO [main] org.apache.catalina.startup.VersionLoggerListener.log Command line argument:             --add-opens=java.base/java.io=ALL-UNNAMED
28-Oct-2024 19:05:12.573 INFO [main] org.apache.catalina.startup.VersionLoggerListener.log Command line argument:             --add-opens=java.base/java.util=ALL-UNNAMED
28-Oct-2024 19:05:12.573 INFO [main] org.apache.catalina.startup.VersionLoggerListener.log Command line argument:             --add-opens=java.base/java.util.concurrent=ALL-UNNAMED
28-Oct-2024 19:05:12.573 INFO [main] org.apache.catalina.startup.VersionLoggerListener.log Command line argument:             --add-opens=java.rmi/sun.rmi.transport=ALL-UNNAMED
28-Oct-2024 19:05:12.573 INFO [main] org.apache.catalina.startup.VersionLoggerListener.log Command line argument:             -Dcatalina.home=C:\..\ValleGrande\IntelliJ\apache-tomcat-9.0.93
28-Oct-2024 19:05:12.575 INFO [main] org.apache.catalina.startup.VersionLoggerListener.log Command line argument:             -Dcatalina.base=C:\Proyecto-3s\T03_BodegaLaEsquinita_P
28-Oct-2024 19:05:12.575 INFO [main] org.apache.catalina.startup.VersionLoggerListener.log Command line argument:             -Djava.io.tmpdir=C:\Proyecto-3s\T03_BodegaLaEsquinita_P\temp
28-Oct-2024 19:05:12.575 INFO [main] org.apache.catalina.startup.VersionLoggerListener.log Command line argument:             -Djava.util.logging.config.file=C:\Proyecto-3s\T03_BodegaLaEsquinita_P\conf\logging.properties
28-Oct-2024 19:05:12.575 INFO [main] org.apache.catalina.startup.VersionLoggerListener.log Command line argument:             -Djava.util.logging.manager=org.apache.juli.ClassLoaderLogManager
28-Oct-2024 19:05:12.575 INFO [main] org.apache.catalina.startup.VersionLoggerListener.log Command line argument:             -javaagent:C:\Program Files\JetBrains\IntelliJ IDEA 2024.2.1\lib\idea_rt.jar=60178:C:\Program Files\JetBrains\IntelliJ IDEA 2024.2.1\bin
28-Oct-2024 19:05:12.575 INFO [main] org.apache.catalina.startup.VersionLoggerListener.log Command line argument:             -Dfile.encoding=UTF-8
28-Oct-2024 19:05:12.735 INFO [main] org.apache.catalina.core.AprLifecycleListener.lifecycleEvent Cargada la biblioteca nativa APR de Apache Tomcat [1.3.1] con la versión APR [1.7.4].
28-Oct-2024 19:05:12.735 INFO [main] org.apache.catalina.core.AprLifecycleListener.lifecycleEvent Capacidades APR: IPv6 [true], enviar fichero [true], aceptar filtros [false], aleatorio [true], UDS [true].
28-Oct-2024 19:05:12.735 INFO [main] org.apache.catalina.core.AprLifecycleListener.lifecycleEvent APR/OpenSSL configuration: useAprConnector [false], useOpenSSL [true]
28-Oct-2024 19:05:12.767 INFO [main] org.apache.catalina.core.AprLifecycleListener.initializeSSL OpenSSL inicializado correctamente [OpenSSL 3.0.14 4 Jun 2024]
28-Oct-2024 19:05:13.384 INFO [main] org.apache.coyote.AbstractProtocol.init Inicializando el manejador de protocolo ["http-nio-8080"]

28-Oct-2024 19:05:13.430 INFO [main] org.apache.catalina.startup.Catalina.load Server initialization in [1676] milliseconds
28-Oct-2024 19:05:13.542 INFO [main] org.apache.catalina.core.StandardService.startInternal Arrancando servicio [Catalina]
28-Oct-2024 19:05:13.542 INFO [main] org.apache.catalina.core.StandardEngine.startInternal Starting Servlet engine: [Apache Tomcat/9.0.93]
28-Oct-2024 19:05:13.566 INFO [main] org.apache.catalina.startup.HostConfig.deployDescriptor Desplieque del descriptor de configuración [C:\Proyecto-3s\T03_BodegaLaEsquinita_P\conf\Catalina\localhost\T03_BodegaLaEsquinita_P.xml]
28-Oct-2024 19:05:15.321 INFO [main] org.apache.jasper.servlet.TldScanner.scanJars Al menos un JAR, que se ha explorado buscando TLDs, aún no contenía TLDs. Activar historial de depuración para este historiador para una completa lista de los JARs que fueron explorados y de los que nos se halló TLDs. Saltarse JARs no necesarios durante la exploración puede dar lugar a una mejora de tiempo significativa en el arranque y compilación de JSP .
28-Oct-2024 19:05:15.668 INFO [main] org.apache.catalina.startup.HostConfig.deployDescriptor Deployment of deployment descriptor [C:\Proyecto-3s\T03_BodegaLaEsquinita_P\conf\Catalina\localhost\T03_BodegaLaEsquinita_P.xml] has finished in [2.096] ms
28-Oct-2024 19:05:15.682 INFO [main] org.apache.coyote.AbstractProtocol.start Starting ProtocolHandler ["http-nio-8080"]
28-Oct-2024 19:05:15.811 INFO [main] org.apache.catalina.startup.Catalina.start Server startup in [2381] milliseconds
28-Oct-2024 19:40:17.903 INFO [Thread-1] org.apache.coyote.AbstractProtocol.pause Pausing ProtocolHandler ["http-nio-8080"]
28-Oct-2024 19:40:18.383 INFO [Thread-1] org.apache.catalina.core.StandardService.stopInternal Parando servicio [Catalina]
28-Oct-2024 19:40:18.739 WARNING [Thread-1] org.apache.catalina.loader.WebappClassLoaderBase.clearReferencesJdbc La aplicación web [T03_BodegaLaEsquinita_P] registró el conductor JDBC [com.microsoft.sqlserver.jdbc.SQLServerDriver] pero falló al anular el registro mientras la aplicación web estaba parada. Para prevenir un fallo de memoria, se ha anulado el registro del conductor JDBC por la fuerza.
28-Oct-2024 19:40:18.939 INFO [Thread-1] org.apache.coyote.AbstractProtocol.stop Stopping ProtocolHandler ["http-nio-8080"]
28-Oct-2024 19:40:18.991 INFO [Thread-1] org.apache.coyote.AbstractProtocol.destroy Destroying ProtocolHandler ["http-nio-8080"]
28-Oct-2024 19:40:34.451 INFO [main] org.apache.catalina.startup.VersionLoggerListener.log Nombre de la versión del servidor: Apache Tomcat/9.0.93
28-Oct-2024 19:40:34.461 INFO [main] org.apache.catalina.startup.VersionLoggerListener.log Server built:                      Aug 2 2024 21:24:59 UTC
28-Oct-2024 19:40:34.463 INFO [main] org.apache.catalina.startup.VersionLoggerListener.log Número de versión de servidor:     9.0.93.0
28-Oct-2024 19:40:34.463 INFO [main] org.apache.catalina.startup.VersionLoggerListener.log OS Name:                           Windows 11
28-Oct-2024 19:40:34.463 INFO [main] org.apache.catalina.startup.VersionLoggerListener.log Versión de Systema Operativo:      10.0
28-Oct-2024 19:40:34.464 INFO [main] org.apache.catalina.startup.VersionLoggerListener.log Arquitectura:                      amd64
28-Oct-2024 19:40:34.464 INFO [main] org.apache.catalina.startup.VersionLoggerListener.log Java Home:                         C:\Program Files\Java\jdk-17
28-Oct-2024 19:40:34.464 INFO [main] org.apache.catalina.startup.VersionLoggerListener.log JVM Version:                       17.0.10+11-LTS-240
28-Oct-2024 19:40:34.465 INFO [main] org.apache.catalina.startup.VersionLoggerListener.log Vededor JVM:                       Oracle Corporation
28-Oct-2024 19:40:34.465 INFO [main] org.apache.catalina.startup.VersionLoggerListener.log CATALINA_BASE:                     C:\Proyecto-3s\T03_BodegaLaEsquinita_P
28-Oct-2024 19:40:34.465 INFO [main] org.apache.catalina.startup.VersionLoggerListener.log CATALINA_HOME:                     C:\ValleGrande\IntelliJ\apache-tomcat-9.0.93
28-Oct-2024 19:40:34.493 INFO [main] org.apache.catalina.startup.VersionLoggerListener.log Command line argument:             --add-opens=java.base/java.lang=ALL-UNNAMED
28-Oct-2024 19:40:34.494 INFO [main] org.apache.catalina.startup.VersionLoggerListener.log Command line argument:             --add-opens=java.base/java.io=ALL-UNNAMED
28-Oct-2024 19:40:34.494 INFO [main] org.apache.catalina.startup.VersionLoggerListener.log Command line argument:             --add-opens=java.base/java.util=ALL-UNNAMED
28-Oct-2024 19:40:34.495 INFO [main] org.apache.catalina.startup.VersionLoggerListener.log Command line argument:             --add-opens=java.base/java.util.concurrent=ALL-UNNAMED
28-Oct-2024 19:40:34.496 INFO [main] org.apache.catalina.startup.VersionLoggerListener.log Command line argument:             --add-opens=java.rmi/sun.rmi.transport=ALL-UNNAMED
28-Oct-2024 19:40:34.498 INFO [main] org.apache.catalina.startup.VersionLoggerListener.log Command line argument:             -Dcatalina.home=C:\..\ValleGrande\IntelliJ\apache-tomcat-9.0.93
28-Oct-2024 19:40:34.499 INFO [main] org.apache.catalina.startup.VersionLoggerListener.log Command line argument:             -Dcatalina.base=C:\Proyecto-3s\T03_BodegaLaEsquinita_P
28-Oct-2024 19:40:34.500 INFO [main] org.apache.catalina.startup.VersionLoggerListener.log Command line argument:             -Djava.io.tmpdir=C:\Proyecto-3s\T03_BodegaLaEsquinita_P\temp
28-Oct-2024 19:40:34.500 INFO [main] org.apache.catalina.startup.VersionLoggerListener.log Command line argument:             -Djava.util.logging.config.file=C:\Proyecto-3s\T03_BodegaLaEsquinita_P\conf\logging.properties
28-Oct-2024 19:40:34.501 INFO [main] org.apache.catalina.startup.VersionLoggerListener.log Command line argument:             -Djava.util.logging.manager=org.apache.juli.ClassLoaderLogManager
28-Oct-2024 19:40:34.501 INFO [main] org.apache.catalina.startup.VersionLoggerListener.log Command line argument:             -javaagent:C:\Program Files\JetBrains\IntelliJ IDEA 2024.2.1\lib\idea_rt.jar=61409:C:\Program Files\JetBrains\IntelliJ IDEA 2024.2.1\bin
28-Oct-2024 19:40:34.501 INFO [main] org.apache.catalina.startup.VersionLoggerListener.log Command line argument:             -Dfile.encoding=UTF-8
28-Oct-2024 19:40:34.519 INFO [main] org.apache.catalina.core.AprLifecycleListener.lifecycleEvent Cargada la biblioteca nativa APR de Apache Tomcat [1.3.1] con la versión APR [1.7.4].
28-Oct-2024 19:40:34.519 INFO [main] org.apache.catalina.core.AprLifecycleListener.lifecycleEvent Capacidades APR: IPv6 [true], enviar fichero [true], aceptar filtros [false], aleatorio [true], UDS [true].
28-Oct-2024 19:40:34.519 INFO [main] org.apache.catalina.core.AprLifecycleListener.lifecycleEvent APR/OpenSSL configuration: useAprConnector [false], useOpenSSL [true]
28-Oct-2024 19:40:34.563 INFO [main] org.apache.catalina.core.AprLifecycleListener.initializeSSL OpenSSL inicializado correctamente [OpenSSL 3.0.14 4 Jun 2024]
28-Oct-2024 19:40:35.237 INFO [main] org.apache.coyote.AbstractProtocol.init Inicializando el manejador de protocolo ["http-nio-8080"]

28-Oct-2024 19:40:35.276 INFO [main] org.apache.catalina.startup.Catalina.load Server initialization in [1348] milliseconds
28-Oct-2024 19:40:35.369 INFO [main] org.apache.catalina.core.StandardService.startInternal Arrancando servicio [Catalina]
28-Oct-2024 19:40:35.370 INFO [main] org.apache.catalina.core.StandardEngine.startInternal Starting Servlet engine: [Apache Tomcat/9.0.93]
28-Oct-2024 19:40:35.390 INFO [main] org.apache.catalina.startup.HostConfig.deployDescriptor Desplieque del descriptor de configuración [C:\Proyecto-3s\T03_BodegaLaEsquinita_P\conf\Catalina\localhost\T03_BodegaLaEsquinita_P.xml]
28-Oct-2024 19:40:37.326 INFO [main] org.apache.jasper.servlet.TldScanner.scanJars Al menos un JAR, que se ha explorado buscando TLDs, aún no contenía TLDs. Activar historial de depuración para este historiador para una completa lista de los JARs que fueron explorados y de los que nos se halló TLDs. Saltarse JARs no necesarios durante la exploración puede dar lugar a una mejora de tiempo significativa en el arranque y compilación de JSP .
28-Oct-2024 19:40:37.638 INFO [main] org.apache.catalina.startup.HostConfig.deployDescriptor Deployment of deployment descriptor [C:\Proyecto-3s\T03_BodegaLaEsquinita_P\conf\Catalina\localhost\T03_BodegaLaEsquinita_P.xml] has finished in [2.242] ms
28-Oct-2024 19:40:37.650 INFO [main] org.apache.coyote.AbstractProtocol.start Starting ProtocolHandler ["http-nio-8080"]
28-Oct-2024 19:40:37.749 INFO [main] org.apache.catalina.startup.Catalina.start Server startup in [2471] milliseconds
28-Oct-2024 19:44:26.741 INFO [Thread-1] org.apache.coyote.AbstractProtocol.pause Pausing ProtocolHandler ["http-nio-8080"]
28-Oct-2024 19:44:27.109 INFO [Thread-1] org.apache.catalina.core.StandardService.stopInternal Parando servicio [Catalina]
28-Oct-2024 19:44:27.367 WARNING [Thread-1] org.apache.catalina.loader.WebappClassLoaderBase.clearReferencesJdbc La aplicación web [T03_BodegaLaEsquinita_P] registró el conductor JDBC [com.microsoft.sqlserver.jdbc.SQLServerDriver] pero falló al anular el registro mientras la aplicación web estaba parada. Para prevenir un fallo de memoria, se ha anulado el registro del conductor JDBC por la fuerza.
28-Oct-2024 19:44:27.409 INFO [Thread-1] org.apache.coyote.AbstractProtocol.stop Stopping ProtocolHandler ["http-nio-8080"]
28-Oct-2024 19:44:27.431 INFO [Thread-1] org.apache.coyote.AbstractProtocol.destroy Destroying ProtocolHandler ["http-nio-8080"]
28-Oct-2024 19:44:39.631 INFO [main] org.apache.catalina.startup.VersionLoggerListener.log Nombre de la versión del servidor: Apache Tomcat/9.0.93
28-Oct-2024 19:44:39.640 INFO [main] org.apache.catalina.startup.VersionLoggerListener.log Server built:                      Aug 2 2024 21:24:59 UTC
28-Oct-2024 19:44:39.640 INFO [main] org.apache.catalina.startup.VersionLoggerListener.log Número de versión de servidor:     9.0.93.0
28-Oct-2024 19:44:39.640 INFO [main] org.apache.catalina.startup.VersionLoggerListener.log OS Name:                           Windows 11
28-Oct-2024 19:44:39.641 INFO [main] org.apache.catalina.startup.VersionLoggerListener.log Versión de Systema Operativo:      10.0
28-Oct-2024 19:44:39.641 INFO [main] org.apache.catalina.startup.VersionLoggerListener.log Arquitectura:                      amd64
28-Oct-2024 19:44:39.641 INFO [main] org.apache.catalina.startup.VersionLoggerListener.log Java Home:                         C:\Program Files\Java\jdk-17
28-Oct-2024 19:44:39.641 INFO [main] org.apache.catalina.startup.VersionLoggerListener.log JVM Version:                       17.0.10+11-LTS-240
28-Oct-2024 19:44:39.641 INFO [main] org.apache.catalina.startup.VersionLoggerListener.log Vededor JVM:                       Oracle Corporation
28-Oct-2024 19:44:39.641 INFO [main] org.apache.catalina.startup.VersionLoggerListener.log CATALINA_BASE:                     C:\Proyecto-3s\T03_BodegaLaEsquinita_P
28-Oct-2024 19:44:39.642 INFO [main] org.apache.catalina.startup.VersionLoggerListener.log CATALINA_HOME:                     C:\ValleGrande\IntelliJ\apache-tomcat-9.0.93
28-Oct-2024 19:44:39.661 INFO [main] org.apache.catalina.startup.VersionLoggerListener.log Command line argument:             --add-opens=java.base/java.lang=ALL-UNNAMED
28-Oct-2024 19:44:39.662 INFO [main] org.apache.catalina.startup.VersionLoggerListener.log Command line argument:             --add-opens=java.base/java.io=ALL-UNNAMED
28-Oct-2024 19:44:39.662 INFO [main] org.apache.catalina.startup.VersionLoggerListener.log Command line argument:             --add-opens=java.base/java.util=ALL-UNNAMED
28-Oct-2024 19:44:39.662 INFO [main] org.apache.catalina.startup.VersionLoggerListener.log Command line argument:             --add-opens=java.base/java.util.concurrent=ALL-UNNAMED
28-Oct-2024 19:44:39.663 INFO [main] org.apache.catalina.startup.VersionLoggerListener.log Command line argument:             --add-opens=java.rmi/sun.rmi.transport=ALL-UNNAMED
28-Oct-2024 19:44:39.663 INFO [main] org.apache.catalina.startup.VersionLoggerListener.log Command line argument:             -Dcatalina.home=C:\..\ValleGrande\IntelliJ\apache-tomcat-9.0.93
28-Oct-2024 19:44:39.663 INFO [main] org.apache.catalina.startup.VersionLoggerListener.log Command line argument:             -Dcatalina.base=C:\Proyecto-3s\T03_BodegaLaEsquinita_P
28-Oct-2024 19:44:39.663 INFO [main] org.apache.catalina.startup.VersionLoggerListener.log Command line argument:             -Djava.io.tmpdir=C:\Proyecto-3s\T03_BodegaLaEsquinita_P\temp
28-Oct-2024 19:44:39.663 INFO [main] org.apache.catalina.startup.VersionLoggerListener.log Command line argument:             -Djava.util.logging.config.file=C:\Proyecto-3s\T03_BodegaLaEsquinita_P\conf\logging.properties
28-Oct-2024 19:44:39.663 INFO [main] org.apache.catalina.startup.VersionLoggerListener.log Command line argument:             -Djava.util.logging.manager=org.apache.juli.ClassLoaderLogManager
28-Oct-2024 19:44:39.664 INFO [main] org.apache.catalina.startup.VersionLoggerListener.log Command line argument:             -javaagent:C:\Program Files\JetBrains\IntelliJ IDEA 2024.2.1\lib\idea_rt.jar=61613:C:\Program Files\JetBrains\IntelliJ IDEA 2024.2.1\bin
28-Oct-2024 19:44:39.664 INFO [main] org.apache.catalina.startup.VersionLoggerListener.log Command line argument:             -Dfile.encoding=UTF-8
28-Oct-2024 19:44:39.676 INFO [main] org.apache.catalina.core.AprLifecycleListener.lifecycleEvent Cargada la biblioteca nativa APR de Apache Tomcat [1.3.1] con la versión APR [1.7.4].
28-Oct-2024 19:44:39.676 INFO [main] org.apache.catalina.core.AprLifecycleListener.lifecycleEvent Capacidades APR: IPv6 [true], enviar fichero [true], aceptar filtros [false], aleatorio [true], UDS [true].
28-Oct-2024 19:44:39.676 INFO [main] org.apache.catalina.core.AprLifecycleListener.lifecycleEvent APR/OpenSSL configuration: useAprConnector [false], useOpenSSL [true]
28-Oct-2024 19:44:39.715 INFO [main] org.apache.catalina.core.AprLifecycleListener.initializeSSL OpenSSL inicializado correctamente [OpenSSL 3.0.14 4 Jun 2024]
28-Oct-2024 19:44:40.244 INFO [main] org.apache.coyote.AbstractProtocol.init Inicializando el manejador de protocolo ["http-nio-8080"]

28-Oct-2024 19:44:40.282 INFO [main] org.apache.catalina.startup.Catalina.load Server initialization in [1129] milliseconds
28-Oct-2024 19:44:40.376 INFO [main] org.apache.catalina.core.StandardService.startInternal Arrancando servicio [Catalina]
28-Oct-2024 19:44:40.377 INFO [main] org.apache.catalina.core.StandardEngine.startInternal Starting Servlet engine: [Apache Tomcat/9.0.93]
28-Oct-2024 19:44:40.392 INFO [main] org.apache.catalina.startup.HostConfig.deployDescriptor Desplieque del descriptor de configuración [C:\Proyecto-3s\T03_BodegaLaEsquinita_P\conf\Catalina\localhost\T03_BodegaLaEsquinita_P.xml]
28-Oct-2024 19:44:41.681 INFO [main] org.apache.jasper.servlet.TldScanner.scanJars Al menos un JAR, que se ha explorado buscando TLDs, aún no contenía TLDs. Activar historial de depuración para este historiador para una completa lista de los JARs que fueron explorados y de los que nos se halló TLDs. Saltarse JARs no necesarios durante la exploración puede dar lugar a una mejora de tiempo significativa en el arranque y compilación de JSP .
28-Oct-2024 19:44:41.859 INFO [main] org.apache.catalina.startup.HostConfig.deployDescriptor Deployment of deployment descriptor [C:\Proyecto-3s\T03_BodegaLaEsquinita_P\conf\Catalina\localhost\T03_BodegaLaEsquinita_P.xml] has finished in [1.462] ms
28-Oct-2024 19:44:41.868 INFO [main] org.apache.coyote.AbstractProtocol.start Starting ProtocolHandler ["http-nio-8080"]
28-Oct-2024 19:44:41.947 INFO [main] org.apache.catalina.startup.Catalina.start Server startup in [1664] milliseconds
28-Oct-2024 19:47:26.413 INFO [Thread-1] org.apache.coyote.AbstractProtocol.pause Pausing ProtocolHandler ["http-nio-8080"]
28-Oct-2024 19:47:26.730 INFO [Thread-1] org.apache.catalina.core.StandardService.stopInternal Parando servicio [Catalina]
28-Oct-2024 19:47:26.924 WARNING [Thread-1] org.apache.catalina.loader.WebappClassLoaderBase.clearReferencesJdbc La aplicación web [T03_BodegaLaEsquinita_P] registró el conductor JDBC [com.microsoft.sqlserver.jdbc.SQLServerDriver] pero falló al anular el registro mientras la aplicación web estaba parada. Para prevenir un fallo de memoria, se ha anulado el registro del conductor JDBC por la fuerza.
28-Oct-2024 19:47:26.990 INFO [Thread-1] org.apache.coyote.AbstractProtocol.stop Stopping ProtocolHandler ["http-nio-8080"]
28-Oct-2024 19:47:27.009 INFO [Thread-1] org.apache.coyote.AbstractProtocol.destroy Destroying ProtocolHandler ["http-nio-8080"]
28-Oct-2024 19:47:40.950 INFO [main] org.apache.catalina.startup.VersionLoggerListener.log Nombre de la versión del servidor: Apache Tomcat/9.0.93
28-Oct-2024 19:47:40.959 INFO [main] org.apache.catalina.startup.VersionLoggerListener.log Server built:                      Aug 2 2024 21:24:59 UTC
28-Oct-2024 19:47:40.959 INFO [main] org.apache.catalina.startup.VersionLoggerListener.log Número de versión de servidor:     9.0.93.0
28-Oct-2024 19:47:40.959 INFO [main] org.apache.catalina.startup.VersionLoggerListener.log OS Name:                           Windows 11
28-Oct-2024 19:47:40.959 INFO [main] org.apache.catalina.startup.VersionLoggerListener.log Versión de Systema Operativo:      10.0
28-Oct-2024 19:47:40.960 INFO [main] org.apache.catalina.startup.VersionLoggerListener.log Arquitectura:                      amd64
28-Oct-2024 19:47:40.961 INFO [main] org.apache.catalina.startup.VersionLoggerListener.log Java Home:                         C:\Program Files\Java\jdk-17
28-Oct-2024 19:47:40.961 INFO [main] org.apache.catalina.startup.VersionLoggerListener.log JVM Version:                       17.0.10+11-LTS-240
28-Oct-2024 19:47:40.961 INFO [main] org.apache.catalina.startup.VersionLoggerListener.log Vededor JVM:                       Oracle Corporation
28-Oct-2024 19:47:40.961 INFO [main] org.apache.catalina.startup.VersionLoggerListener.log CATALINA_BASE:                     C:\Proyecto-3s\T03_BodegaLaEsquinita_P
28-Oct-2024 19:47:40.962 INFO [main] org.apache.catalina.startup.VersionLoggerListener.log CATALINA_HOME:                     C:\ValleGrande\IntelliJ\apache-tomcat-9.0.93
28-Oct-2024 19:47:40.981 INFO [main] org.apache.catalina.startup.VersionLoggerListener.log Command line argument:             --add-opens=java.base/java.lang=ALL-UNNAMED
28-Oct-2024 19:47:40.981 INFO [main] org.apache.catalina.startup.VersionLoggerListener.log Command line argument:             --add-opens=java.base/java.io=ALL-UNNAMED
28-Oct-2024 19:47:40.981 INFO [main] org.apache.catalina.startup.VersionLoggerListener.log Command line argument:             --add-opens=java.base/java.util=ALL-UNNAMED
28-Oct-2024 19:47:40.982 INFO [main] org.apache.catalina.startup.VersionLoggerListener.log Command line argument:             --add-opens=java.base/java.util.concurrent=ALL-UNNAMED
28-Oct-2024 19:47:40.982 INFO [main] org.apache.catalina.startup.VersionLoggerListener.log Command line argument:             --add-opens=java.rmi/sun.rmi.transport=ALL-UNNAMED
28-Oct-2024 19:47:40.982 INFO [main] org.apache.catalina.startup.VersionLoggerListener.log Command line argument:             -Dcatalina.home=C:\..\ValleGrande\IntelliJ\apache-tomcat-9.0.93
28-Oct-2024 19:47:40.982 INFO [main] org.apache.catalina.startup.VersionLoggerListener.log Command line argument:             -Dcatalina.base=C:\Proyecto-3s\T03_BodegaLaEsquinita_P
28-Oct-2024 19:47:40.982 INFO [main] org.apache.catalina.startup.VersionLoggerListener.log Command line argument:             -Djava.io.tmpdir=C:\Proyecto-3s\T03_BodegaLaEsquinita_P\temp
28-Oct-2024 19:47:40.983 INFO [main] org.apache.catalina.startup.VersionLoggerListener.log Command line argument:             -Djava.util.logging.config.file=C:\Proyecto-3s\T03_BodegaLaEsquinita_P\conf\logging.properties
28-Oct-2024 19:47:40.983 INFO [main] org.apache.catalina.startup.VersionLoggerListener.log Command line argument:             -Djava.util.logging.manager=org.apache.juli.ClassLoaderLogManager
28-Oct-2024 19:47:40.983 INFO [main] org.apache.catalina.startup.VersionLoggerListener.log Command line argument:             -javaagent:C:\Program Files\JetBrains\IntelliJ IDEA 2024.2.1\lib\idea_rt.jar=61697:C:\Program Files\JetBrains\IntelliJ IDEA 2024.2.1\bin
28-Oct-2024 19:47:40.983 INFO [main] org.apache.catalina.startup.VersionLoggerListener.log Command line argument:             -Dfile.encoding=UTF-8
28-Oct-2024 19:47:40.994 INFO [main] org.apache.catalina.core.AprLifecycleListener.lifecycleEvent Cargada la biblioteca nativa APR de Apache Tomcat [1.3.1] con la versión APR [1.7.4].
28-Oct-2024 19:47:40.996 INFO [main] org.apache.catalina.core.AprLifecycleListener.lifecycleEvent Capacidades APR: IPv6 [true], enviar fichero [true], aceptar filtros [false], aleatorio [true], UDS [true].
28-Oct-2024 19:47:40.996 INFO [main] org.apache.catalina.core.AprLifecycleListener.lifecycleEvent APR/OpenSSL configuration: useAprConnector [false], useOpenSSL [true]
28-Oct-2024 19:47:41.034 INFO [main] org.apache.catalina.core.AprLifecycleListener.initializeSSL OpenSSL inicializado correctamente [OpenSSL 3.0.14 4 Jun 2024]
28-Oct-2024 19:47:41.685 INFO [main] org.apache.coyote.AbstractProtocol.init Inicializando el manejador de protocolo ["http-nio-8080"]

28-Oct-2024 19:47:41.744 INFO [main] org.apache.catalina.startup.Catalina.load Server initialization in [1297] milliseconds
28-Oct-2024 19:47:41.860 INFO [main] org.apache.catalina.core.StandardService.startInternal Arrancando servicio [Catalina]
28-Oct-2024 19:47:41.860 INFO [main] org.apache.catalina.core.StandardEngine.startInternal Starting Servlet engine: [Apache Tomcat/9.0.93]
28-Oct-2024 19:47:41.889 INFO [main] org.apache.catalina.startup.HostConfig.deployDescriptor Desplieque del descriptor de configuración [C:\Proyecto-3s\T03_BodegaLaEsquinita_P\conf\Catalina\localhost\T03_BodegaLaEsquinita_P.xml]
28-Oct-2024 19:47:43.651 INFO [main] org.apache.jasper.servlet.TldScanner.scanJars Al menos un JAR, que se ha explorado buscando TLDs, aún no contenía TLDs. Activar historial de depuración para este historiador para una completa lista de los JARs que fueron explorados y de los que nos se halló TLDs. Saltarse JARs no necesarios durante la exploración puede dar lugar a una mejora de tiempo significativa en el arranque y compilación de JSP .
28-Oct-2024 19:47:43.954 WARNING [main] org.apache.catalina.util.SessionIdGeneratorBase.createSecureRandom Creation of SecureRandom instance for session ID generation using [SHA1PRNG] took [121] milliseconds.
28-Oct-2024 19:47:44.042 INFO [main] org.apache.catalina.startup.HostConfig.deployDescriptor Deployment of deployment descriptor [C:\Proyecto-3s\T03_BodegaLaEsquinita_P\conf\Catalina\localhost\T03_BodegaLaEsquinita_P.xml] has finished in [2.154] ms
28-Oct-2024 19:47:44.056 INFO [main] org.apache.coyote.AbstractProtocol.start Starting ProtocolHandler ["http-nio-8080"]
28-Oct-2024 19:47:44.137 INFO [main] org.apache.catalina.startup.Catalina.start Server startup in [2391] milliseconds
28-Oct-2024 19:49:06.026 INFO [main] org.apache.catalina.startup.VersionLoggerListener.log Nombre de la versión del servidor: Apache Tomcat/9.0.93
28-Oct-2024 19:49:06.034 INFO [main] org.apache.catalina.startup.VersionLoggerListener.log Server built:                      Aug 2 2024 21:24:59 UTC
28-Oct-2024 19:49:06.034 INFO [main] org.apache.catalina.startup.VersionLoggerListener.log Número de versión de servidor:     9.0.93.0
28-Oct-2024 19:49:06.035 INFO [main] org.apache.catalina.startup.VersionLoggerListener.log OS Name:                           Windows 11
28-Oct-2024 19:49:06.035 INFO [main] org.apache.catalina.startup.VersionLoggerListener.log Versión de Systema Operativo:      10.0
28-Oct-2024 19:49:06.035 INFO [main] org.apache.catalina.startup.VersionLoggerListener.log Arquitectura:                      amd64
28-Oct-2024 19:49:06.035 INFO [main] org.apache.catalina.startup.VersionLoggerListener.log Java Home:                         C:\Program Files\Java\jdk-17
28-Oct-2024 19:49:06.035 INFO [main] org.apache.catalina.startup.VersionLoggerListener.log JVM Version:                       17.0.10+11-LTS-240
28-Oct-2024 19:49:06.037 INFO [main] org.apache.catalina.startup.VersionLoggerListener.log Vededor JVM:                       Oracle Corporation
28-Oct-2024 19:49:06.037 INFO [main] org.apache.catalina.startup.VersionLoggerListener.log CATALINA_BASE:                     C:\Proyecto-3s\T03_BodegaLaEsquinita_P
28-Oct-2024 19:49:06.037 INFO [main] org.apache.catalina.startup.VersionLoggerListener.log CATALINA_HOME:                     C:\ValleGrande\IntelliJ\apache-tomcat-9.0.93
28-Oct-2024 19:49:06.055 INFO [main] org.apache.catalina.startup.VersionLoggerListener.log Command line argument:             --add-opens=java.base/java.lang=ALL-UNNAMED
28-Oct-2024 19:49:06.055 INFO [main] org.apache.catalina.startup.VersionLoggerListener.log Command line argument:             --add-opens=java.base/java.io=ALL-UNNAMED
28-Oct-2024 19:49:06.056 INFO [main] org.apache.catalina.startup.VersionLoggerListener.log Command line argument:             --add-opens=java.base/java.util=ALL-UNNAMED
28-Oct-2024 19:49:06.056 INFO [main] org.apache.catalina.startup.VersionLoggerListener.log Command line argument:             --add-opens=java.base/java.util.concurrent=ALL-UNNAMED
28-Oct-2024 19:49:06.056 INFO [main] org.apache.catalina.startup.VersionLoggerListener.log Command line argument:             --add-opens=java.rmi/sun.rmi.transport=ALL-UNNAMED
28-Oct-2024 19:49:06.056 INFO [main] org.apache.catalina.startup.VersionLoggerListener.log Command line argument:             -Dcatalina.home=C:\..\ValleGrande\IntelliJ\apache-tomcat-9.0.93
28-Oct-2024 19:49:06.056 INFO [main] org.apache.catalina.startup.VersionLoggerListener.log Command line argument:             -Dcatalina.base=C:\Proyecto-3s\T03_BodegaLaEsquinita_P
28-Oct-2024 19:49:06.056 INFO [main] org.apache.catalina.startup.VersionLoggerListener.log Command line argument:             -Djava.io.tmpdir=C:\Proyecto-3s\T03_BodegaLaEsquinita_P\temp
28-Oct-2024 19:49:06.056 INFO [main] org.apache.catalina.startup.VersionLoggerListener.log Command line argument:             -Djava.util.logging.config.file=C:\Proyecto-3s\T03_BodegaLaEsquinita_P\conf\logging.properties
28-Oct-2024 19:49:06.056 INFO [main] org.apache.catalina.startup.VersionLoggerListener.log Command line argument:             -Djava.util.logging.manager=org.apache.juli.ClassLoaderLogManager
28-Oct-2024 19:49:06.056 INFO [main] org.apache.catalina.startup.VersionLoggerListener.log Command line argument:             -javaagent:C:\Program Files\JetBrains\IntelliJ IDEA 2024.2.1\lib\idea_rt.jar=61765:C:\Program Files\JetBrains\IntelliJ IDEA 2024.2.1\bin
28-Oct-2024 19:49:06.058 INFO [main] org.apache.catalina.startup.VersionLoggerListener.log Command line argument:             -Dfile.encoding=UTF-8
28-Oct-2024 19:49:06.070 INFO [main] org.apache.catalina.core.AprLifecycleListener.lifecycleEvent Cargada la biblioteca nativa APR de Apache Tomcat [1.3.1] con la versión APR [1.7.4].
28-Oct-2024 19:49:06.071 INFO [main] org.apache.catalina.core.AprLifecycleListener.lifecycleEvent Capacidades APR: IPv6 [true], enviar fichero [true], aceptar filtros [false], aleatorio [true], UDS [true].
28-Oct-2024 19:49:06.071 INFO [main] org.apache.catalina.core.AprLifecycleListener.lifecycleEvent APR/OpenSSL configuration: useAprConnector [false], useOpenSSL [true]
28-Oct-2024 19:49:06.106 INFO [main] org.apache.catalina.core.AprLifecycleListener.initializeSSL OpenSSL inicializado correctamente [OpenSSL 3.0.14 4 Jun 2024]
28-Oct-2024 19:49:06.633 INFO [main] org.apache.coyote.AbstractProtocol.init Inicializando el manejador de protocolo ["http-nio-8080"]

28-Oct-2024 19:49:06.651 SEVERE [main] org.apache.catalina.util.LifecycleBase.handleSubClassException Fallo al iniciar el componente [Connector["http-nio-8080"]]
	org.apache.catalina.LifecycleException: Falló la inicialización del manejador de protocolo
		at org.apache.catalina.connector.Connector.initInternal(Connector.java:1027)
		at org.apache.catalina.util.LifecycleBase.init(LifecycleBase.java:122)
		at org.apache.catalina.core.StandardService.initInternal(StandardService.java:525)
		at org.apache.catalina.util.LifecycleBase.init(LifecycleBase.java:122)
		at org.apache.catalina.core.StandardServer.initInternal(StandardServer.java:990)
		at org.apache.catalina.util.LifecycleBase.init(LifecycleBase.java:122)
		at org.apache.catalina.startup.Catalina.load(Catalina.java:686)
		at org.apache.catalina.startup.Catalina.load(Catalina.java:709)
		at java.base/jdk.internal.reflect.NativeMethodAccessorImpl.invoke0(Native Method)
		at java.base/jdk.internal.reflect.NativeMethodAccessorImpl.invoke(NativeMethodAccessorImpl.java:77)
		at java.base/jdk.internal.reflect.DelegatingMethodAccessorImpl.invoke(DelegatingMethodAccessorImpl.java:43)
		at java.base/java.lang.reflect.Method.invoke(Method.java:568)
		at org.apache.catalina.startup.Bootstrap.load(Bootstrap.java:302)
		at org.apache.catalina.startup.Bootstrap.main(Bootstrap.java:472)
	Caused by: java.net.BindException: Address already in use: bind
		at java.base/sun.nio.ch.Net.bind0(Native Method)
		at java.base/sun.nio.ch.Net.bind(Net.java:555)
		at java.base/sun.nio.ch.ServerSocketChannelImpl.netBind(ServerSocketChannelImpl.java:337)
		at java.base/sun.nio.ch.ServerSocketChannelImpl.bind(ServerSocketChannelImpl.java:294)
		at org.apache.tomcat.util.net.NioEndpoint.initServerSocket(NioEndpoint.java:268)
		at org.apache.tomcat.util.net.NioEndpoint.bind(NioEndpoint.java:223)
		at org.apache.tomcat.util.net.AbstractEndpoint.bindWithCleanup(AbstractEndpoint.java:1373)
		at org.apache.tomcat.util.net.AbstractEndpoint.init(AbstractEndpoint.java:1386)
		at org.apache.coyote.AbstractProtocol.init(AbstractProtocol.java:662)
		at org.apache.coyote.http11.AbstractHttp11Protocol.init(AbstractHttp11Protocol.java:77)
		at org.apache.catalina.connector.Connector.initInternal(Connector.java:1025)
		... 13 more
28-Oct-2024 19:49:06.653 INFO [main] org.apache.catalina.startup.Catalina.load Server initialization in [1043] milliseconds
28-Oct-2024 19:49:06.752 INFO [main] org.apache.catalina.core.StandardService.startInternal Arrancando servicio [Catalina]
28-Oct-2024 19:49:06.753 INFO [main] org.apache.catalina.core.StandardEngine.startInternal Starting Servlet engine: [Apache Tomcat/9.0.93]
28-Oct-2024 19:49:06.772 INFO [main] org.apache.catalina.startup.HostConfig.deployDescriptor Desplieque del descriptor de configuración [C:\Proyecto-3s\T03_BodegaLaEsquinita_P\conf\Catalina\localhost\T03_BodegaLaEsquinita_P.xml]
28-Oct-2024 19:49:08.511 INFO [main] org.apache.jasper.servlet.TldScanner.scanJars Al menos un JAR, que se ha explorado buscando TLDs, aún no contenía TLDs. Activar historial de depuración para este historiador para una completa lista de los JARs que fueron explorados y de los que nos se halló TLDs. Saltarse JARs no necesarios durante la exploración puede dar lugar a una mejora de tiempo significativa en el arranque y compilación de JSP .
28-Oct-2024 19:49:08.681 INFO [main] org.apache.catalina.startup.HostConfig.deployDescriptor Deployment of deployment descriptor [C:\Proyecto-3s\T03_BodegaLaEsquinita_P\conf\Catalina\localhost\T03_BodegaLaEsquinita_P.xml] has finished in [1.897] ms
28-Oct-2024 19:49:08.692 INFO [main] org.apache.catalina.startup.Catalina.start Server startup in [2038] milliseconds
28-Oct-2024 19:49:08.719 SEVERE [main] org.apache.catalina.core.StandardServer.await Failed to create server shutdown socket on address [localhost] and port [8005] (base port [8005] and offset [0])
	java.net.BindException: Address already in use: bind
		at java.base/sun.nio.ch.Net.bind0(Native Method)
		at java.base/sun.nio.ch.Net.bind(Net.java:555)
		at java.base/sun.nio.ch.Net.bind(Net.java:544)
		at java.base/sun.nio.ch.NioSocketImpl.bind(NioSocketImpl.java:648)
		at java.base/java.net.ServerSocket.bind(ServerSocket.java:388)
		at java.base/java.net.ServerSocket.<init>(ServerSocket.java:274)
		at org.apache.catalina.core.StandardServer.await(StandardServer.java:541)
		at org.apache.catalina.startup.Catalina.await(Catalina.java:825)
		at org.apache.catalina.startup.Catalina.start(Catalina.java:773)
		at java.base/jdk.internal.reflect.NativeMethodAccessorImpl.invoke0(Native Method)
		at java.base/jdk.internal.reflect.NativeMethodAccessorImpl.invoke(NativeMethodAccessorImpl.java:77)
		at java.base/jdk.internal.reflect.DelegatingMethodAccessorImpl.invoke(DelegatingMethodAccessorImpl.java:43)
		at java.base/java.lang.reflect.Method.invoke(Method.java:568)
		at org.apache.catalina.startup.Bootstrap.start(Bootstrap.java:345)
		at org.apache.catalina.startup.Bootstrap.main(Bootstrap.java:473)
28-Oct-2024 19:49:08.720 INFO [main] org.apache.coyote.AbstractProtocol.pause Pausing ProtocolHandler ["http-nio-8080"]
28-Oct-2024 19:49:08.721 INFO [main] org.apache.catalina.core.StandardService.stopInternal Parando servicio [Catalina]
28-Oct-2024 19:49:08.749 INFO [main] org.apache.coyote.AbstractProtocol.stop Stopping ProtocolHandler ["http-nio-8080"]
28-Oct-2024 19:49:08.751 INFO [main] org.apache.coyote.AbstractProtocol.destroy Destroying ProtocolHandler ["http-nio-8080"]
28-Oct-2024 19:49:14.661 INFO [Catalina-utility-1] org.apache.catalina.startup.HostConfig.undeploy Repliegue (undeploy) de la aplicación web que tiene como trayectoria de contexto [/T03_BodegaLaEsquinita_P]
28-Oct-2024 19:49:14.874 WARNING [Catalina-utility-1] org.apache.catalina.loader.WebappClassLoaderBase.clearReferencesJdbc La aplicación web [T03_BodegaLaEsquinita_P] registró el conductor JDBC [com.microsoft.sqlserver.jdbc.SQLServerDriver] pero falló al anular el registro mientras la aplicación web estaba parada. Para prevenir un fallo de memoria, se ha anulado el registro del conductor JDBC por la fuerza.
28-Oct-2024 19:49:14.916 INFO [Catalina-utility-1] org.apache.catalina.startup.HostConfig.deployDescriptor Desplieque del descriptor de configuración [C:\Proyecto-3s\T03_BodegaLaEsquinita_P\conf\Catalina\localhost\T03_BodegaLaEsquinita_P.xml]
28-Oct-2024 19:49:15.637 INFO [Catalina-utility-1] org.apache.jasper.servlet.TldScanner.scanJars Al menos un JAR, que se ha explorado buscando TLDs, aún no contenía TLDs. Activar historial de depuración para este historiador para una completa lista de los JARs que fueron explorados y de los que nos se halló TLDs. Saltarse JARs no necesarios durante la exploración puede dar lugar a una mejora de tiempo significativa en el arranque y compilación de JSP .
28-Oct-2024 19:49:15.689 INFO [Catalina-utility-1] org.apache.catalina.startup.HostConfig.deployDescriptor Deployment of deployment descriptor [C:\Proyecto-3s\T03_BodegaLaEsquinita_P\conf\Catalina\localhost\T03_BodegaLaEsquinita_P.xml] has finished in [772] ms
28-Oct-2024 20:01:50.489 INFO [Thread-1] org.apache.coyote.AbstractProtocol.pause Pausing ProtocolHandler ["http-nio-8080"]
28-Oct-2024 20:01:50.993 INFO [Thread-1] org.apache.catalina.core.StandardService.stopInternal Parando servicio [Catalina]
28-Oct-2024 20:01:51.090 WARNING [Thread-1] org.apache.catalina.loader.WebappClassLoaderBase.clearReferencesJdbc La aplicación web [T03_BodegaLaEsquinita_P] registró el conductor JDBC [com.microsoft.sqlserver.jdbc.SQLServerDriver] pero falló al anular el registro mientras la aplicación web estaba parada. Para prevenir un fallo de memoria, se ha anulado el registro del conductor JDBC por la fuerza.
28-Oct-2024 20:01:51.106 INFO [Thread-1] org.apache.coyote.AbstractProtocol.stop Stopping ProtocolHandler ["http-nio-8080"]
28-Oct-2024 20:01:51.146 INFO [Thread-1] org.apache.coyote.AbstractProtocol.destroy Destroying ProtocolHandler ["http-nio-8080"]
