25-Oct-2024 16:48:43.497 SEVERE [http-nio-8080-exec-3] org.apache.catalina.core.ApplicationDispatcher.invoke El Servlet.service() para servlet [jsp] lanzó una excepción
	javax.el.ELException: No puedo convertir [inactivo] desde tipo [class java.lang.String] a [class java.lang.Long]
		at org.apache.el.lang.ELSupport.coerceToNumber(ELSupport.java:396)
		at org.apache.el.lang.ELSupport.coerceToNumber(ELSupport.java:375)
		at org.apache.el.lang.ELSupport.equals(ELSupport.java:169)
		at org.apache.el.parser.AstEqual.getValue(AstEqual.java:38)
		at org.apache.el.parser.AstChoice.getValue(AstChoice.java:43)
		at org.apache.el.ValueExpressionImpl.getValue(ValueExpressionImpl.java:169)
		at org.apache.jasper.runtime.PageContextImpl.proprietaryEvaluate(PageContextImpl.java:690)
		at org.apache.jsp.productos_jsp._jspx_meth_c_005fforEach_005f0(productos_jsp.java:301)
		at org.apache.jsp.productos_jsp._jspService(productos_jsp.java:226)
		at org.apache.jasper.runtime.HttpJspBase.service(HttpJspBase.java:67)
		at javax.servlet.http.HttpServlet.service(HttpServlet.java:623)
		at org.apache.jasper.servlet.JspServletWrapper.service(JspServletWrapper.java:466)
		at org.apache.jasper.servlet.JspServlet.serviceJspFile(JspServlet.java:376)
		at org.apache.jasper.servlet.JspServlet.service(JspServlet.java:324)
		at javax.servlet.http.HttpServlet.service(HttpServlet.java:623)
		at org.apache.catalina.core.ApplicationFilterChain.internalDoFilter(ApplicationFilterChain.java:199)
		at org.apache.catalina.core.ApplicationFilterChain.doFilter(ApplicationFilterChain.java:144)
		at org.apache.tomcat.websocket.server.WsFilter.doFilter(WsFilter.java:51)
		at org.apache.catalina.core.ApplicationFilterChain.internalDoFilter(ApplicationFilterChain.java:168)
		at org.apache.catalina.core.ApplicationFilterChain.doFilter(ApplicationFilterChain.java:144)
		at org.apache.catalina.core.ApplicationDispatcher.invoke(ApplicationDispatcher.java:641)
		at org.apache.catalina.core.ApplicationDispatcher.processRequest(ApplicationDispatcher.java:415)
		at org.apache.catalina.core.ApplicationDispatcher.doForward(ApplicationDispatcher.java:347)
		at org.apache.catalina.core.ApplicationDispatcher.forward(ApplicationDispatcher.java:284)
		at pe.edu.vallegrande.controller.ProductController.listarProductos(ProductController.java:215)
		at pe.edu.vallegrande.controller.ProductController.service(ProductController.java:42)
		at javax.servlet.http.HttpServlet.service(HttpServlet.java:623)
		at org.apache.catalina.core.ApplicationFilterChain.internalDoFilter(ApplicationFilterChain.java:199)
		at org.apache.catalina.core.ApplicationFilterChain.doFilter(ApplicationFilterChain.java:144)
		at org.apache.tomcat.websocket.server.WsFilter.doFilter(WsFilter.java:51)
		at org.apache.catalina.core.ApplicationFilterChain.internalDoFilter(ApplicationFilterChain.java:168)
		at org.apache.catalina.core.ApplicationFilterChain.doFilter(ApplicationFilterChain.java:144)
		at org.apache.catalina.core.StandardWrapperValve.invoke(StandardWrapperValve.java:168)
		at org.apache.catalina.core.StandardContextValve.invoke(StandardContextValve.java:90)
		at org.apache.catalina.authenticator.AuthenticatorBase.invoke(AuthenticatorBase.java:482)
		at org.apache.catalina.core.StandardHostValve.invoke(StandardHostValve.java:130)
		at org.apache.catalina.valves.ErrorReportValve.invoke(ErrorReportValve.java:93)
		at org.apache.catalina.valves.AbstractAccessLogValve.invoke(AbstractAccessLogValve.java:660)
		at org.apache.catalina.core.StandardEngineValve.invoke(StandardEngineValve.java:74)
		at org.apache.catalina.connector.CoyoteAdapter.service(CoyoteAdapter.java:346)
		at org.apache.coyote.http11.Http11Processor.service(Http11Processor.java:383)
		at org.apache.coyote.AbstractProcessorLight.process(AbstractProcessorLight.java:63)
		at org.apache.coyote.AbstractProtocol$ConnectionHandler.process(AbstractProtocol.java:936)
		at org.apache.tomcat.util.net.NioEndpoint$SocketProcessor.doRun(NioEndpoint.java:1791)
		at org.apache.tomcat.util.net.SocketProcessorBase.run(SocketProcessorBase.java:52)
		at org.apache.tomcat.util.threads.ThreadPoolExecutor.runWorker(ThreadPoolExecutor.java:1190)
		at org.apache.tomcat.util.threads.ThreadPoolExecutor$Worker.run(ThreadPoolExecutor.java:659)
		at org.apache.tomcat.util.threads.TaskThread$WrappingRunnable.run(TaskThread.java:63)
		at java.base/java.lang.Thread.run(Thread.java:842)
25-Oct-2024 16:48:43.497 SEVERE [http-nio-8080-exec-3] org.apache.catalina.core.StandardWrapperValve.invoke El Servlet.service() para el servlet [pe.edu.vallegrande.controller.ProductController] en el contexto con ruta [/T03_BodegaLaEsquinita_P] lanzó la excepción [Ha sucedido una excepción al procesar la página JSP [/productos.jsp] en línea [101]

98:                 </thead>
99:                 <tbody id="listaProductos">
100:                 <c:forEach var="producto" items="${productListar}">
101:                     <tr id="fila-${producto.id}" class="${producto.status == 'inactivo' ? 'inactivo' : ''}">
102:                         <td>${producto.id}</td>
103:                         <td>${producto.name}</td>
104:                         <td>${producto.description}</td>


Stacktrace:] con causa raíz
	javax.el.ELException: No puedo convertir [inactivo] desde tipo [class java.lang.String] a [class java.lang.Long]
		at org.apache.el.lang.ELSupport.coerceToNumber(ELSupport.java:396)
		at org.apache.el.lang.ELSupport.coerceToNumber(ELSupport.java:375)
		at org.apache.el.lang.ELSupport.equals(ELSupport.java:169)
		at org.apache.el.parser.AstEqual.getValue(AstEqual.java:38)
		at org.apache.el.parser.AstChoice.getValue(AstChoice.java:43)
		at org.apache.el.ValueExpressionImpl.getValue(ValueExpressionImpl.java:169)
		at org.apache.jasper.runtime.PageContextImpl.proprietaryEvaluate(PageContextImpl.java:690)
		at org.apache.jsp.productos_jsp._jspx_meth_c_005fforEach_005f0(productos_jsp.java:301)
		at org.apache.jsp.productos_jsp._jspService(productos_jsp.java:226)
		at org.apache.jasper.runtime.HttpJspBase.service(HttpJspBase.java:67)
		at javax.servlet.http.HttpServlet.service(HttpServlet.java:623)
		at org.apache.jasper.servlet.JspServletWrapper.service(JspServletWrapper.java:466)
		at org.apache.jasper.servlet.JspServlet.serviceJspFile(JspServlet.java:376)
		at org.apache.jasper.servlet.JspServlet.service(JspServlet.java:324)
		at javax.servlet.http.HttpServlet.service(HttpServlet.java:623)
		at org.apache.catalina.core.ApplicationFilterChain.internalDoFilter(ApplicationFilterChain.java:199)
		at org.apache.catalina.core.ApplicationFilterChain.doFilter(ApplicationFilterChain.java:144)
		at org.apache.tomcat.websocket.server.WsFilter.doFilter(WsFilter.java:51)
		at org.apache.catalina.core.ApplicationFilterChain.internalDoFilter(ApplicationFilterChain.java:168)
		at org.apache.catalina.core.ApplicationFilterChain.doFilter(ApplicationFilterChain.java:144)
		at org.apache.catalina.core.ApplicationDispatcher.invoke(ApplicationDispatcher.java:641)
		at org.apache.catalina.core.ApplicationDispatcher.processRequest(ApplicationDispatcher.java:415)
		at org.apache.catalina.core.ApplicationDispatcher.doForward(ApplicationDispatcher.java:347)
		at org.apache.catalina.core.ApplicationDispatcher.forward(ApplicationDispatcher.java:284)
		at pe.edu.vallegrande.controller.ProductController.listarProductos(ProductController.java:215)
		at pe.edu.vallegrande.controller.ProductController.service(ProductController.java:42)
		at javax.servlet.http.HttpServlet.service(HttpServlet.java:623)
		at org.apache.catalina.core.ApplicationFilterChain.internalDoFilter(ApplicationFilterChain.java:199)
		at org.apache.catalina.core.ApplicationFilterChain.doFilter(ApplicationFilterChain.java:144)
		at org.apache.tomcat.websocket.server.WsFilter.doFilter(WsFilter.java:51)
		at org.apache.catalina.core.ApplicationFilterChain.internalDoFilter(ApplicationFilterChain.java:168)
		at org.apache.catalina.core.ApplicationFilterChain.doFilter(ApplicationFilterChain.java:144)
		at org.apache.catalina.core.StandardWrapperValve.invoke(StandardWrapperValve.java:168)
		at org.apache.catalina.core.StandardContextValve.invoke(StandardContextValve.java:90)
		at org.apache.catalina.authenticator.AuthenticatorBase.invoke(AuthenticatorBase.java:482)
		at org.apache.catalina.core.StandardHostValve.invoke(StandardHostValve.java:130)
		at org.apache.catalina.valves.ErrorReportValve.invoke(ErrorReportValve.java:93)
		at org.apache.catalina.valves.AbstractAccessLogValve.invoke(AbstractAccessLogValve.java:660)
		at org.apache.catalina.core.StandardEngineValve.invoke(StandardEngineValve.java:74)
		at org.apache.catalina.connector.CoyoteAdapter.service(CoyoteAdapter.java:346)
		at org.apache.coyote.http11.Http11Processor.service(Http11Processor.java:383)
		at org.apache.coyote.AbstractProcessorLight.process(AbstractProcessorLight.java:63)
		at org.apache.coyote.AbstractProtocol$ConnectionHandler.process(AbstractProtocol.java:936)
		at org.apache.tomcat.util.net.NioEndpoint$SocketProcessor.doRun(NioEndpoint.java:1791)
		at org.apache.tomcat.util.net.SocketProcessorBase.run(SocketProcessorBase.java:52)
		at org.apache.tomcat.util.threads.ThreadPoolExecutor.runWorker(ThreadPoolExecutor.java:1190)
		at org.apache.tomcat.util.threads.ThreadPoolExecutor$Worker.run(ThreadPoolExecutor.java:659)
		at org.apache.tomcat.util.threads.TaskThread$WrappingRunnable.run(TaskThread.java:63)
		at java.base/java.lang.Thread.run(Thread.java:842)
25-Oct-2024 16:48:45.404 SEVERE [http-nio-8080-exec-7] org.apache.catalina.core.ApplicationDispatcher.invoke El Servlet.service() para servlet [jsp] lanzó una excepción
	javax.el.ELException: No puedo convertir [inactivo] desde tipo [class java.lang.String] a [class java.lang.Long]
		at org.apache.el.lang.ELSupport.coerceToNumber(ELSupport.java:396)
		at org.apache.el.lang.ELSupport.coerceToNumber(ELSupport.java:375)
		at org.apache.el.lang.ELSupport.equals(ELSupport.java:169)
		at org.apache.el.parser.AstEqual.getValue(AstEqual.java:38)
		at org.apache.el.parser.AstChoice.getValue(AstChoice.java:43)
		at org.apache.el.ValueExpressionImpl.getValue(ValueExpressionImpl.java:169)
		at org.apache.jasper.runtime.PageContextImpl.proprietaryEvaluate(PageContextImpl.java:690)
		at org.apache.jsp.productos_jsp._jspx_meth_c_005fforEach_005f0(productos_jsp.java:301)
		at org.apache.jsp.productos_jsp._jspService(productos_jsp.java:226)
		at org.apache.jasper.runtime.HttpJspBase.service(HttpJspBase.java:67)
		at javax.servlet.http.HttpServlet.service(HttpServlet.java:623)
		at org.apache.jasper.servlet.JspServletWrapper.service(JspServletWrapper.java:466)
		at org.apache.jasper.servlet.JspServlet.serviceJspFile(JspServlet.java:376)
		at org.apache.jasper.servlet.JspServlet.service(JspServlet.java:324)
		at javax.servlet.http.HttpServlet.service(HttpServlet.java:623)
		at org.apache.catalina.core.ApplicationFilterChain.internalDoFilter(ApplicationFilterChain.java:199)
		at org.apache.catalina.core.ApplicationFilterChain.doFilter(ApplicationFilterChain.java:144)
		at org.apache.tomcat.websocket.server.WsFilter.doFilter(WsFilter.java:51)
		at org.apache.catalina.core.ApplicationFilterChain.internalDoFilter(ApplicationFilterChain.java:168)
		at org.apache.catalina.core.ApplicationFilterChain.doFilter(ApplicationFilterChain.java:144)
		at org.apache.catalina.core.ApplicationDispatcher.invoke(ApplicationDispatcher.java:641)
		at org.apache.catalina.core.ApplicationDispatcher.processRequest(ApplicationDispatcher.java:415)
		at org.apache.catalina.core.ApplicationDispatcher.doForward(ApplicationDispatcher.java:347)
		at org.apache.catalina.core.ApplicationDispatcher.forward(ApplicationDispatcher.java:284)
		at pe.edu.vallegrande.controller.ProductController.listarProductos(ProductController.java:215)
		at pe.edu.vallegrande.controller.ProductController.service(ProductController.java:42)
		at javax.servlet.http.HttpServlet.service(HttpServlet.java:623)
		at org.apache.catalina.core.ApplicationFilterChain.internalDoFilter(ApplicationFilterChain.java:199)
		at org.apache.catalina.core.ApplicationFilterChain.doFilter(ApplicationFilterChain.java:144)
		at org.apache.tomcat.websocket.server.WsFilter.doFilter(WsFilter.java:51)
		at org.apache.catalina.core.ApplicationFilterChain.internalDoFilter(ApplicationFilterChain.java:168)
		at org.apache.catalina.core.ApplicationFilterChain.doFilter(ApplicationFilterChain.java:144)
		at org.apache.catalina.core.StandardWrapperValve.invoke(StandardWrapperValve.java:168)
		at org.apache.catalina.core.StandardContextValve.invoke(StandardContextValve.java:90)
		at org.apache.catalina.authenticator.AuthenticatorBase.invoke(AuthenticatorBase.java:482)
		at org.apache.catalina.core.StandardHostValve.invoke(StandardHostValve.java:130)
		at org.apache.catalina.valves.ErrorReportValve.invoke(ErrorReportValve.java:93)
		at org.apache.catalina.valves.AbstractAccessLogValve.invoke(AbstractAccessLogValve.java:660)
		at org.apache.catalina.core.StandardEngineValve.invoke(StandardEngineValve.java:74)
		at org.apache.catalina.connector.CoyoteAdapter.service(CoyoteAdapter.java:346)
		at org.apache.coyote.http11.Http11Processor.service(Http11Processor.java:383)
		at org.apache.coyote.AbstractProcessorLight.process(AbstractProcessorLight.java:63)
		at org.apache.coyote.AbstractProtocol$ConnectionHandler.process(AbstractProtocol.java:936)
		at org.apache.tomcat.util.net.NioEndpoint$SocketProcessor.doRun(NioEndpoint.java:1791)
		at org.apache.tomcat.util.net.SocketProcessorBase.run(SocketProcessorBase.java:52)
		at org.apache.tomcat.util.threads.ThreadPoolExecutor.runWorker(ThreadPoolExecutor.java:1190)
		at org.apache.tomcat.util.threads.ThreadPoolExecutor$Worker.run(ThreadPoolExecutor.java:659)
		at org.apache.tomcat.util.threads.TaskThread$WrappingRunnable.run(TaskThread.java:63)
		at java.base/java.lang.Thread.run(Thread.java:842)
25-Oct-2024 16:48:45.404 SEVERE [http-nio-8080-exec-7] org.apache.catalina.core.StandardWrapperValve.invoke El Servlet.service() para el servlet [pe.edu.vallegrande.controller.ProductController] en el contexto con ruta [/T03_BodegaLaEsquinita_P] lanzó la excepción [Ha sucedido una excepción al procesar la página JSP [/productos.jsp] en línea [101]

98:                 </thead>
99:                 <tbody id="listaProductos">
100:                 <c:forEach var="producto" items="${productListar}">
101:                     <tr id="fila-${producto.id}" class="${producto.status == 'inactivo' ? 'inactivo' : ''}">
102:                         <td>${producto.id}</td>
103:                         <td>${producto.name}</td>
104:                         <td>${producto.description}</td>


Stacktrace:] con causa raíz
	javax.el.ELException: No puedo convertir [inactivo] desde tipo [class java.lang.String] a [class java.lang.Long]
		at org.apache.el.lang.ELSupport.coerceToNumber(ELSupport.java:396)
		at org.apache.el.lang.ELSupport.coerceToNumber(ELSupport.java:375)
		at org.apache.el.lang.ELSupport.equals(ELSupport.java:169)
		at org.apache.el.parser.AstEqual.getValue(AstEqual.java:38)
		at org.apache.el.parser.AstChoice.getValue(AstChoice.java:43)
		at org.apache.el.ValueExpressionImpl.getValue(ValueExpressionImpl.java:169)
		at org.apache.jasper.runtime.PageContextImpl.proprietaryEvaluate(PageContextImpl.java:690)
		at org.apache.jsp.productos_jsp._jspx_meth_c_005fforEach_005f0(productos_jsp.java:301)
		at org.apache.jsp.productos_jsp._jspService(productos_jsp.java:226)
		at org.apache.jasper.runtime.HttpJspBase.service(HttpJspBase.java:67)
		at javax.servlet.http.HttpServlet.service(HttpServlet.java:623)
		at org.apache.jasper.servlet.JspServletWrapper.service(JspServletWrapper.java:466)
		at org.apache.jasper.servlet.JspServlet.serviceJspFile(JspServlet.java:376)
		at org.apache.jasper.servlet.JspServlet.service(JspServlet.java:324)
		at javax.servlet.http.HttpServlet.service(HttpServlet.java:623)
		at org.apache.catalina.core.ApplicationFilterChain.internalDoFilter(ApplicationFilterChain.java:199)
		at org.apache.catalina.core.ApplicationFilterChain.doFilter(ApplicationFilterChain.java:144)
		at org.apache.tomcat.websocket.server.WsFilter.doFilter(WsFilter.java:51)
		at org.apache.catalina.core.ApplicationFilterChain.internalDoFilter(ApplicationFilterChain.java:168)
		at org.apache.catalina.core.ApplicationFilterChain.doFilter(ApplicationFilterChain.java:144)
		at org.apache.catalina.core.ApplicationDispatcher.invoke(ApplicationDispatcher.java:641)
		at org.apache.catalina.core.ApplicationDispatcher.processRequest(ApplicationDispatcher.java:415)
		at org.apache.catalina.core.ApplicationDispatcher.doForward(ApplicationDispatcher.java:347)
		at org.apache.catalina.core.ApplicationDispatcher.forward(ApplicationDispatcher.java:284)
		at pe.edu.vallegrande.controller.ProductController.listarProductos(ProductController.java:215)
		at pe.edu.vallegrande.controller.ProductController.service(ProductController.java:42)
		at javax.servlet.http.HttpServlet.service(HttpServlet.java:623)
		at org.apache.catalina.core.ApplicationFilterChain.internalDoFilter(ApplicationFilterChain.java:199)
		at org.apache.catalina.core.ApplicationFilterChain.doFilter(ApplicationFilterChain.java:144)
		at org.apache.tomcat.websocket.server.WsFilter.doFilter(WsFilter.java:51)
		at org.apache.catalina.core.ApplicationFilterChain.internalDoFilter(ApplicationFilterChain.java:168)
		at org.apache.catalina.core.ApplicationFilterChain.doFilter(ApplicationFilterChain.java:144)
		at org.apache.catalina.core.StandardWrapperValve.invoke(StandardWrapperValve.java:168)
		at org.apache.catalina.core.StandardContextValve.invoke(StandardContextValve.java:90)
		at org.apache.catalina.authenticator.AuthenticatorBase.invoke(AuthenticatorBase.java:482)
		at org.apache.catalina.core.StandardHostValve.invoke(StandardHostValve.java:130)
		at org.apache.catalina.valves.ErrorReportValve.invoke(ErrorReportValve.java:93)
		at org.apache.catalina.valves.AbstractAccessLogValve.invoke(AbstractAccessLogValve.java:660)
		at org.apache.catalina.core.StandardEngineValve.invoke(StandardEngineValve.java:74)
		at org.apache.catalina.connector.CoyoteAdapter.service(CoyoteAdapter.java:346)
		at org.apache.coyote.http11.Http11Processor.service(Http11Processor.java:383)
		at org.apache.coyote.AbstractProcessorLight.process(AbstractProcessorLight.java:63)
		at org.apache.coyote.AbstractProtocol$ConnectionHandler.process(AbstractProtocol.java:936)
		at org.apache.tomcat.util.net.NioEndpoint$SocketProcessor.doRun(NioEndpoint.java:1791)
		at org.apache.tomcat.util.net.SocketProcessorBase.run(SocketProcessorBase.java:52)
		at org.apache.tomcat.util.threads.ThreadPoolExecutor.runWorker(ThreadPoolExecutor.java:1190)
		at org.apache.tomcat.util.threads.ThreadPoolExecutor$Worker.run(ThreadPoolExecutor.java:659)
		at org.apache.tomcat.util.threads.TaskThread$WrappingRunnable.run(TaskThread.java:63)
		at java.base/java.lang.Thread.run(Thread.java:842)
25-Oct-2024 16:48:52.081 SEVERE [http-nio-8080-exec-8] org.apache.catalina.core.ApplicationDispatcher.invoke El Servlet.service() para servlet [jsp] lanzó una excepción
	javax.el.ELException: No puedo convertir [inactivo] desde tipo [class java.lang.String] a [class java.lang.Long]
		at org.apache.el.lang.ELSupport.coerceToNumber(ELSupport.java:396)
		at org.apache.el.lang.ELSupport.coerceToNumber(ELSupport.java:375)
		at org.apache.el.lang.ELSupport.equals(ELSupport.java:169)
		at org.apache.el.parser.AstEqual.getValue(AstEqual.java:38)
		at org.apache.el.parser.AstChoice.getValue(AstChoice.java:43)
		at org.apache.el.ValueExpressionImpl.getValue(ValueExpressionImpl.java:169)
		at org.apache.jasper.runtime.PageContextImpl.proprietaryEvaluate(PageContextImpl.java:690)
		at org.apache.jsp.productos_jsp._jspx_meth_c_005fforEach_005f0(productos_jsp.java:301)
		at org.apache.jsp.productos_jsp._jspService(productos_jsp.java:226)
		at org.apache.jasper.runtime.HttpJspBase.service(HttpJspBase.java:67)
		at javax.servlet.http.HttpServlet.service(HttpServlet.java:623)
		at org.apache.jasper.servlet.JspServletWrapper.service(JspServletWrapper.java:466)
		at org.apache.jasper.servlet.JspServlet.serviceJspFile(JspServlet.java:376)
		at org.apache.jasper.servlet.JspServlet.service(JspServlet.java:324)
		at javax.servlet.http.HttpServlet.service(HttpServlet.java:623)
		at org.apache.catalina.core.ApplicationFilterChain.internalDoFilter(ApplicationFilterChain.java:199)
		at org.apache.catalina.core.ApplicationFilterChain.doFilter(ApplicationFilterChain.java:144)
		at org.apache.tomcat.websocket.server.WsFilter.doFilter(WsFilter.java:51)
		at org.apache.catalina.core.ApplicationFilterChain.internalDoFilter(ApplicationFilterChain.java:168)
		at org.apache.catalina.core.ApplicationFilterChain.doFilter(ApplicationFilterChain.java:144)
		at org.apache.catalina.core.ApplicationDispatcher.invoke(ApplicationDispatcher.java:641)
		at org.apache.catalina.core.ApplicationDispatcher.processRequest(ApplicationDispatcher.java:415)
		at org.apache.catalina.core.ApplicationDispatcher.doForward(ApplicationDispatcher.java:347)
		at org.apache.catalina.core.ApplicationDispatcher.forward(ApplicationDispatcher.java:284)
		at pe.edu.vallegrande.controller.ProductController.listarProductos(ProductController.java:215)
		at pe.edu.vallegrande.controller.ProductController.service(ProductController.java:42)
		at javax.servlet.http.HttpServlet.service(HttpServlet.java:623)
		at org.apache.catalina.core.ApplicationFilterChain.internalDoFilter(ApplicationFilterChain.java:199)
		at org.apache.catalina.core.ApplicationFilterChain.doFilter(ApplicationFilterChain.java:144)
		at org.apache.tomcat.websocket.server.WsFilter.doFilter(WsFilter.java:51)
		at org.apache.catalina.core.ApplicationFilterChain.internalDoFilter(ApplicationFilterChain.java:168)
		at org.apache.catalina.core.ApplicationFilterChain.doFilter(ApplicationFilterChain.java:144)
		at org.apache.catalina.core.StandardWrapperValve.invoke(StandardWrapperValve.java:168)
		at org.apache.catalina.core.StandardContextValve.invoke(StandardContextValve.java:90)
		at org.apache.catalina.authenticator.AuthenticatorBase.invoke(AuthenticatorBase.java:482)
		at org.apache.catalina.core.StandardHostValve.invoke(StandardHostValve.java:130)
		at org.apache.catalina.valves.ErrorReportValve.invoke(ErrorReportValve.java:93)
		at org.apache.catalina.valves.AbstractAccessLogValve.invoke(AbstractAccessLogValve.java:660)
		at org.apache.catalina.core.StandardEngineValve.invoke(StandardEngineValve.java:74)
		at org.apache.catalina.connector.CoyoteAdapter.service(CoyoteAdapter.java:346)
		at org.apache.coyote.http11.Http11Processor.service(Http11Processor.java:383)
		at org.apache.coyote.AbstractProcessorLight.process(AbstractProcessorLight.java:63)
		at org.apache.coyote.AbstractProtocol$ConnectionHandler.process(AbstractProtocol.java:936)
		at org.apache.tomcat.util.net.NioEndpoint$SocketProcessor.doRun(NioEndpoint.java:1791)
		at org.apache.tomcat.util.net.SocketProcessorBase.run(SocketProcessorBase.java:52)
		at org.apache.tomcat.util.threads.ThreadPoolExecutor.runWorker(ThreadPoolExecutor.java:1190)
		at org.apache.tomcat.util.threads.ThreadPoolExecutor$Worker.run(ThreadPoolExecutor.java:659)
		at org.apache.tomcat.util.threads.TaskThread$WrappingRunnable.run(TaskThread.java:63)
		at java.base/java.lang.Thread.run(Thread.java:842)
25-Oct-2024 16:48:52.081 SEVERE [http-nio-8080-exec-8] org.apache.catalina.core.StandardWrapperValve.invoke El Servlet.service() para el servlet [pe.edu.vallegrande.controller.ProductController] en el contexto con ruta [/T03_BodegaLaEsquinita_P] lanzó la excepción [Ha sucedido una excepción al procesar la página JSP [/productos.jsp] en línea [101]

98:                 </thead>
99:                 <tbody id="listaProductos">
100:                 <c:forEach var="producto" items="${productListar}">
101:                     <tr id="fila-${producto.id}" class="${producto.status == 'inactivo' ? 'inactivo' : ''}">
102:                         <td>${producto.id}</td>
103:                         <td>${producto.name}</td>
104:                         <td>${producto.description}</td>


Stacktrace:] con causa raíz
	javax.el.ELException: No puedo convertir [inactivo] desde tipo [class java.lang.String] a [class java.lang.Long]
		at org.apache.el.lang.ELSupport.coerceToNumber(ELSupport.java:396)
		at org.apache.el.lang.ELSupport.coerceToNumber(ELSupport.java:375)
		at org.apache.el.lang.ELSupport.equals(ELSupport.java:169)
		at org.apache.el.parser.AstEqual.getValue(AstEqual.java:38)
		at org.apache.el.parser.AstChoice.getValue(AstChoice.java:43)
		at org.apache.el.ValueExpressionImpl.getValue(ValueExpressionImpl.java:169)
		at org.apache.jasper.runtime.PageContextImpl.proprietaryEvaluate(PageContextImpl.java:690)
		at org.apache.jsp.productos_jsp._jspx_meth_c_005fforEach_005f0(productos_jsp.java:301)
		at org.apache.jsp.productos_jsp._jspService(productos_jsp.java:226)
		at org.apache.jasper.runtime.HttpJspBase.service(HttpJspBase.java:67)
		at javax.servlet.http.HttpServlet.service(HttpServlet.java:623)
		at org.apache.jasper.servlet.JspServletWrapper.service(JspServletWrapper.java:466)
		at org.apache.jasper.servlet.JspServlet.serviceJspFile(JspServlet.java:376)
		at org.apache.jasper.servlet.JspServlet.service(JspServlet.java:324)
		at javax.servlet.http.HttpServlet.service(HttpServlet.java:623)
		at org.apache.catalina.core.ApplicationFilterChain.internalDoFilter(ApplicationFilterChain.java:199)
		at org.apache.catalina.core.ApplicationFilterChain.doFilter(ApplicationFilterChain.java:144)
		at org.apache.tomcat.websocket.server.WsFilter.doFilter(WsFilter.java:51)
		at org.apache.catalina.core.ApplicationFilterChain.internalDoFilter(ApplicationFilterChain.java:168)
		at org.apache.catalina.core.ApplicationFilterChain.doFilter(ApplicationFilterChain.java:144)
		at org.apache.catalina.core.ApplicationDispatcher.invoke(ApplicationDispatcher.java:641)
		at org.apache.catalina.core.ApplicationDispatcher.processRequest(ApplicationDispatcher.java:415)
		at org.apache.catalina.core.ApplicationDispatcher.doForward(ApplicationDispatcher.java:347)
		at org.apache.catalina.core.ApplicationDispatcher.forward(ApplicationDispatcher.java:284)
		at pe.edu.vallegrande.controller.ProductController.listarProductos(ProductController.java:215)
		at pe.edu.vallegrande.controller.ProductController.service(ProductController.java:42)
		at javax.servlet.http.HttpServlet.service(HttpServlet.java:623)
		at org.apache.catalina.core.ApplicationFilterChain.internalDoFilter(ApplicationFilterChain.java:199)
		at org.apache.catalina.core.ApplicationFilterChain.doFilter(ApplicationFilterChain.java:144)
		at org.apache.tomcat.websocket.server.WsFilter.doFilter(WsFilter.java:51)
		at org.apache.catalina.core.ApplicationFilterChain.internalDoFilter(ApplicationFilterChain.java:168)
		at org.apache.catalina.core.ApplicationFilterChain.doFilter(ApplicationFilterChain.java:144)
		at org.apache.catalina.core.StandardWrapperValve.invoke(StandardWrapperValve.java:168)
		at org.apache.catalina.core.StandardContextValve.invoke(StandardContextValve.java:90)
		at org.apache.catalina.authenticator.AuthenticatorBase.invoke(AuthenticatorBase.java:482)
		at org.apache.catalina.core.StandardHostValve.invoke(StandardHostValve.java:130)
		at org.apache.catalina.valves.ErrorReportValve.invoke(ErrorReportValve.java:93)
		at org.apache.catalina.valves.AbstractAccessLogValve.invoke(AbstractAccessLogValve.java:660)
		at org.apache.catalina.core.StandardEngineValve.invoke(StandardEngineValve.java:74)
		at org.apache.catalina.connector.CoyoteAdapter.service(CoyoteAdapter.java:346)
		at org.apache.coyote.http11.Http11Processor.service(Http11Processor.java:383)
		at org.apache.coyote.AbstractProcessorLight.process(AbstractProcessorLight.java:63)
		at org.apache.coyote.AbstractProtocol$ConnectionHandler.process(AbstractProtocol.java:936)
		at org.apache.tomcat.util.net.NioEndpoint$SocketProcessor.doRun(NioEndpoint.java:1791)
		at org.apache.tomcat.util.net.SocketProcessorBase.run(SocketProcessorBase.java:52)
		at org.apache.tomcat.util.threads.ThreadPoolExecutor.runWorker(ThreadPoolExecutor.java:1190)
		at org.apache.tomcat.util.threads.ThreadPoolExecutor$Worker.run(ThreadPoolExecutor.java:659)
		at org.apache.tomcat.util.threads.TaskThread$WrappingRunnable.run(TaskThread.java:63)
		at java.base/java.lang.Thread.run(Thread.java:842)
25-Oct-2024 20:44:27.309 SEVERE [http-nio-8080-exec-7] org.apache.catalina.core.ApplicationDispatcher.invoke El Servlet.service() para servlet [jsp] lanzó una excepción
	javax.el.ELException: No puedo convertir [A] desde tipo [class java.lang.String] a [class java.lang.Long]
		at org.apache.el.lang.ELSupport.coerceToNumber(ELSupport.java:396)
		at org.apache.el.lang.ELSupport.coerceToNumber(ELSupport.java:375)
		at org.apache.el.lang.ELSupport.equals(ELSupport.java:169)
		at org.apache.el.parser.AstEqual.getValue(AstEqual.java:38)
		at org.apache.el.parser.AstChoice.getValue(AstChoice.java:43)
		at org.apache.el.ValueExpressionImpl.getValue(ValueExpressionImpl.java:169)
		at org.apache.jasper.runtime.PageContextImpl.proprietaryEvaluate(PageContextImpl.java:690)
		at org.apache.jsp.productos_jsp._jspx_meth_c_005fforEach_005f0(productos_jsp.java:317)
		at org.apache.jsp.productos_jsp._jspService(productos_jsp.java:229)
		at org.apache.jasper.runtime.HttpJspBase.service(HttpJspBase.java:67)
		at javax.servlet.http.HttpServlet.service(HttpServlet.java:623)
		at org.apache.jasper.servlet.JspServletWrapper.service(JspServletWrapper.java:466)
		at org.apache.jasper.servlet.JspServlet.serviceJspFile(JspServlet.java:376)
		at org.apache.jasper.servlet.JspServlet.service(JspServlet.java:324)
		at javax.servlet.http.HttpServlet.service(HttpServlet.java:623)
		at org.apache.catalina.core.ApplicationFilterChain.internalDoFilter(ApplicationFilterChain.java:199)
		at org.apache.catalina.core.ApplicationFilterChain.doFilter(ApplicationFilterChain.java:144)
		at org.apache.tomcat.websocket.server.WsFilter.doFilter(WsFilter.java:51)
		at org.apache.catalina.core.ApplicationFilterChain.internalDoFilter(ApplicationFilterChain.java:168)
		at org.apache.catalina.core.ApplicationFilterChain.doFilter(ApplicationFilterChain.java:144)
		at org.apache.catalina.core.ApplicationDispatcher.invoke(ApplicationDispatcher.java:641)
		at org.apache.catalina.core.ApplicationDispatcher.processRequest(ApplicationDispatcher.java:415)
		at org.apache.catalina.core.ApplicationDispatcher.doForward(ApplicationDispatcher.java:347)
		at org.apache.catalina.core.ApplicationDispatcher.forward(ApplicationDispatcher.java:284)
		at pe.edu.vallegrande.controller.ProductController.listarProductos(ProductController.java:212)
		at pe.edu.vallegrande.controller.ProductController.service(ProductController.java:42)
		at javax.servlet.http.HttpServlet.service(HttpServlet.java:623)
		at org.apache.catalina.core.ApplicationFilterChain.internalDoFilter(ApplicationFilterChain.java:199)
		at org.apache.catalina.core.ApplicationFilterChain.doFilter(ApplicationFilterChain.java:144)
		at org.apache.tomcat.websocket.server.WsFilter.doFilter(WsFilter.java:51)
		at org.apache.catalina.core.ApplicationFilterChain.internalDoFilter(ApplicationFilterChain.java:168)
		at org.apache.catalina.core.ApplicationFilterChain.doFilter(ApplicationFilterChain.java:144)
		at org.apache.catalina.core.StandardWrapperValve.invoke(StandardWrapperValve.java:168)
		at org.apache.catalina.core.StandardContextValve.invoke(StandardContextValve.java:90)
		at org.apache.catalina.authenticator.AuthenticatorBase.invoke(AuthenticatorBase.java:482)
		at org.apache.catalina.core.StandardHostValve.invoke(StandardHostValve.java:130)
		at org.apache.catalina.valves.ErrorReportValve.invoke(ErrorReportValve.java:93)
		at org.apache.catalina.valves.AbstractAccessLogValve.invoke(AbstractAccessLogValve.java:660)
		at org.apache.catalina.core.StandardEngineValve.invoke(StandardEngineValve.java:74)
		at org.apache.catalina.connector.CoyoteAdapter.service(CoyoteAdapter.java:346)
		at org.apache.coyote.http11.Http11Processor.service(Http11Processor.java:383)
		at org.apache.coyote.AbstractProcessorLight.process(AbstractProcessorLight.java:63)
		at org.apache.coyote.AbstractProtocol$ConnectionHandler.process(AbstractProtocol.java:936)
		at org.apache.tomcat.util.net.NioEndpoint$SocketProcessor.doRun(NioEndpoint.java:1791)
		at org.apache.tomcat.util.net.SocketProcessorBase.run(SocketProcessorBase.java:52)
		at org.apache.tomcat.util.threads.ThreadPoolExecutor.runWorker(ThreadPoolExecutor.java:1190)
		at org.apache.tomcat.util.threads.ThreadPoolExecutor$Worker.run(ThreadPoolExecutor.java:659)
		at org.apache.tomcat.util.threads.TaskThread$WrappingRunnable.run(TaskThread.java:63)
		at java.base/java.lang.Thread.run(Thread.java:842)
25-Oct-2024 20:44:27.309 SEVERE [http-nio-8080-exec-7] org.apache.catalina.core.StandardWrapperValve.invoke El Servlet.service() para el servlet [pe.edu.vallegrande.controller.ProductController] en el contexto con ruta [/T03_BodegaLaEsquinita_P] lanzó la excepción [Ha sucedido una excepción al procesar la página JSP [/productos.jsp] en línea [104]

101:                 </thead>
102:                 <tbody>
103:                 <c:forEach var="producto" items="${productListar}">
104:                     <tr class="${producto.status == 'A' ? '' : 'inactivo'}">
105:                         <td>${producto.id}</td>
106:                         <td>${producto.name}</td>
107:                         <td>${producto.description}</td>


Stacktrace:] con causa raíz
	javax.el.ELException: No puedo convertir [A] desde tipo [class java.lang.String] a [class java.lang.Long]
		at org.apache.el.lang.ELSupport.coerceToNumber(ELSupport.java:396)
		at org.apache.el.lang.ELSupport.coerceToNumber(ELSupport.java:375)
		at org.apache.el.lang.ELSupport.equals(ELSupport.java:169)
		at org.apache.el.parser.AstEqual.getValue(AstEqual.java:38)
		at org.apache.el.parser.AstChoice.getValue(AstChoice.java:43)
		at org.apache.el.ValueExpressionImpl.getValue(ValueExpressionImpl.java:169)
		at org.apache.jasper.runtime.PageContextImpl.proprietaryEvaluate(PageContextImpl.java:690)
		at org.apache.jsp.productos_jsp._jspx_meth_c_005fforEach_005f0(productos_jsp.java:317)
		at org.apache.jsp.productos_jsp._jspService(productos_jsp.java:229)
		at org.apache.jasper.runtime.HttpJspBase.service(HttpJspBase.java:67)
		at javax.servlet.http.HttpServlet.service(HttpServlet.java:623)
		at org.apache.jasper.servlet.JspServletWrapper.service(JspServletWrapper.java:466)
		at org.apache.jasper.servlet.JspServlet.serviceJspFile(JspServlet.java:376)
		at org.apache.jasper.servlet.JspServlet.service(JspServlet.java:324)
		at javax.servlet.http.HttpServlet.service(HttpServlet.java:623)
		at org.apache.catalina.core.ApplicationFilterChain.internalDoFilter(ApplicationFilterChain.java:199)
		at org.apache.catalina.core.ApplicationFilterChain.doFilter(ApplicationFilterChain.java:144)
		at org.apache.tomcat.websocket.server.WsFilter.doFilter(WsFilter.java:51)
		at org.apache.catalina.core.ApplicationFilterChain.internalDoFilter(ApplicationFilterChain.java:168)
		at org.apache.catalina.core.ApplicationFilterChain.doFilter(ApplicationFilterChain.java:144)
		at org.apache.catalina.core.ApplicationDispatcher.invoke(ApplicationDispatcher.java:641)
		at org.apache.catalina.core.ApplicationDispatcher.processRequest(ApplicationDispatcher.java:415)
		at org.apache.catalina.core.ApplicationDispatcher.doForward(ApplicationDispatcher.java:347)
		at org.apache.catalina.core.ApplicationDispatcher.forward(ApplicationDispatcher.java:284)
		at pe.edu.vallegrande.controller.ProductController.listarProductos(ProductController.java:212)
		at pe.edu.vallegrande.controller.ProductController.service(ProductController.java:42)
		at javax.servlet.http.HttpServlet.service(HttpServlet.java:623)
		at org.apache.catalina.core.ApplicationFilterChain.internalDoFilter(ApplicationFilterChain.java:199)
		at org.apache.catalina.core.ApplicationFilterChain.doFilter(ApplicationFilterChain.java:144)
		at org.apache.tomcat.websocket.server.WsFilter.doFilter(WsFilter.java:51)
		at org.apache.catalina.core.ApplicationFilterChain.internalDoFilter(ApplicationFilterChain.java:168)
		at org.apache.catalina.core.ApplicationFilterChain.doFilter(ApplicationFilterChain.java:144)
		at org.apache.catalina.core.StandardWrapperValve.invoke(StandardWrapperValve.java:168)
		at org.apache.catalina.core.StandardContextValve.invoke(StandardContextValve.java:90)
		at org.apache.catalina.authenticator.AuthenticatorBase.invoke(AuthenticatorBase.java:482)
		at org.apache.catalina.core.StandardHostValve.invoke(StandardHostValve.java:130)
		at org.apache.catalina.valves.ErrorReportValve.invoke(ErrorReportValve.java:93)
		at org.apache.catalina.valves.AbstractAccessLogValve.invoke(AbstractAccessLogValve.java:660)
		at org.apache.catalina.core.StandardEngineValve.invoke(StandardEngineValve.java:74)
		at org.apache.catalina.connector.CoyoteAdapter.service(CoyoteAdapter.java:346)
		at org.apache.coyote.http11.Http11Processor.service(Http11Processor.java:383)
		at org.apache.coyote.AbstractProcessorLight.process(AbstractProcessorLight.java:63)
		at org.apache.coyote.AbstractProtocol$ConnectionHandler.process(AbstractProtocol.java:936)
		at org.apache.tomcat.util.net.NioEndpoint$SocketProcessor.doRun(NioEndpoint.java:1791)
		at org.apache.tomcat.util.net.SocketProcessorBase.run(SocketProcessorBase.java:52)
		at org.apache.tomcat.util.threads.ThreadPoolExecutor.runWorker(ThreadPoolExecutor.java:1190)
		at org.apache.tomcat.util.threads.ThreadPoolExecutor$Worker.run(ThreadPoolExecutor.java:659)
		at org.apache.tomcat.util.threads.TaskThread$WrappingRunnable.run(TaskThread.java:63)
		at java.base/java.lang.Thread.run(Thread.java:842)
25-Oct-2024 20:46:22.974 SEVERE [http-nio-8080-exec-5] org.apache.catalina.core.ApplicationDispatcher.invoke El Servlet.service() para servlet [jsp] lanzó una excepción
	javax.el.ELException: No puedo convertir [A] desde tipo [class java.lang.String] a [class java.lang.Long]
		at org.apache.el.lang.ELSupport.coerceToNumber(ELSupport.java:396)
		at org.apache.el.lang.ELSupport.coerceToNumber(ELSupport.java:375)
		at org.apache.el.lang.ELSupport.equals(ELSupport.java:169)
		at org.apache.el.parser.AstEqual.getValue(AstEqual.java:38)
		at org.apache.el.parser.AstChoice.getValue(AstChoice.java:43)
		at org.apache.el.ValueExpressionImpl.getValue(ValueExpressionImpl.java:169)
		at org.apache.jasper.runtime.PageContextImpl.proprietaryEvaluate(PageContextImpl.java:690)
		at org.apache.jsp.productos_jsp._jspx_meth_c_005fforEach_005f0(productos_jsp.java:317)
		at org.apache.jsp.productos_jsp._jspService(productos_jsp.java:229)
		at org.apache.jasper.runtime.HttpJspBase.service(HttpJspBase.java:67)
		at javax.servlet.http.HttpServlet.service(HttpServlet.java:623)
		at org.apache.jasper.servlet.JspServletWrapper.service(JspServletWrapper.java:466)
		at org.apache.jasper.servlet.JspServlet.serviceJspFile(JspServlet.java:376)
		at org.apache.jasper.servlet.JspServlet.service(JspServlet.java:324)
		at javax.servlet.http.HttpServlet.service(HttpServlet.java:623)
		at org.apache.catalina.core.ApplicationFilterChain.internalDoFilter(ApplicationFilterChain.java:199)
		at org.apache.catalina.core.ApplicationFilterChain.doFilter(ApplicationFilterChain.java:144)
		at org.apache.tomcat.websocket.server.WsFilter.doFilter(WsFilter.java:51)
		at org.apache.catalina.core.ApplicationFilterChain.internalDoFilter(ApplicationFilterChain.java:168)
		at org.apache.catalina.core.ApplicationFilterChain.doFilter(ApplicationFilterChain.java:144)
		at org.apache.catalina.core.ApplicationDispatcher.invoke(ApplicationDispatcher.java:641)
		at org.apache.catalina.core.ApplicationDispatcher.processRequest(ApplicationDispatcher.java:415)
		at org.apache.catalina.core.ApplicationDispatcher.doForward(ApplicationDispatcher.java:347)
		at org.apache.catalina.core.ApplicationDispatcher.forward(ApplicationDispatcher.java:284)
		at pe.edu.vallegrande.controller.ProductController.listarProductos(ProductController.java:212)
		at pe.edu.vallegrande.controller.ProductController.service(ProductController.java:42)
		at javax.servlet.http.HttpServlet.service(HttpServlet.java:623)
		at org.apache.catalina.core.ApplicationFilterChain.internalDoFilter(ApplicationFilterChain.java:199)
		at org.apache.catalina.core.ApplicationFilterChain.doFilter(ApplicationFilterChain.java:144)
		at org.apache.tomcat.websocket.server.WsFilter.doFilter(WsFilter.java:51)
		at org.apache.catalina.core.ApplicationFilterChain.internalDoFilter(ApplicationFilterChain.java:168)
		at org.apache.catalina.core.ApplicationFilterChain.doFilter(ApplicationFilterChain.java:144)
		at org.apache.catalina.core.StandardWrapperValve.invoke(StandardWrapperValve.java:168)
		at org.apache.catalina.core.StandardContextValve.invoke(StandardContextValve.java:90)
		at org.apache.catalina.authenticator.AuthenticatorBase.invoke(AuthenticatorBase.java:482)
		at org.apache.catalina.core.StandardHostValve.invoke(StandardHostValve.java:130)
		at org.apache.catalina.valves.ErrorReportValve.invoke(ErrorReportValve.java:93)
		at org.apache.catalina.valves.AbstractAccessLogValve.invoke(AbstractAccessLogValve.java:660)
		at org.apache.catalina.core.StandardEngineValve.invoke(StandardEngineValve.java:74)
		at org.apache.catalina.connector.CoyoteAdapter.service(CoyoteAdapter.java:346)
		at org.apache.coyote.http11.Http11Processor.service(Http11Processor.java:383)
		at org.apache.coyote.AbstractProcessorLight.process(AbstractProcessorLight.java:63)
		at org.apache.coyote.AbstractProtocol$ConnectionHandler.process(AbstractProtocol.java:936)
		at org.apache.tomcat.util.net.NioEndpoint$SocketProcessor.doRun(NioEndpoint.java:1791)
		at org.apache.tomcat.util.net.SocketProcessorBase.run(SocketProcessorBase.java:52)
		at org.apache.tomcat.util.threads.ThreadPoolExecutor.runWorker(ThreadPoolExecutor.java:1190)
		at org.apache.tomcat.util.threads.ThreadPoolExecutor$Worker.run(ThreadPoolExecutor.java:659)
		at org.apache.tomcat.util.threads.TaskThread$WrappingRunnable.run(TaskThread.java:63)
		at java.base/java.lang.Thread.run(Thread.java:842)
25-Oct-2024 20:46:22.974 SEVERE [http-nio-8080-exec-5] org.apache.catalina.core.StandardWrapperValve.invoke El Servlet.service() para el servlet [pe.edu.vallegrande.controller.ProductController] en el contexto con ruta [/T03_BodegaLaEsquinita_P] lanzó la excepción [Ha sucedido una excepción al procesar la página JSP [/productos.jsp] en línea [104]

101:                 </thead>
102:                 <tbody>
103:                 <c:forEach var="producto" items="${productListar}">
104:                     <tr class="${producto.status == 'A' ? '' : 'Activo'}">
105:                         <td>${producto.id}</td>
106:                         <td>${producto.name}</td>
107:                         <td>${producto.description}</td>


Stacktrace:] con causa raíz
	javax.el.ELException: No puedo convertir [A] desde tipo [class java.lang.String] a [class java.lang.Long]
		at org.apache.el.lang.ELSupport.coerceToNumber(ELSupport.java:396)
		at org.apache.el.lang.ELSupport.coerceToNumber(ELSupport.java:375)
		at org.apache.el.lang.ELSupport.equals(ELSupport.java:169)
		at org.apache.el.parser.AstEqual.getValue(AstEqual.java:38)
		at org.apache.el.parser.AstChoice.getValue(AstChoice.java:43)
		at org.apache.el.ValueExpressionImpl.getValue(ValueExpressionImpl.java:169)
		at org.apache.jasper.runtime.PageContextImpl.proprietaryEvaluate(PageContextImpl.java:690)
		at org.apache.jsp.productos_jsp._jspx_meth_c_005fforEach_005f0(productos_jsp.java:317)
		at org.apache.jsp.productos_jsp._jspService(productos_jsp.java:229)
		at org.apache.jasper.runtime.HttpJspBase.service(HttpJspBase.java:67)
		at javax.servlet.http.HttpServlet.service(HttpServlet.java:623)
		at org.apache.jasper.servlet.JspServletWrapper.service(JspServletWrapper.java:466)
		at org.apache.jasper.servlet.JspServlet.serviceJspFile(JspServlet.java:376)
		at org.apache.jasper.servlet.JspServlet.service(JspServlet.java:324)
		at javax.servlet.http.HttpServlet.service(HttpServlet.java:623)
		at org.apache.catalina.core.ApplicationFilterChain.internalDoFilter(ApplicationFilterChain.java:199)
		at org.apache.catalina.core.ApplicationFilterChain.doFilter(ApplicationFilterChain.java:144)
		at org.apache.tomcat.websocket.server.WsFilter.doFilter(WsFilter.java:51)
		at org.apache.catalina.core.ApplicationFilterChain.internalDoFilter(ApplicationFilterChain.java:168)
		at org.apache.catalina.core.ApplicationFilterChain.doFilter(ApplicationFilterChain.java:144)
		at org.apache.catalina.core.ApplicationDispatcher.invoke(ApplicationDispatcher.java:641)
		at org.apache.catalina.core.ApplicationDispatcher.processRequest(ApplicationDispatcher.java:415)
		at org.apache.catalina.core.ApplicationDispatcher.doForward(ApplicationDispatcher.java:347)
		at org.apache.catalina.core.ApplicationDispatcher.forward(ApplicationDispatcher.java:284)
		at pe.edu.vallegrande.controller.ProductController.listarProductos(ProductController.java:212)
		at pe.edu.vallegrande.controller.ProductController.service(ProductController.java:42)
		at javax.servlet.http.HttpServlet.service(HttpServlet.java:623)
		at org.apache.catalina.core.ApplicationFilterChain.internalDoFilter(ApplicationFilterChain.java:199)
		at org.apache.catalina.core.ApplicationFilterChain.doFilter(ApplicationFilterChain.java:144)
		at org.apache.tomcat.websocket.server.WsFilter.doFilter(WsFilter.java:51)
		at org.apache.catalina.core.ApplicationFilterChain.internalDoFilter(ApplicationFilterChain.java:168)
		at org.apache.catalina.core.ApplicationFilterChain.doFilter(ApplicationFilterChain.java:144)
		at org.apache.catalina.core.StandardWrapperValve.invoke(StandardWrapperValve.java:168)
		at org.apache.catalina.core.StandardContextValve.invoke(StandardContextValve.java:90)
		at org.apache.catalina.authenticator.AuthenticatorBase.invoke(AuthenticatorBase.java:482)
		at org.apache.catalina.core.StandardHostValve.invoke(StandardHostValve.java:130)
		at org.apache.catalina.valves.ErrorReportValve.invoke(ErrorReportValve.java:93)
		at org.apache.catalina.valves.AbstractAccessLogValve.invoke(AbstractAccessLogValve.java:660)
		at org.apache.catalina.core.StandardEngineValve.invoke(StandardEngineValve.java:74)
		at org.apache.catalina.connector.CoyoteAdapter.service(CoyoteAdapter.java:346)
		at org.apache.coyote.http11.Http11Processor.service(Http11Processor.java:383)
		at org.apache.coyote.AbstractProcessorLight.process(AbstractProcessorLight.java:63)
		at org.apache.coyote.AbstractProtocol$ConnectionHandler.process(AbstractProtocol.java:936)
		at org.apache.tomcat.util.net.NioEndpoint$SocketProcessor.doRun(NioEndpoint.java:1791)
		at org.apache.tomcat.util.net.SocketProcessorBase.run(SocketProcessorBase.java:52)
		at org.apache.tomcat.util.threads.ThreadPoolExecutor.runWorker(ThreadPoolExecutor.java:1190)
		at org.apache.tomcat.util.threads.ThreadPoolExecutor$Worker.run(ThreadPoolExecutor.java:659)
		at org.apache.tomcat.util.threads.TaskThread$WrappingRunnable.run(TaskThread.java:63)
		at java.base/java.lang.Thread.run(Thread.java:842)
25-Oct-2024 20:56:17.049 SEVERE [http-nio-8080-exec-7] org.apache.catalina.core.ApplicationDispatcher.invoke El Servlet.service() para servlet [jsp] lanzó una excepción
	javax.el.ELException: No puedo convertir [A] desde tipo [class java.lang.String] a [class java.lang.Long]
		at org.apache.el.lang.ELSupport.coerceToNumber(ELSupport.java:396)
		at org.apache.el.lang.ELSupport.coerceToNumber(ELSupport.java:375)
		at org.apache.el.lang.ELSupport.equals(ELSupport.java:169)
		at org.apache.el.parser.AstEqual.getValue(AstEqual.java:38)
		at org.apache.el.parser.AstChoice.getValue(AstChoice.java:43)
		at org.apache.el.ValueExpressionImpl.getValue(ValueExpressionImpl.java:169)
		at org.apache.jasper.runtime.PageContextImpl.proprietaryEvaluate(PageContextImpl.java:690)
		at org.apache.jsp.productos_jsp._jspx_meth_c_005fforEach_005f0(productos_jsp.java:317)
		at org.apache.jsp.productos_jsp._jspService(productos_jsp.java:229)
		at org.apache.jasper.runtime.HttpJspBase.service(HttpJspBase.java:67)
		at javax.servlet.http.HttpServlet.service(HttpServlet.java:623)
		at org.apache.jasper.servlet.JspServletWrapper.service(JspServletWrapper.java:466)
		at org.apache.jasper.servlet.JspServlet.serviceJspFile(JspServlet.java:376)
		at org.apache.jasper.servlet.JspServlet.service(JspServlet.java:324)
		at javax.servlet.http.HttpServlet.service(HttpServlet.java:623)
		at org.apache.catalina.core.ApplicationFilterChain.internalDoFilter(ApplicationFilterChain.java:199)
		at org.apache.catalina.core.ApplicationFilterChain.doFilter(ApplicationFilterChain.java:144)
		at org.apache.tomcat.websocket.server.WsFilter.doFilter(WsFilter.java:51)
		at org.apache.catalina.core.ApplicationFilterChain.internalDoFilter(ApplicationFilterChain.java:168)
		at org.apache.catalina.core.ApplicationFilterChain.doFilter(ApplicationFilterChain.java:144)
		at org.apache.catalina.core.ApplicationDispatcher.invoke(ApplicationDispatcher.java:641)
		at org.apache.catalina.core.ApplicationDispatcher.processRequest(ApplicationDispatcher.java:415)
		at org.apache.catalina.core.ApplicationDispatcher.doForward(ApplicationDispatcher.java:347)
		at org.apache.catalina.core.ApplicationDispatcher.forward(ApplicationDispatcher.java:284)
		at pe.edu.vallegrande.controller.ProductController.listarProductos(ProductController.java:212)
		at pe.edu.vallegrande.controller.ProductController.service(ProductController.java:42)
		at javax.servlet.http.HttpServlet.service(HttpServlet.java:623)
		at org.apache.catalina.core.ApplicationFilterChain.internalDoFilter(ApplicationFilterChain.java:199)
		at org.apache.catalina.core.ApplicationFilterChain.doFilter(ApplicationFilterChain.java:144)
		at org.apache.tomcat.websocket.server.WsFilter.doFilter(WsFilter.java:51)
		at org.apache.catalina.core.ApplicationFilterChain.internalDoFilter(ApplicationFilterChain.java:168)
		at org.apache.catalina.core.ApplicationFilterChain.doFilter(ApplicationFilterChain.java:144)
		at org.apache.catalina.core.StandardWrapperValve.invoke(StandardWrapperValve.java:168)
		at org.apache.catalina.core.StandardContextValve.invoke(StandardContextValve.java:90)
		at org.apache.catalina.authenticator.AuthenticatorBase.invoke(AuthenticatorBase.java:482)
		at org.apache.catalina.core.StandardHostValve.invoke(StandardHostValve.java:130)
		at org.apache.catalina.valves.ErrorReportValve.invoke(ErrorReportValve.java:93)
		at org.apache.catalina.valves.AbstractAccessLogValve.invoke(AbstractAccessLogValve.java:660)
		at org.apache.catalina.core.StandardEngineValve.invoke(StandardEngineValve.java:74)
		at org.apache.catalina.connector.CoyoteAdapter.service(CoyoteAdapter.java:346)
		at org.apache.coyote.http11.Http11Processor.service(Http11Processor.java:383)
		at org.apache.coyote.AbstractProcessorLight.process(AbstractProcessorLight.java:63)
		at org.apache.coyote.AbstractProtocol$ConnectionHandler.process(AbstractProtocol.java:936)
		at org.apache.tomcat.util.net.NioEndpoint$SocketProcessor.doRun(NioEndpoint.java:1791)
		at org.apache.tomcat.util.net.SocketProcessorBase.run(SocketProcessorBase.java:52)
		at org.apache.tomcat.util.threads.ThreadPoolExecutor.runWorker(ThreadPoolExecutor.java:1190)
		at org.apache.tomcat.util.threads.ThreadPoolExecutor$Worker.run(ThreadPoolExecutor.java:659)
		at org.apache.tomcat.util.threads.TaskThread$WrappingRunnable.run(TaskThread.java:63)
		at java.base/java.lang.Thread.run(Thread.java:842)
25-Oct-2024 20:56:17.049 SEVERE [http-nio-8080-exec-7] org.apache.catalina.core.StandardWrapperValve.invoke El Servlet.service() para el servlet [pe.edu.vallegrande.controller.ProductController] en el contexto con ruta [/T03_BodegaLaEsquinita_P] lanzó la excepción [Ha sucedido una excepción al procesar la página JSP [/productos.jsp] en línea [104]

101:                 </thead>
102:                 <tbody>
103:                 <c:forEach var="producto" items="${productListar}">
104:                     <tr class="${producto.status == 'A' ? '' : 'Activo'}">
105:                         <td>${producto.id}</td>
106:                         <td>${producto.name}</td>
107:                         <td>${producto.description}</td>


Stacktrace:] con causa raíz
	javax.el.ELException: No puedo convertir [A] desde tipo [class java.lang.String] a [class java.lang.Long]
		at org.apache.el.lang.ELSupport.coerceToNumber(ELSupport.java:396)
		at org.apache.el.lang.ELSupport.coerceToNumber(ELSupport.java:375)
		at org.apache.el.lang.ELSupport.equals(ELSupport.java:169)
		at org.apache.el.parser.AstEqual.getValue(AstEqual.java:38)
		at org.apache.el.parser.AstChoice.getValue(AstChoice.java:43)
		at org.apache.el.ValueExpressionImpl.getValue(ValueExpressionImpl.java:169)
		at org.apache.jasper.runtime.PageContextImpl.proprietaryEvaluate(PageContextImpl.java:690)
		at org.apache.jsp.productos_jsp._jspx_meth_c_005fforEach_005f0(productos_jsp.java:317)
		at org.apache.jsp.productos_jsp._jspService(productos_jsp.java:229)
		at org.apache.jasper.runtime.HttpJspBase.service(HttpJspBase.java:67)
		at javax.servlet.http.HttpServlet.service(HttpServlet.java:623)
		at org.apache.jasper.servlet.JspServletWrapper.service(JspServletWrapper.java:466)
		at org.apache.jasper.servlet.JspServlet.serviceJspFile(JspServlet.java:376)
		at org.apache.jasper.servlet.JspServlet.service(JspServlet.java:324)
		at javax.servlet.http.HttpServlet.service(HttpServlet.java:623)
		at org.apache.catalina.core.ApplicationFilterChain.internalDoFilter(ApplicationFilterChain.java:199)
		at org.apache.catalina.core.ApplicationFilterChain.doFilter(ApplicationFilterChain.java:144)
		at org.apache.tomcat.websocket.server.WsFilter.doFilter(WsFilter.java:51)
		at org.apache.catalina.core.ApplicationFilterChain.internalDoFilter(ApplicationFilterChain.java:168)
		at org.apache.catalina.core.ApplicationFilterChain.doFilter(ApplicationFilterChain.java:144)
		at org.apache.catalina.core.ApplicationDispatcher.invoke(ApplicationDispatcher.java:641)
		at org.apache.catalina.core.ApplicationDispatcher.processRequest(ApplicationDispatcher.java:415)
		at org.apache.catalina.core.ApplicationDispatcher.doForward(ApplicationDispatcher.java:347)
		at org.apache.catalina.core.ApplicationDispatcher.forward(ApplicationDispatcher.java:284)
		at pe.edu.vallegrande.controller.ProductController.listarProductos(ProductController.java:212)
		at pe.edu.vallegrande.controller.ProductController.service(ProductController.java:42)
		at javax.servlet.http.HttpServlet.service(HttpServlet.java:623)
		at org.apache.catalina.core.ApplicationFilterChain.internalDoFilter(ApplicationFilterChain.java:199)
		at org.apache.catalina.core.ApplicationFilterChain.doFilter(ApplicationFilterChain.java:144)
		at org.apache.tomcat.websocket.server.WsFilter.doFilter(WsFilter.java:51)
		at org.apache.catalina.core.ApplicationFilterChain.internalDoFilter(ApplicationFilterChain.java:168)
		at org.apache.catalina.core.ApplicationFilterChain.doFilter(ApplicationFilterChain.java:144)
		at org.apache.catalina.core.StandardWrapperValve.invoke(StandardWrapperValve.java:168)
		at org.apache.catalina.core.StandardContextValve.invoke(StandardContextValve.java:90)
		at org.apache.catalina.authenticator.AuthenticatorBase.invoke(AuthenticatorBase.java:482)
		at org.apache.catalina.core.StandardHostValve.invoke(StandardHostValve.java:130)
		at org.apache.catalina.valves.ErrorReportValve.invoke(ErrorReportValve.java:93)
		at org.apache.catalina.valves.AbstractAccessLogValve.invoke(AbstractAccessLogValve.java:660)
		at org.apache.catalina.core.StandardEngineValve.invoke(StandardEngineValve.java:74)
		at org.apache.catalina.connector.CoyoteAdapter.service(CoyoteAdapter.java:346)
		at org.apache.coyote.http11.Http11Processor.service(Http11Processor.java:383)
		at org.apache.coyote.AbstractProcessorLight.process(AbstractProcessorLight.java:63)
		at org.apache.coyote.AbstractProtocol$ConnectionHandler.process(AbstractProtocol.java:936)
		at org.apache.tomcat.util.net.NioEndpoint$SocketProcessor.doRun(NioEndpoint.java:1791)
		at org.apache.tomcat.util.net.SocketProcessorBase.run(SocketProcessorBase.java:52)
		at org.apache.tomcat.util.threads.ThreadPoolExecutor.runWorker(ThreadPoolExecutor.java:1190)
		at org.apache.tomcat.util.threads.ThreadPoolExecutor$Worker.run(ThreadPoolExecutor.java:659)
		at org.apache.tomcat.util.threads.TaskThread$WrappingRunnable.run(TaskThread.java:63)
		at java.base/java.lang.Thread.run(Thread.java:842)
25-Oct-2024 21:01:30.323 SEVERE [http-nio-8080-exec-8] org.apache.catalina.core.ApplicationDispatcher.invoke El Servlet.service() para servlet [jsp] lanzó una excepción
	javax.el.ELException: No puedo convertir [A] desde tipo [class java.lang.String] a [class java.lang.Long]
		at org.apache.el.lang.ELSupport.coerceToNumber(ELSupport.java:396)
		at org.apache.el.lang.ELSupport.coerceToNumber(ELSupport.java:375)
		at org.apache.el.lang.ELSupport.equals(ELSupport.java:169)
		at org.apache.el.parser.AstEqual.getValue(AstEqual.java:38)
		at org.apache.el.parser.AstChoice.getValue(AstChoice.java:43)
		at org.apache.el.ValueExpressionImpl.getValue(ValueExpressionImpl.java:169)
		at org.apache.jasper.runtime.PageContextImpl.proprietaryEvaluate(PageContextImpl.java:690)
		at org.apache.jsp.productos_jsp._jspx_meth_c_005fforEach_005f0(productos_jsp.java:317)
		at org.apache.jsp.productos_jsp._jspService(productos_jsp.java:229)
		at org.apache.jasper.runtime.HttpJspBase.service(HttpJspBase.java:67)
		at javax.servlet.http.HttpServlet.service(HttpServlet.java:623)
		at org.apache.jasper.servlet.JspServletWrapper.service(JspServletWrapper.java:466)
		at org.apache.jasper.servlet.JspServlet.serviceJspFile(JspServlet.java:376)
		at org.apache.jasper.servlet.JspServlet.service(JspServlet.java:324)
		at javax.servlet.http.HttpServlet.service(HttpServlet.java:623)
		at org.apache.catalina.core.ApplicationFilterChain.internalDoFilter(ApplicationFilterChain.java:199)
		at org.apache.catalina.core.ApplicationFilterChain.doFilter(ApplicationFilterChain.java:144)
		at org.apache.tomcat.websocket.server.WsFilter.doFilter(WsFilter.java:51)
		at org.apache.catalina.core.ApplicationFilterChain.internalDoFilter(ApplicationFilterChain.java:168)
		at org.apache.catalina.core.ApplicationFilterChain.doFilter(ApplicationFilterChain.java:144)
		at org.apache.catalina.core.ApplicationDispatcher.invoke(ApplicationDispatcher.java:641)
		at org.apache.catalina.core.ApplicationDispatcher.processRequest(ApplicationDispatcher.java:415)
		at org.apache.catalina.core.ApplicationDispatcher.doForward(ApplicationDispatcher.java:347)
		at org.apache.catalina.core.ApplicationDispatcher.forward(ApplicationDispatcher.java:284)
		at pe.edu.vallegrande.controller.ProductController.listarProductos(ProductController.java:212)
		at pe.edu.vallegrande.controller.ProductController.service(ProductController.java:42)
		at javax.servlet.http.HttpServlet.service(HttpServlet.java:623)
		at org.apache.catalina.core.ApplicationFilterChain.internalDoFilter(ApplicationFilterChain.java:199)
		at org.apache.catalina.core.ApplicationFilterChain.doFilter(ApplicationFilterChain.java:144)
		at org.apache.tomcat.websocket.server.WsFilter.doFilter(WsFilter.java:51)
		at org.apache.catalina.core.ApplicationFilterChain.internalDoFilter(ApplicationFilterChain.java:168)
		at org.apache.catalina.core.ApplicationFilterChain.doFilter(ApplicationFilterChain.java:144)
		at org.apache.catalina.core.StandardWrapperValve.invoke(StandardWrapperValve.java:168)
		at org.apache.catalina.core.StandardContextValve.invoke(StandardContextValve.java:90)
		at org.apache.catalina.authenticator.AuthenticatorBase.invoke(AuthenticatorBase.java:482)
		at org.apache.catalina.core.StandardHostValve.invoke(StandardHostValve.java:130)
		at org.apache.catalina.valves.ErrorReportValve.invoke(ErrorReportValve.java:93)
		at org.apache.catalina.valves.AbstractAccessLogValve.invoke(AbstractAccessLogValve.java:660)
		at org.apache.catalina.core.StandardEngineValve.invoke(StandardEngineValve.java:74)
		at org.apache.catalina.connector.CoyoteAdapter.service(CoyoteAdapter.java:346)
		at org.apache.coyote.http11.Http11Processor.service(Http11Processor.java:383)
		at org.apache.coyote.AbstractProcessorLight.process(AbstractProcessorLight.java:63)
		at org.apache.coyote.AbstractProtocol$ConnectionHandler.process(AbstractProtocol.java:936)
		at org.apache.tomcat.util.net.NioEndpoint$SocketProcessor.doRun(NioEndpoint.java:1791)
		at org.apache.tomcat.util.net.SocketProcessorBase.run(SocketProcessorBase.java:52)
		at org.apache.tomcat.util.threads.ThreadPoolExecutor.runWorker(ThreadPoolExecutor.java:1190)
		at org.apache.tomcat.util.threads.ThreadPoolExecutor$Worker.run(ThreadPoolExecutor.java:659)
		at org.apache.tomcat.util.threads.TaskThread$WrappingRunnable.run(TaskThread.java:63)
		at java.base/java.lang.Thread.run(Thread.java:842)
25-Oct-2024 21:01:30.323 SEVERE [http-nio-8080-exec-8] org.apache.catalina.core.StandardWrapperValve.invoke El Servlet.service() para el servlet [pe.edu.vallegrande.controller.ProductController] en el contexto con ruta [/T03_BodegaLaEsquinita_P] lanzó la excepción [Ha sucedido una excepción al procesar la página JSP [/productos.jsp] en línea [104]

101:                 </thead>
102:                 <tbody>
103:                 <c:forEach var="producto" items="${productListar}">
104:                     <tr class="${producto.status == 'A' ? '' : 'inactivo'}">
105:                         <td>${producto.id}</td>
106:                         <td>${producto.name}</td>
107:                         <td>${producto.description}</td>


Stacktrace:] con causa raíz
	javax.el.ELException: No puedo convertir [A] desde tipo [class java.lang.String] a [class java.lang.Long]
		at org.apache.el.lang.ELSupport.coerceToNumber(ELSupport.java:396)
		at org.apache.el.lang.ELSupport.coerceToNumber(ELSupport.java:375)
		at org.apache.el.lang.ELSupport.equals(ELSupport.java:169)
		at org.apache.el.parser.AstEqual.getValue(AstEqual.java:38)
		at org.apache.el.parser.AstChoice.getValue(AstChoice.java:43)
		at org.apache.el.ValueExpressionImpl.getValue(ValueExpressionImpl.java:169)
		at org.apache.jasper.runtime.PageContextImpl.proprietaryEvaluate(PageContextImpl.java:690)
		at org.apache.jsp.productos_jsp._jspx_meth_c_005fforEach_005f0(productos_jsp.java:317)
		at org.apache.jsp.productos_jsp._jspService(productos_jsp.java:229)
		at org.apache.jasper.runtime.HttpJspBase.service(HttpJspBase.java:67)
		at javax.servlet.http.HttpServlet.service(HttpServlet.java:623)
		at org.apache.jasper.servlet.JspServletWrapper.service(JspServletWrapper.java:466)
		at org.apache.jasper.servlet.JspServlet.serviceJspFile(JspServlet.java:376)
		at org.apache.jasper.servlet.JspServlet.service(JspServlet.java:324)
		at javax.servlet.http.HttpServlet.service(HttpServlet.java:623)
		at org.apache.catalina.core.ApplicationFilterChain.internalDoFilter(ApplicationFilterChain.java:199)
		at org.apache.catalina.core.ApplicationFilterChain.doFilter(ApplicationFilterChain.java:144)
		at org.apache.tomcat.websocket.server.WsFilter.doFilter(WsFilter.java:51)
		at org.apache.catalina.core.ApplicationFilterChain.internalDoFilter(ApplicationFilterChain.java:168)
		at org.apache.catalina.core.ApplicationFilterChain.doFilter(ApplicationFilterChain.java:144)
		at org.apache.catalina.core.ApplicationDispatcher.invoke(ApplicationDispatcher.java:641)
		at org.apache.catalina.core.ApplicationDispatcher.processRequest(ApplicationDispatcher.java:415)
		at org.apache.catalina.core.ApplicationDispatcher.doForward(ApplicationDispatcher.java:347)
		at org.apache.catalina.core.ApplicationDispatcher.forward(ApplicationDispatcher.java:284)
		at pe.edu.vallegrande.controller.ProductController.listarProductos(ProductController.java:212)
		at pe.edu.vallegrande.controller.ProductController.service(ProductController.java:42)
		at javax.servlet.http.HttpServlet.service(HttpServlet.java:623)
		at org.apache.catalina.core.ApplicationFilterChain.internalDoFilter(ApplicationFilterChain.java:199)
		at org.apache.catalina.core.ApplicationFilterChain.doFilter(ApplicationFilterChain.java:144)
		at org.apache.tomcat.websocket.server.WsFilter.doFilter(WsFilter.java:51)
		at org.apache.catalina.core.ApplicationFilterChain.internalDoFilter(ApplicationFilterChain.java:168)
		at org.apache.catalina.core.ApplicationFilterChain.doFilter(ApplicationFilterChain.java:144)
		at org.apache.catalina.core.StandardWrapperValve.invoke(StandardWrapperValve.java:168)
		at org.apache.catalina.core.StandardContextValve.invoke(StandardContextValve.java:90)
		at org.apache.catalina.authenticator.AuthenticatorBase.invoke(AuthenticatorBase.java:482)
		at org.apache.catalina.core.StandardHostValve.invoke(StandardHostValve.java:130)
		at org.apache.catalina.valves.ErrorReportValve.invoke(ErrorReportValve.java:93)
		at org.apache.catalina.valves.AbstractAccessLogValve.invoke(AbstractAccessLogValve.java:660)
		at org.apache.catalina.core.StandardEngineValve.invoke(StandardEngineValve.java:74)
		at org.apache.catalina.connector.CoyoteAdapter.service(CoyoteAdapter.java:346)
		at org.apache.coyote.http11.Http11Processor.service(Http11Processor.java:383)
		at org.apache.coyote.AbstractProcessorLight.process(AbstractProcessorLight.java:63)
		at org.apache.coyote.AbstractProtocol$ConnectionHandler.process(AbstractProtocol.java:936)
		at org.apache.tomcat.util.net.NioEndpoint$SocketProcessor.doRun(NioEndpoint.java:1791)
		at org.apache.tomcat.util.net.SocketProcessorBase.run(SocketProcessorBase.java:52)
		at org.apache.tomcat.util.threads.ThreadPoolExecutor.runWorker(ThreadPoolExecutor.java:1190)
		at org.apache.tomcat.util.threads.ThreadPoolExecutor$Worker.run(ThreadPoolExecutor.java:659)
		at org.apache.tomcat.util.threads.TaskThread$WrappingRunnable.run(TaskThread.java:63)
		at java.base/java.lang.Thread.run(Thread.java:842)
25-Oct-2024 21:01:39.747 SEVERE [http-nio-8080-exec-4] org.apache.catalina.core.ApplicationDispatcher.invoke El Servlet.service() para servlet [jsp] lanzó una excepción
	javax.el.ELException: No puedo convertir [A] desde tipo [class java.lang.String] a [class java.lang.Long]
		at org.apache.el.lang.ELSupport.coerceToNumber(ELSupport.java:396)
		at org.apache.el.lang.ELSupport.coerceToNumber(ELSupport.java:375)
		at org.apache.el.lang.ELSupport.equals(ELSupport.java:169)
		at org.apache.el.parser.AstEqual.getValue(AstEqual.java:38)
		at org.apache.el.parser.AstChoice.getValue(AstChoice.java:43)
		at org.apache.el.ValueExpressionImpl.getValue(ValueExpressionImpl.java:169)
		at org.apache.jasper.runtime.PageContextImpl.proprietaryEvaluate(PageContextImpl.java:690)
		at org.apache.jsp.productos_jsp._jspx_meth_c_005fforEach_005f0(productos_jsp.java:317)
		at org.apache.jsp.productos_jsp._jspService(productos_jsp.java:229)
		at org.apache.jasper.runtime.HttpJspBase.service(HttpJspBase.java:67)
		at javax.servlet.http.HttpServlet.service(HttpServlet.java:623)
		at org.apache.jasper.servlet.JspServletWrapper.service(JspServletWrapper.java:466)
		at org.apache.jasper.servlet.JspServlet.serviceJspFile(JspServlet.java:376)
		at org.apache.jasper.servlet.JspServlet.service(JspServlet.java:324)
		at javax.servlet.http.HttpServlet.service(HttpServlet.java:623)
		at org.apache.catalina.core.ApplicationFilterChain.internalDoFilter(ApplicationFilterChain.java:199)
		at org.apache.catalina.core.ApplicationFilterChain.doFilter(ApplicationFilterChain.java:144)
		at org.apache.tomcat.websocket.server.WsFilter.doFilter(WsFilter.java:51)
		at org.apache.catalina.core.ApplicationFilterChain.internalDoFilter(ApplicationFilterChain.java:168)
		at org.apache.catalina.core.ApplicationFilterChain.doFilter(ApplicationFilterChain.java:144)
		at org.apache.catalina.core.ApplicationDispatcher.invoke(ApplicationDispatcher.java:641)
		at org.apache.catalina.core.ApplicationDispatcher.processRequest(ApplicationDispatcher.java:415)
		at org.apache.catalina.core.ApplicationDispatcher.doForward(ApplicationDispatcher.java:347)
		at org.apache.catalina.core.ApplicationDispatcher.forward(ApplicationDispatcher.java:284)
		at pe.edu.vallegrande.controller.ProductController.listarProductos(ProductController.java:212)
		at pe.edu.vallegrande.controller.ProductController.service(ProductController.java:42)
		at javax.servlet.http.HttpServlet.service(HttpServlet.java:623)
		at org.apache.catalina.core.ApplicationFilterChain.internalDoFilter(ApplicationFilterChain.java:199)
		at org.apache.catalina.core.ApplicationFilterChain.doFilter(ApplicationFilterChain.java:144)
		at org.apache.tomcat.websocket.server.WsFilter.doFilter(WsFilter.java:51)
		at org.apache.catalina.core.ApplicationFilterChain.internalDoFilter(ApplicationFilterChain.java:168)
		at org.apache.catalina.core.ApplicationFilterChain.doFilter(ApplicationFilterChain.java:144)
		at org.apache.catalina.core.StandardWrapperValve.invoke(StandardWrapperValve.java:168)
		at org.apache.catalina.core.StandardContextValve.invoke(StandardContextValve.java:90)
		at org.apache.catalina.authenticator.AuthenticatorBase.invoke(AuthenticatorBase.java:482)
		at org.apache.catalina.core.StandardHostValve.invoke(StandardHostValve.java:130)
		at org.apache.catalina.valves.ErrorReportValve.invoke(ErrorReportValve.java:93)
		at org.apache.catalina.valves.AbstractAccessLogValve.invoke(AbstractAccessLogValve.java:660)
		at org.apache.catalina.core.StandardEngineValve.invoke(StandardEngineValve.java:74)
		at org.apache.catalina.connector.CoyoteAdapter.service(CoyoteAdapter.java:346)
		at org.apache.coyote.http11.Http11Processor.service(Http11Processor.java:383)
		at org.apache.coyote.AbstractProcessorLight.process(AbstractProcessorLight.java:63)
		at org.apache.coyote.AbstractProtocol$ConnectionHandler.process(AbstractProtocol.java:936)
		at org.apache.tomcat.util.net.NioEndpoint$SocketProcessor.doRun(NioEndpoint.java:1791)
		at org.apache.tomcat.util.net.SocketProcessorBase.run(SocketProcessorBase.java:52)
		at org.apache.tomcat.util.threads.ThreadPoolExecutor.runWorker(ThreadPoolExecutor.java:1190)
		at org.apache.tomcat.util.threads.ThreadPoolExecutor$Worker.run(ThreadPoolExecutor.java:659)
		at org.apache.tomcat.util.threads.TaskThread$WrappingRunnable.run(TaskThread.java:63)
		at java.base/java.lang.Thread.run(Thread.java:842)
25-Oct-2024 21:01:39.748 SEVERE [http-nio-8080-exec-4] org.apache.catalina.core.StandardWrapperValve.invoke El Servlet.service() para el servlet [pe.edu.vallegrande.controller.ProductController] en el contexto con ruta [/T03_BodegaLaEsquinita_P] lanzó la excepción [Ha sucedido una excepción al procesar la página JSP [/productos.jsp] en línea [104]

101:                 </thead>
102:                 <tbody>
103:                 <c:forEach var="producto" items="${productListar}">
104:                     <tr class="${producto.status == 'A' ? '' : 'inactivo'}">
105:                         <td>${producto.id}</td>
106:                         <td>${producto.name}</td>
107:                         <td>${producto.description}</td>


Stacktrace:] con causa raíz
	javax.el.ELException: No puedo convertir [A] desde tipo [class java.lang.String] a [class java.lang.Long]
		at org.apache.el.lang.ELSupport.coerceToNumber(ELSupport.java:396)
		at org.apache.el.lang.ELSupport.coerceToNumber(ELSupport.java:375)
		at org.apache.el.lang.ELSupport.equals(ELSupport.java:169)
		at org.apache.el.parser.AstEqual.getValue(AstEqual.java:38)
		at org.apache.el.parser.AstChoice.getValue(AstChoice.java:43)
		at org.apache.el.ValueExpressionImpl.getValue(ValueExpressionImpl.java:169)
		at org.apache.jasper.runtime.PageContextImpl.proprietaryEvaluate(PageContextImpl.java:690)
		at org.apache.jsp.productos_jsp._jspx_meth_c_005fforEach_005f0(productos_jsp.java:317)
		at org.apache.jsp.productos_jsp._jspService(productos_jsp.java:229)
		at org.apache.jasper.runtime.HttpJspBase.service(HttpJspBase.java:67)
		at javax.servlet.http.HttpServlet.service(HttpServlet.java:623)
		at org.apache.jasper.servlet.JspServletWrapper.service(JspServletWrapper.java:466)
		at org.apache.jasper.servlet.JspServlet.serviceJspFile(JspServlet.java:376)
		at org.apache.jasper.servlet.JspServlet.service(JspServlet.java:324)
		at javax.servlet.http.HttpServlet.service(HttpServlet.java:623)
		at org.apache.catalina.core.ApplicationFilterChain.internalDoFilter(ApplicationFilterChain.java:199)
		at org.apache.catalina.core.ApplicationFilterChain.doFilter(ApplicationFilterChain.java:144)
		at org.apache.tomcat.websocket.server.WsFilter.doFilter(WsFilter.java:51)
		at org.apache.catalina.core.ApplicationFilterChain.internalDoFilter(ApplicationFilterChain.java:168)
		at org.apache.catalina.core.ApplicationFilterChain.doFilter(ApplicationFilterChain.java:144)
		at org.apache.catalina.core.ApplicationDispatcher.invoke(ApplicationDispatcher.java:641)
		at org.apache.catalina.core.ApplicationDispatcher.processRequest(ApplicationDispatcher.java:415)
		at org.apache.catalina.core.ApplicationDispatcher.doForward(ApplicationDispatcher.java:347)
		at org.apache.catalina.core.ApplicationDispatcher.forward(ApplicationDispatcher.java:284)
		at pe.edu.vallegrande.controller.ProductController.listarProductos(ProductController.java:212)
		at pe.edu.vallegrande.controller.ProductController.service(ProductController.java:42)
		at javax.servlet.http.HttpServlet.service(HttpServlet.java:623)
		at org.apache.catalina.core.ApplicationFilterChain.internalDoFilter(ApplicationFilterChain.java:199)
		at org.apache.catalina.core.ApplicationFilterChain.doFilter(ApplicationFilterChain.java:144)
		at org.apache.tomcat.websocket.server.WsFilter.doFilter(WsFilter.java:51)
		at org.apache.catalina.core.ApplicationFilterChain.internalDoFilter(ApplicationFilterChain.java:168)
		at org.apache.catalina.core.ApplicationFilterChain.doFilter(ApplicationFilterChain.java:144)
		at org.apache.catalina.core.StandardWrapperValve.invoke(StandardWrapperValve.java:168)
		at org.apache.catalina.core.StandardContextValve.invoke(StandardContextValve.java:90)
		at org.apache.catalina.authenticator.AuthenticatorBase.invoke(AuthenticatorBase.java:482)
		at org.apache.catalina.core.StandardHostValve.invoke(StandardHostValve.java:130)
		at org.apache.catalina.valves.ErrorReportValve.invoke(ErrorReportValve.java:93)
		at org.apache.catalina.valves.AbstractAccessLogValve.invoke(AbstractAccessLogValve.java:660)
		at org.apache.catalina.core.StandardEngineValve.invoke(StandardEngineValve.java:74)
		at org.apache.catalina.connector.CoyoteAdapter.service(CoyoteAdapter.java:346)
		at org.apache.coyote.http11.Http11Processor.service(Http11Processor.java:383)
		at org.apache.coyote.AbstractProcessorLight.process(AbstractProcessorLight.java:63)
		at org.apache.coyote.AbstractProtocol$ConnectionHandler.process(AbstractProtocol.java:936)
		at org.apache.tomcat.util.net.NioEndpoint$SocketProcessor.doRun(NioEndpoint.java:1791)
		at org.apache.tomcat.util.net.SocketProcessorBase.run(SocketProcessorBase.java:52)
		at org.apache.tomcat.util.threads.ThreadPoolExecutor.runWorker(ThreadPoolExecutor.java:1190)
		at org.apache.tomcat.util.threads.ThreadPoolExecutor$Worker.run(ThreadPoolExecutor.java:659)
		at org.apache.tomcat.util.threads.TaskThread$WrappingRunnable.run(TaskThread.java:63)
		at java.base/java.lang.Thread.run(Thread.java:842)
25-Oct-2024 21:07:52.875 SEVERE [http-nio-8080-exec-6] org.apache.catalina.core.ApplicationDispatcher.invoke El Servlet.service() para servlet [jsp] lanzó una excepción
	javax.el.ELException: No puedo convertir [A] desde tipo [class java.lang.String] a [class java.lang.Long]
		at org.apache.el.lang.ELSupport.coerceToNumber(ELSupport.java:396)
		at org.apache.el.lang.ELSupport.coerceToNumber(ELSupport.java:375)
		at org.apache.el.lang.ELSupport.equals(ELSupport.java:169)
		at org.apache.el.parser.AstEqual.getValue(AstEqual.java:38)
		at org.apache.el.parser.AstChoice.getValue(AstChoice.java:43)
		at org.apache.el.ValueExpressionImpl.getValue(ValueExpressionImpl.java:169)
		at org.apache.jasper.runtime.PageContextImpl.proprietaryEvaluate(PageContextImpl.java:690)
		at org.apache.jsp.productos_jsp._jspx_meth_c_005fforEach_005f0(productos_jsp.java:322)
		at org.apache.jsp.productos_jsp._jspService(productos_jsp.java:229)
		at org.apache.jasper.runtime.HttpJspBase.service(HttpJspBase.java:67)
		at javax.servlet.http.HttpServlet.service(HttpServlet.java:623)
		at org.apache.jasper.servlet.JspServletWrapper.service(JspServletWrapper.java:466)
		at org.apache.jasper.servlet.JspServlet.serviceJspFile(JspServlet.java:376)
		at org.apache.jasper.servlet.JspServlet.service(JspServlet.java:324)
		at javax.servlet.http.HttpServlet.service(HttpServlet.java:623)
		at org.apache.catalina.core.ApplicationFilterChain.internalDoFilter(ApplicationFilterChain.java:199)
		at org.apache.catalina.core.ApplicationFilterChain.doFilter(ApplicationFilterChain.java:144)
		at org.apache.tomcat.websocket.server.WsFilter.doFilter(WsFilter.java:51)
		at org.apache.catalina.core.ApplicationFilterChain.internalDoFilter(ApplicationFilterChain.java:168)
		at org.apache.catalina.core.ApplicationFilterChain.doFilter(ApplicationFilterChain.java:144)
		at org.apache.catalina.core.ApplicationDispatcher.invoke(ApplicationDispatcher.java:641)
		at org.apache.catalina.core.ApplicationDispatcher.processRequest(ApplicationDispatcher.java:415)
		at org.apache.catalina.core.ApplicationDispatcher.doForward(ApplicationDispatcher.java:347)
		at org.apache.catalina.core.ApplicationDispatcher.forward(ApplicationDispatcher.java:284)
		at pe.edu.vallegrande.controller.ProductController.listarProductos(ProductController.java:212)
		at pe.edu.vallegrande.controller.ProductController.service(ProductController.java:42)
		at javax.servlet.http.HttpServlet.service(HttpServlet.java:623)
		at org.apache.catalina.core.ApplicationFilterChain.internalDoFilter(ApplicationFilterChain.java:199)
		at org.apache.catalina.core.ApplicationFilterChain.doFilter(ApplicationFilterChain.java:144)
		at org.apache.tomcat.websocket.server.WsFilter.doFilter(WsFilter.java:51)
		at org.apache.catalina.core.ApplicationFilterChain.internalDoFilter(ApplicationFilterChain.java:168)
		at org.apache.catalina.core.ApplicationFilterChain.doFilter(ApplicationFilterChain.java:144)
		at org.apache.catalina.core.StandardWrapperValve.invoke(StandardWrapperValve.java:168)
		at org.apache.catalina.core.StandardContextValve.invoke(StandardContextValve.java:90)
		at org.apache.catalina.authenticator.AuthenticatorBase.invoke(AuthenticatorBase.java:482)
		at org.apache.catalina.core.StandardHostValve.invoke(StandardHostValve.java:130)
		at org.apache.catalina.valves.ErrorReportValve.invoke(ErrorReportValve.java:93)
		at org.apache.catalina.valves.AbstractAccessLogValve.invoke(AbstractAccessLogValve.java:660)
		at org.apache.catalina.core.StandardEngineValve.invoke(StandardEngineValve.java:74)
		at org.apache.catalina.connector.CoyoteAdapter.service(CoyoteAdapter.java:346)
		at org.apache.coyote.http11.Http11Processor.service(Http11Processor.java:383)
		at org.apache.coyote.AbstractProcessorLight.process(AbstractProcessorLight.java:63)
		at org.apache.coyote.AbstractProtocol$ConnectionHandler.process(AbstractProtocol.java:936)
		at org.apache.tomcat.util.net.NioEndpoint$SocketProcessor.doRun(NioEndpoint.java:1791)
		at org.apache.tomcat.util.net.SocketProcessorBase.run(SocketProcessorBase.java:52)
		at org.apache.tomcat.util.threads.ThreadPoolExecutor.runWorker(ThreadPoolExecutor.java:1190)
		at org.apache.tomcat.util.threads.ThreadPoolExecutor$Worker.run(ThreadPoolExecutor.java:659)
		at org.apache.tomcat.util.threads.TaskThread$WrappingRunnable.run(TaskThread.java:63)
		at java.base/java.lang.Thread.run(Thread.java:842)
25-Oct-2024 21:07:52.875 SEVERE [http-nio-8080-exec-6] org.apache.catalina.core.StandardWrapperValve.invoke El Servlet.service() para el servlet [pe.edu.vallegrande.controller.ProductController] en el contexto con ruta [/T03_BodegaLaEsquinita_P] lanzó la excepción [Ha sucedido una excepción al procesar la página JSP [/productos.jsp] en línea [104]

101:                 </thead>
102:                 <tbody>
103:                 <c:forEach var="producto" items="${productListar}">
104:                     <tr class="${producto.status == 'A' ? '' : 'inactivo'}">
105:                         <td>${producto.id}</td>
106:                         <td>${producto.name}</td>
107:                         <td>${producto.description}</td>


Stacktrace:] con causa raíz
	javax.el.ELException: No puedo convertir [A] desde tipo [class java.lang.String] a [class java.lang.Long]
		at org.apache.el.lang.ELSupport.coerceToNumber(ELSupport.java:396)
		at org.apache.el.lang.ELSupport.coerceToNumber(ELSupport.java:375)
		at org.apache.el.lang.ELSupport.equals(ELSupport.java:169)
		at org.apache.el.parser.AstEqual.getValue(AstEqual.java:38)
		at org.apache.el.parser.AstChoice.getValue(AstChoice.java:43)
		at org.apache.el.ValueExpressionImpl.getValue(ValueExpressionImpl.java:169)
		at org.apache.jasper.runtime.PageContextImpl.proprietaryEvaluate(PageContextImpl.java:690)
		at org.apache.jsp.productos_jsp._jspx_meth_c_005fforEach_005f0(productos_jsp.java:322)
		at org.apache.jsp.productos_jsp._jspService(productos_jsp.java:229)
		at org.apache.jasper.runtime.HttpJspBase.service(HttpJspBase.java:67)
		at javax.servlet.http.HttpServlet.service(HttpServlet.java:623)
		at org.apache.jasper.servlet.JspServletWrapper.service(JspServletWrapper.java:466)
		at org.apache.jasper.servlet.JspServlet.serviceJspFile(JspServlet.java:376)
		at org.apache.jasper.servlet.JspServlet.service(JspServlet.java:324)
		at javax.servlet.http.HttpServlet.service(HttpServlet.java:623)
		at org.apache.catalina.core.ApplicationFilterChain.internalDoFilter(ApplicationFilterChain.java:199)
		at org.apache.catalina.core.ApplicationFilterChain.doFilter(ApplicationFilterChain.java:144)
		at org.apache.tomcat.websocket.server.WsFilter.doFilter(WsFilter.java:51)
		at org.apache.catalina.core.ApplicationFilterChain.internalDoFilter(ApplicationFilterChain.java:168)
		at org.apache.catalina.core.ApplicationFilterChain.doFilter(ApplicationFilterChain.java:144)
		at org.apache.catalina.core.ApplicationDispatcher.invoke(ApplicationDispatcher.java:641)
		at org.apache.catalina.core.ApplicationDispatcher.processRequest(ApplicationDispatcher.java:415)
		at org.apache.catalina.core.ApplicationDispatcher.doForward(ApplicationDispatcher.java:347)
		at org.apache.catalina.core.ApplicationDispatcher.forward(ApplicationDispatcher.java:284)
		at pe.edu.vallegrande.controller.ProductController.listarProductos(ProductController.java:212)
		at pe.edu.vallegrande.controller.ProductController.service(ProductController.java:42)
		at javax.servlet.http.HttpServlet.service(HttpServlet.java:623)
		at org.apache.catalina.core.ApplicationFilterChain.internalDoFilter(ApplicationFilterChain.java:199)
		at org.apache.catalina.core.ApplicationFilterChain.doFilter(ApplicationFilterChain.java:144)
		at org.apache.tomcat.websocket.server.WsFilter.doFilter(WsFilter.java:51)
		at org.apache.catalina.core.ApplicationFilterChain.internalDoFilter(ApplicationFilterChain.java:168)
		at org.apache.catalina.core.ApplicationFilterChain.doFilter(ApplicationFilterChain.java:144)
		at org.apache.catalina.core.StandardWrapperValve.invoke(StandardWrapperValve.java:168)
		at org.apache.catalina.core.StandardContextValve.invoke(StandardContextValve.java:90)
		at org.apache.catalina.authenticator.AuthenticatorBase.invoke(AuthenticatorBase.java:482)
		at org.apache.catalina.core.StandardHostValve.invoke(StandardHostValve.java:130)
		at org.apache.catalina.valves.ErrorReportValve.invoke(ErrorReportValve.java:93)
		at org.apache.catalina.valves.AbstractAccessLogValve.invoke(AbstractAccessLogValve.java:660)
		at org.apache.catalina.core.StandardEngineValve.invoke(StandardEngineValve.java:74)
		at org.apache.catalina.connector.CoyoteAdapter.service(CoyoteAdapter.java:346)
		at org.apache.coyote.http11.Http11Processor.service(Http11Processor.java:383)
		at org.apache.coyote.AbstractProcessorLight.process(AbstractProcessorLight.java:63)
		at org.apache.coyote.AbstractProtocol$ConnectionHandler.process(AbstractProtocol.java:936)
		at org.apache.tomcat.util.net.NioEndpoint$SocketProcessor.doRun(NioEndpoint.java:1791)
		at org.apache.tomcat.util.net.SocketProcessorBase.run(SocketProcessorBase.java:52)
		at org.apache.tomcat.util.threads.ThreadPoolExecutor.runWorker(ThreadPoolExecutor.java:1190)
		at org.apache.tomcat.util.threads.ThreadPoolExecutor$Worker.run(ThreadPoolExecutor.java:659)
		at org.apache.tomcat.util.threads.TaskThread$WrappingRunnable.run(TaskThread.java:63)
		at java.base/java.lang.Thread.run(Thread.java:842)
25-Oct-2024 22:00:05.278 SEVERE [http-nio-8080-exec-3] org.apache.catalina.core.ApplicationDispatcher.invoke El Servlet.service() para servlet [jsp] lanzó una excepción
	javax.el.ELException: No puedo convertir [I] desde tipo [class java.lang.String] a [class java.lang.Long]
		at org.apache.el.lang.ELSupport.coerceToNumber(ELSupport.java:396)
		at org.apache.el.lang.ELSupport.coerceToNumber(ELSupport.java:375)
		at org.apache.el.lang.ELSupport.equals(ELSupport.java:169)
		at org.apache.el.parser.AstEqual.getValue(AstEqual.java:38)
		at org.apache.el.parser.AstChoice.getValue(AstChoice.java:43)
		at org.apache.el.ValueExpressionImpl.getValue(ValueExpressionImpl.java:169)
		at org.apache.jasper.runtime.PageContextImpl.proprietaryEvaluate(PageContextImpl.java:690)
		at org.apache.jsp.productos_jsp._jspx_meth_c_005fforEach_005f0(productos_jsp.java:327)
		at org.apache.jsp.productos_jsp._jspService(productos_jsp.java:229)
		at org.apache.jasper.runtime.HttpJspBase.service(HttpJspBase.java:67)
		at javax.servlet.http.HttpServlet.service(HttpServlet.java:623)
		at org.apache.jasper.servlet.JspServletWrapper.service(JspServletWrapper.java:466)
		at org.apache.jasper.servlet.JspServlet.serviceJspFile(JspServlet.java:376)
		at org.apache.jasper.servlet.JspServlet.service(JspServlet.java:324)
		at javax.servlet.http.HttpServlet.service(HttpServlet.java:623)
		at org.apache.catalina.core.ApplicationFilterChain.internalDoFilter(ApplicationFilterChain.java:199)
		at org.apache.catalina.core.ApplicationFilterChain.doFilter(ApplicationFilterChain.java:144)
		at org.apache.tomcat.websocket.server.WsFilter.doFilter(WsFilter.java:51)
		at org.apache.catalina.core.ApplicationFilterChain.internalDoFilter(ApplicationFilterChain.java:168)
		at org.apache.catalina.core.ApplicationFilterChain.doFilter(ApplicationFilterChain.java:144)
		at org.apache.catalina.core.ApplicationDispatcher.invoke(ApplicationDispatcher.java:641)
		at org.apache.catalina.core.ApplicationDispatcher.processRequest(ApplicationDispatcher.java:415)
		at org.apache.catalina.core.ApplicationDispatcher.doForward(ApplicationDispatcher.java:347)
		at org.apache.catalina.core.ApplicationDispatcher.forward(ApplicationDispatcher.java:284)
		at pe.edu.vallegrande.controller.ProductController.listarProductos(ProductController.java:222)
		at pe.edu.vallegrande.controller.ProductController.service(ProductController.java:42)
		at javax.servlet.http.HttpServlet.service(HttpServlet.java:623)
		at org.apache.catalina.core.ApplicationFilterChain.internalDoFilter(ApplicationFilterChain.java:199)
		at org.apache.catalina.core.ApplicationFilterChain.doFilter(ApplicationFilterChain.java:144)
		at org.apache.tomcat.websocket.server.WsFilter.doFilter(WsFilter.java:51)
		at org.apache.catalina.core.ApplicationFilterChain.internalDoFilter(ApplicationFilterChain.java:168)
		at org.apache.catalina.core.ApplicationFilterChain.doFilter(ApplicationFilterChain.java:144)
		at org.apache.catalina.core.StandardWrapperValve.invoke(StandardWrapperValve.java:168)
		at org.apache.catalina.core.StandardContextValve.invoke(StandardContextValve.java:90)
		at org.apache.catalina.authenticator.AuthenticatorBase.invoke(AuthenticatorBase.java:482)
		at org.apache.catalina.core.StandardHostValve.invoke(StandardHostValve.java:130)
		at org.apache.catalina.valves.ErrorReportValve.invoke(ErrorReportValve.java:93)
		at org.apache.catalina.valves.AbstractAccessLogValve.invoke(AbstractAccessLogValve.java:660)
		at org.apache.catalina.core.StandardEngineValve.invoke(StandardEngineValve.java:74)
		at org.apache.catalina.connector.CoyoteAdapter.service(CoyoteAdapter.java:346)
		at org.apache.coyote.http11.Http11Processor.service(Http11Processor.java:383)
		at org.apache.coyote.AbstractProcessorLight.process(AbstractProcessorLight.java:63)
		at org.apache.coyote.AbstractProtocol$ConnectionHandler.process(AbstractProtocol.java:936)
		at org.apache.tomcat.util.net.NioEndpoint$SocketProcessor.doRun(NioEndpoint.java:1791)
		at org.apache.tomcat.util.net.SocketProcessorBase.run(SocketProcessorBase.java:52)
		at org.apache.tomcat.util.threads.ThreadPoolExecutor.runWorker(ThreadPoolExecutor.java:1190)
		at org.apache.tomcat.util.threads.ThreadPoolExecutor$Worker.run(ThreadPoolExecutor.java:659)
		at org.apache.tomcat.util.threads.TaskThread$WrappingRunnable.run(TaskThread.java:63)
		at java.base/java.lang.Thread.run(Thread.java:842)
25-Oct-2024 22:00:05.278 SEVERE [http-nio-8080-exec-3] org.apache.catalina.core.StandardWrapperValve.invoke El Servlet.service() para el servlet [pe.edu.vallegrande.controller.ProductController] en el contexto con ruta [/T03_BodegaLaEsquinita_P] lanzó la excepción [Ha sucedido una excepción al procesar la página JSP [/productos.jsp] en línea [104]

101:                 </thead>
102:                 <tbody>
103:                 <c:forEach var="producto" items="${productListar}">
104:                     <tr class="${producto.status == 'I' ? 'inactivo' : ''}">
105:                         <td>${producto.id}</td>
106:                         <td>${producto.name}</td>
107:                         <td>${producto.description}</td>


Stacktrace:] con causa raíz
	javax.el.ELException: No puedo convertir [I] desde tipo [class java.lang.String] a [class java.lang.Long]
		at org.apache.el.lang.ELSupport.coerceToNumber(ELSupport.java:396)
		at org.apache.el.lang.ELSupport.coerceToNumber(ELSupport.java:375)
		at org.apache.el.lang.ELSupport.equals(ELSupport.java:169)
		at org.apache.el.parser.AstEqual.getValue(AstEqual.java:38)
		at org.apache.el.parser.AstChoice.getValue(AstChoice.java:43)
		at org.apache.el.ValueExpressionImpl.getValue(ValueExpressionImpl.java:169)
		at org.apache.jasper.runtime.PageContextImpl.proprietaryEvaluate(PageContextImpl.java:690)
		at org.apache.jsp.productos_jsp._jspx_meth_c_005fforEach_005f0(productos_jsp.java:327)
		at org.apache.jsp.productos_jsp._jspService(productos_jsp.java:229)
		at org.apache.jasper.runtime.HttpJspBase.service(HttpJspBase.java:67)
		at javax.servlet.http.HttpServlet.service(HttpServlet.java:623)
		at org.apache.jasper.servlet.JspServletWrapper.service(JspServletWrapper.java:466)
		at org.apache.jasper.servlet.JspServlet.serviceJspFile(JspServlet.java:376)
		at org.apache.jasper.servlet.JspServlet.service(JspServlet.java:324)
		at javax.servlet.http.HttpServlet.service(HttpServlet.java:623)
		at org.apache.catalina.core.ApplicationFilterChain.internalDoFilter(ApplicationFilterChain.java:199)
		at org.apache.catalina.core.ApplicationFilterChain.doFilter(ApplicationFilterChain.java:144)
		at org.apache.tomcat.websocket.server.WsFilter.doFilter(WsFilter.java:51)
		at org.apache.catalina.core.ApplicationFilterChain.internalDoFilter(ApplicationFilterChain.java:168)
		at org.apache.catalina.core.ApplicationFilterChain.doFilter(ApplicationFilterChain.java:144)
		at org.apache.catalina.core.ApplicationDispatcher.invoke(ApplicationDispatcher.java:641)
		at org.apache.catalina.core.ApplicationDispatcher.processRequest(ApplicationDispatcher.java:415)
		at org.apache.catalina.core.ApplicationDispatcher.doForward(ApplicationDispatcher.java:347)
		at org.apache.catalina.core.ApplicationDispatcher.forward(ApplicationDispatcher.java:284)
		at pe.edu.vallegrande.controller.ProductController.listarProductos(ProductController.java:222)
		at pe.edu.vallegrande.controller.ProductController.service(ProductController.java:42)
		at javax.servlet.http.HttpServlet.service(HttpServlet.java:623)
		at org.apache.catalina.core.ApplicationFilterChain.internalDoFilter(ApplicationFilterChain.java:199)
		at org.apache.catalina.core.ApplicationFilterChain.doFilter(ApplicationFilterChain.java:144)
		at org.apache.tomcat.websocket.server.WsFilter.doFilter(WsFilter.java:51)
		at org.apache.catalina.core.ApplicationFilterChain.internalDoFilter(ApplicationFilterChain.java:168)
		at org.apache.catalina.core.ApplicationFilterChain.doFilter(ApplicationFilterChain.java:144)
		at org.apache.catalina.core.StandardWrapperValve.invoke(StandardWrapperValve.java:168)
		at org.apache.catalina.core.StandardContextValve.invoke(StandardContextValve.java:90)
		at org.apache.catalina.authenticator.AuthenticatorBase.invoke(AuthenticatorBase.java:482)
		at org.apache.catalina.core.StandardHostValve.invoke(StandardHostValve.java:130)
		at org.apache.catalina.valves.ErrorReportValve.invoke(ErrorReportValve.java:93)
		at org.apache.catalina.valves.AbstractAccessLogValve.invoke(AbstractAccessLogValve.java:660)
		at org.apache.catalina.core.StandardEngineValve.invoke(StandardEngineValve.java:74)
		at org.apache.catalina.connector.CoyoteAdapter.service(CoyoteAdapter.java:346)
		at org.apache.coyote.http11.Http11Processor.service(Http11Processor.java:383)
		at org.apache.coyote.AbstractProcessorLight.process(AbstractProcessorLight.java:63)
		at org.apache.coyote.AbstractProtocol$ConnectionHandler.process(AbstractProtocol.java:936)
		at org.apache.tomcat.util.net.NioEndpoint$SocketProcessor.doRun(NioEndpoint.java:1791)
		at org.apache.tomcat.util.net.SocketProcessorBase.run(SocketProcessorBase.java:52)
		at org.apache.tomcat.util.threads.ThreadPoolExecutor.runWorker(ThreadPoolExecutor.java:1190)
		at org.apache.tomcat.util.threads.ThreadPoolExecutor$Worker.run(ThreadPoolExecutor.java:659)
		at org.apache.tomcat.util.threads.TaskThread$WrappingRunnable.run(TaskThread.java:63)
		at java.base/java.lang.Thread.run(Thread.java:842)
25-Oct-2024 22:00:27.077 SEVERE [http-nio-8080-exec-1] org.apache.catalina.core.ApplicationDispatcher.invoke El Servlet.service() para servlet [jsp] lanzó una excepción
	javax.el.ELException: No puedo convertir [A] desde tipo [class java.lang.String] a [class java.lang.Long]
		at org.apache.el.lang.ELSupport.coerceToNumber(ELSupport.java:396)
		at org.apache.el.lang.ELSupport.coerceToNumber(ELSupport.java:375)
		at org.apache.el.lang.ELSupport.equals(ELSupport.java:169)
		at org.apache.el.parser.AstEqual.getValue(AstEqual.java:38)
		at org.apache.el.parser.AstChoice.getValue(AstChoice.java:43)
		at org.apache.el.ValueExpressionImpl.getValue(ValueExpressionImpl.java:169)
		at org.apache.jasper.runtime.PageContextImpl.proprietaryEvaluate(PageContextImpl.java:690)
		at org.apache.jsp.productos_jsp._jspx_meth_c_005fforEach_005f0(productos_jsp.java:352)
		at org.apache.jsp.productos_jsp._jspService(productos_jsp.java:229)
		at org.apache.jasper.runtime.HttpJspBase.service(HttpJspBase.java:67)
		at javax.servlet.http.HttpServlet.service(HttpServlet.java:623)
		at org.apache.jasper.servlet.JspServletWrapper.service(JspServletWrapper.java:466)
		at org.apache.jasper.servlet.JspServlet.serviceJspFile(JspServlet.java:376)
		at org.apache.jasper.servlet.JspServlet.service(JspServlet.java:324)
		at javax.servlet.http.HttpServlet.service(HttpServlet.java:623)
		at org.apache.catalina.core.ApplicationFilterChain.internalDoFilter(ApplicationFilterChain.java:199)
		at org.apache.catalina.core.ApplicationFilterChain.doFilter(ApplicationFilterChain.java:144)
		at org.apache.tomcat.websocket.server.WsFilter.doFilter(WsFilter.java:51)
		at org.apache.catalina.core.ApplicationFilterChain.internalDoFilter(ApplicationFilterChain.java:168)
		at org.apache.catalina.core.ApplicationFilterChain.doFilter(ApplicationFilterChain.java:144)
		at org.apache.catalina.core.ApplicationDispatcher.invoke(ApplicationDispatcher.java:641)
		at org.apache.catalina.core.ApplicationDispatcher.processRequest(ApplicationDispatcher.java:415)
		at org.apache.catalina.core.ApplicationDispatcher.doForward(ApplicationDispatcher.java:347)
		at org.apache.catalina.core.ApplicationDispatcher.forward(ApplicationDispatcher.java:284)
		at pe.edu.vallegrande.controller.ProductController.listarProductos(ProductController.java:222)
		at pe.edu.vallegrande.controller.ProductController.service(ProductController.java:42)
		at javax.servlet.http.HttpServlet.service(HttpServlet.java:623)
		at org.apache.catalina.core.ApplicationFilterChain.internalDoFilter(ApplicationFilterChain.java:199)
		at org.apache.catalina.core.ApplicationFilterChain.doFilter(ApplicationFilterChain.java:144)
		at org.apache.tomcat.websocket.server.WsFilter.doFilter(WsFilter.java:51)
		at org.apache.catalina.core.ApplicationFilterChain.internalDoFilter(ApplicationFilterChain.java:168)
		at org.apache.catalina.core.ApplicationFilterChain.doFilter(ApplicationFilterChain.java:144)
		at org.apache.catalina.core.StandardWrapperValve.invoke(StandardWrapperValve.java:168)
		at org.apache.catalina.core.StandardContextValve.invoke(StandardContextValve.java:90)
		at org.apache.catalina.authenticator.AuthenticatorBase.invoke(AuthenticatorBase.java:482)
		at org.apache.catalina.core.StandardHostValve.invoke(StandardHostValve.java:130)
		at org.apache.catalina.valves.ErrorReportValve.invoke(ErrorReportValve.java:93)
		at org.apache.catalina.valves.AbstractAccessLogValve.invoke(AbstractAccessLogValve.java:660)
		at org.apache.catalina.core.StandardEngineValve.invoke(StandardEngineValve.java:74)
		at org.apache.catalina.connector.CoyoteAdapter.service(CoyoteAdapter.java:346)
		at org.apache.coyote.http11.Http11Processor.service(Http11Processor.java:383)
		at org.apache.coyote.AbstractProcessorLight.process(AbstractProcessorLight.java:63)
		at org.apache.coyote.AbstractProtocol$ConnectionHandler.process(AbstractProtocol.java:936)
		at org.apache.tomcat.util.net.NioEndpoint$SocketProcessor.doRun(NioEndpoint.java:1791)
		at org.apache.tomcat.util.net.SocketProcessorBase.run(SocketProcessorBase.java:52)
		at org.apache.tomcat.util.threads.ThreadPoolExecutor.runWorker(ThreadPoolExecutor.java:1190)
		at org.apache.tomcat.util.threads.ThreadPoolExecutor$Worker.run(ThreadPoolExecutor.java:659)
		at org.apache.tomcat.util.threads.TaskThread$WrappingRunnable.run(TaskThread.java:63)
		at java.base/java.lang.Thread.run(Thread.java:842)
25-Oct-2024 22:00:27.077 SEVERE [http-nio-8080-exec-1] org.apache.catalina.core.StandardWrapperValve.invoke El Servlet.service() para el servlet [pe.edu.vallegrande.controller.ProductController] en el contexto con ruta [/T03_BodegaLaEsquinita_P] lanzó la excepción [Ha sucedido una excepción al procesar la página JSP [/productos.jsp] en línea [113]

110:                         <td>${producto.stock}</td>
111:                         <td>${producto.price}</td>
112:                         <td>${producto.expirationDate}</td>
113:                         <td>${producto.status == 'A' ? 'Activo' : 'Inactivo'}</td>
114:                         <td>${producto.codeProduct}</td>
115:                         <td>
116:                             <a href="editarProduct?id=${producto.id}" class="btn btn-primary">Editar</a>


Stacktrace:] con causa raíz
	javax.el.ELException: No puedo convertir [A] desde tipo [class java.lang.String] a [class java.lang.Long]
		at org.apache.el.lang.ELSupport.coerceToNumber(ELSupport.java:396)
		at org.apache.el.lang.ELSupport.coerceToNumber(ELSupport.java:375)
		at org.apache.el.lang.ELSupport.equals(ELSupport.java:169)
		at org.apache.el.parser.AstEqual.getValue(AstEqual.java:38)
		at org.apache.el.parser.AstChoice.getValue(AstChoice.java:43)
		at org.apache.el.ValueExpressionImpl.getValue(ValueExpressionImpl.java:169)
		at org.apache.jasper.runtime.PageContextImpl.proprietaryEvaluate(PageContextImpl.java:690)
		at org.apache.jsp.productos_jsp._jspx_meth_c_005fforEach_005f0(productos_jsp.java:352)
		at org.apache.jsp.productos_jsp._jspService(productos_jsp.java:229)
		at org.apache.jasper.runtime.HttpJspBase.service(HttpJspBase.java:67)
		at javax.servlet.http.HttpServlet.service(HttpServlet.java:623)
		at org.apache.jasper.servlet.JspServletWrapper.service(JspServletWrapper.java:466)
		at org.apache.jasper.servlet.JspServlet.serviceJspFile(JspServlet.java:376)
		at org.apache.jasper.servlet.JspServlet.service(JspServlet.java:324)
		at javax.servlet.http.HttpServlet.service(HttpServlet.java:623)
		at org.apache.catalina.core.ApplicationFilterChain.internalDoFilter(ApplicationFilterChain.java:199)
		at org.apache.catalina.core.ApplicationFilterChain.doFilter(ApplicationFilterChain.java:144)
		at org.apache.tomcat.websocket.server.WsFilter.doFilter(WsFilter.java:51)
		at org.apache.catalina.core.ApplicationFilterChain.internalDoFilter(ApplicationFilterChain.java:168)
		at org.apache.catalina.core.ApplicationFilterChain.doFilter(ApplicationFilterChain.java:144)
		at org.apache.catalina.core.ApplicationDispatcher.invoke(ApplicationDispatcher.java:641)
		at org.apache.catalina.core.ApplicationDispatcher.processRequest(ApplicationDispatcher.java:415)
		at org.apache.catalina.core.ApplicationDispatcher.doForward(ApplicationDispatcher.java:347)
		at org.apache.catalina.core.ApplicationDispatcher.forward(ApplicationDispatcher.java:284)
		at pe.edu.vallegrande.controller.ProductController.listarProductos(ProductController.java:222)
		at pe.edu.vallegrande.controller.ProductController.service(ProductController.java:42)
		at javax.servlet.http.HttpServlet.service(HttpServlet.java:623)
		at org.apache.catalina.core.ApplicationFilterChain.internalDoFilter(ApplicationFilterChain.java:199)
		at org.apache.catalina.core.ApplicationFilterChain.doFilter(ApplicationFilterChain.java:144)
		at org.apache.tomcat.websocket.server.WsFilter.doFilter(WsFilter.java:51)
		at org.apache.catalina.core.ApplicationFilterChain.internalDoFilter(ApplicationFilterChain.java:168)
		at org.apache.catalina.core.ApplicationFilterChain.doFilter(ApplicationFilterChain.java:144)
		at org.apache.catalina.core.StandardWrapperValve.invoke(StandardWrapperValve.java:168)
		at org.apache.catalina.core.StandardContextValve.invoke(StandardContextValve.java:90)
		at org.apache.catalina.authenticator.AuthenticatorBase.invoke(AuthenticatorBase.java:482)
		at org.apache.catalina.core.StandardHostValve.invoke(StandardHostValve.java:130)
		at org.apache.catalina.valves.ErrorReportValve.invoke(ErrorReportValve.java:93)
		at org.apache.catalina.valves.AbstractAccessLogValve.invoke(AbstractAccessLogValve.java:660)
		at org.apache.catalina.core.StandardEngineValve.invoke(StandardEngineValve.java:74)
		at org.apache.catalina.connector.CoyoteAdapter.service(CoyoteAdapter.java:346)
		at org.apache.coyote.http11.Http11Processor.service(Http11Processor.java:383)
		at org.apache.coyote.AbstractProcessorLight.process(AbstractProcessorLight.java:63)
		at org.apache.coyote.AbstractProtocol$ConnectionHandler.process(AbstractProtocol.java:936)
		at org.apache.tomcat.util.net.NioEndpoint$SocketProcessor.doRun(NioEndpoint.java:1791)
		at org.apache.tomcat.util.net.SocketProcessorBase.run(SocketProcessorBase.java:52)
		at org.apache.tomcat.util.threads.ThreadPoolExecutor.runWorker(ThreadPoolExecutor.java:1190)
		at org.apache.tomcat.util.threads.ThreadPoolExecutor$Worker.run(ThreadPoolExecutor.java:659)
		at org.apache.tomcat.util.threads.TaskThread$WrappingRunnable.run(TaskThread.java:63)
		at java.base/java.lang.Thread.run(Thread.java:842)
25-Oct-2024 22:00:36.185 SEVERE [http-nio-8080-exec-4] org.apache.catalina.core.ApplicationDispatcher.invoke El Servlet.service() para servlet [jsp] lanzó una excepción
	javax.el.ELException: No puedo convertir [A] desde tipo [class java.lang.String] a [class java.lang.Long]
		at org.apache.el.lang.ELSupport.coerceToNumber(ELSupport.java:396)
		at org.apache.el.lang.ELSupport.coerceToNumber(ELSupport.java:375)
		at org.apache.el.lang.ELSupport.equals(ELSupport.java:169)
		at org.apache.el.parser.AstEqual.getValue(AstEqual.java:38)
		at org.apache.el.parser.AstChoice.getValue(AstChoice.java:43)
		at org.apache.el.ValueExpressionImpl.getValue(ValueExpressionImpl.java:169)
		at org.apache.jasper.runtime.PageContextImpl.proprietaryEvaluate(PageContextImpl.java:690)
		at org.apache.jsp.productos_jsp._jspx_meth_c_005fforEach_005f0(productos_jsp.java:352)
		at org.apache.jsp.productos_jsp._jspService(productos_jsp.java:229)
		at org.apache.jasper.runtime.HttpJspBase.service(HttpJspBase.java:67)
		at javax.servlet.http.HttpServlet.service(HttpServlet.java:623)
		at org.apache.jasper.servlet.JspServletWrapper.service(JspServletWrapper.java:466)
		at org.apache.jasper.servlet.JspServlet.serviceJspFile(JspServlet.java:376)
		at org.apache.jasper.servlet.JspServlet.service(JspServlet.java:324)
		at javax.servlet.http.HttpServlet.service(HttpServlet.java:623)
		at org.apache.catalina.core.ApplicationFilterChain.internalDoFilter(ApplicationFilterChain.java:199)
		at org.apache.catalina.core.ApplicationFilterChain.doFilter(ApplicationFilterChain.java:144)
		at org.apache.tomcat.websocket.server.WsFilter.doFilter(WsFilter.java:51)
		at org.apache.catalina.core.ApplicationFilterChain.internalDoFilter(ApplicationFilterChain.java:168)
		at org.apache.catalina.core.ApplicationFilterChain.doFilter(ApplicationFilterChain.java:144)
		at org.apache.catalina.core.ApplicationDispatcher.invoke(ApplicationDispatcher.java:641)
		at org.apache.catalina.core.ApplicationDispatcher.processRequest(ApplicationDispatcher.java:415)
		at org.apache.catalina.core.ApplicationDispatcher.doForward(ApplicationDispatcher.java:347)
		at org.apache.catalina.core.ApplicationDispatcher.forward(ApplicationDispatcher.java:284)
		at pe.edu.vallegrande.controller.ProductController.listarProductos(ProductController.java:222)
		at pe.edu.vallegrande.controller.ProductController.service(ProductController.java:42)
		at javax.servlet.http.HttpServlet.service(HttpServlet.java:623)
		at org.apache.catalina.core.ApplicationFilterChain.internalDoFilter(ApplicationFilterChain.java:199)
		at org.apache.catalina.core.ApplicationFilterChain.doFilter(ApplicationFilterChain.java:144)
		at org.apache.tomcat.websocket.server.WsFilter.doFilter(WsFilter.java:51)
		at org.apache.catalina.core.ApplicationFilterChain.internalDoFilter(ApplicationFilterChain.java:168)
		at org.apache.catalina.core.ApplicationFilterChain.doFilter(ApplicationFilterChain.java:144)
		at org.apache.catalina.core.StandardWrapperValve.invoke(StandardWrapperValve.java:168)
		at org.apache.catalina.core.StandardContextValve.invoke(StandardContextValve.java:90)
		at org.apache.catalina.authenticator.AuthenticatorBase.invoke(AuthenticatorBase.java:482)
		at org.apache.catalina.core.StandardHostValve.invoke(StandardHostValve.java:130)
		at org.apache.catalina.valves.ErrorReportValve.invoke(ErrorReportValve.java:93)
		at org.apache.catalina.valves.AbstractAccessLogValve.invoke(AbstractAccessLogValve.java:660)
		at org.apache.catalina.core.StandardEngineValve.invoke(StandardEngineValve.java:74)
		at org.apache.catalina.connector.CoyoteAdapter.service(CoyoteAdapter.java:346)
		at org.apache.coyote.http11.Http11Processor.service(Http11Processor.java:383)
		at org.apache.coyote.AbstractProcessorLight.process(AbstractProcessorLight.java:63)
		at org.apache.coyote.AbstractProtocol$ConnectionHandler.process(AbstractProtocol.java:936)
		at org.apache.tomcat.util.net.NioEndpoint$SocketProcessor.doRun(NioEndpoint.java:1791)
		at org.apache.tomcat.util.net.SocketProcessorBase.run(SocketProcessorBase.java:52)
		at org.apache.tomcat.util.threads.ThreadPoolExecutor.runWorker(ThreadPoolExecutor.java:1190)
		at org.apache.tomcat.util.threads.ThreadPoolExecutor$Worker.run(ThreadPoolExecutor.java:659)
		at org.apache.tomcat.util.threads.TaskThread$WrappingRunnable.run(TaskThread.java:63)
		at java.base/java.lang.Thread.run(Thread.java:842)
25-Oct-2024 22:00:36.185 SEVERE [http-nio-8080-exec-4] org.apache.catalina.core.StandardWrapperValve.invoke El Servlet.service() para el servlet [pe.edu.vallegrande.controller.ProductController] en el contexto con ruta [/T03_BodegaLaEsquinita_P] lanzó la excepción [Ha sucedido una excepción al procesar la página JSP [/productos.jsp] en línea [113]

110:                         <td>${producto.stock}</td>
111:                         <td>${producto.price}</td>
112:                         <td>${producto.expirationDate}</td>
113:                         <td>${producto.status == 'A' ? 'Activo' : 'Inactivo'}</td>
114:                         <td>${producto.codeProduct}</td>
115:                         <td>
116:                             <a href="editarProduct?id=${producto.id}" class="btn btn-primary">Editar</a>


Stacktrace:] con causa raíz
	javax.el.ELException: No puedo convertir [A] desde tipo [class java.lang.String] a [class java.lang.Long]
		at org.apache.el.lang.ELSupport.coerceToNumber(ELSupport.java:396)
		at org.apache.el.lang.ELSupport.coerceToNumber(ELSupport.java:375)
		at org.apache.el.lang.ELSupport.equals(ELSupport.java:169)
		at org.apache.el.parser.AstEqual.getValue(AstEqual.java:38)
		at org.apache.el.parser.AstChoice.getValue(AstChoice.java:43)
		at org.apache.el.ValueExpressionImpl.getValue(ValueExpressionImpl.java:169)
		at org.apache.jasper.runtime.PageContextImpl.proprietaryEvaluate(PageContextImpl.java:690)
		at org.apache.jsp.productos_jsp._jspx_meth_c_005fforEach_005f0(productos_jsp.java:352)
		at org.apache.jsp.productos_jsp._jspService(productos_jsp.java:229)
		at org.apache.jasper.runtime.HttpJspBase.service(HttpJspBase.java:67)
		at javax.servlet.http.HttpServlet.service(HttpServlet.java:623)
		at org.apache.jasper.servlet.JspServletWrapper.service(JspServletWrapper.java:466)
		at org.apache.jasper.servlet.JspServlet.serviceJspFile(JspServlet.java:376)
		at org.apache.jasper.servlet.JspServlet.service(JspServlet.java:324)
		at javax.servlet.http.HttpServlet.service(HttpServlet.java:623)
		at org.apache.catalina.core.ApplicationFilterChain.internalDoFilter(ApplicationFilterChain.java:199)
		at org.apache.catalina.core.ApplicationFilterChain.doFilter(ApplicationFilterChain.java:144)
		at org.apache.tomcat.websocket.server.WsFilter.doFilter(WsFilter.java:51)
		at org.apache.catalina.core.ApplicationFilterChain.internalDoFilter(ApplicationFilterChain.java:168)
		at org.apache.catalina.core.ApplicationFilterChain.doFilter(ApplicationFilterChain.java:144)
		at org.apache.catalina.core.ApplicationDispatcher.invoke(ApplicationDispatcher.java:641)
		at org.apache.catalina.core.ApplicationDispatcher.processRequest(ApplicationDispatcher.java:415)
		at org.apache.catalina.core.ApplicationDispatcher.doForward(ApplicationDispatcher.java:347)
		at org.apache.catalina.core.ApplicationDispatcher.forward(ApplicationDispatcher.java:284)
		at pe.edu.vallegrande.controller.ProductController.listarProductos(ProductController.java:222)
		at pe.edu.vallegrande.controller.ProductController.service(ProductController.java:42)
		at javax.servlet.http.HttpServlet.service(HttpServlet.java:623)
		at org.apache.catalina.core.ApplicationFilterChain.internalDoFilter(ApplicationFilterChain.java:199)
		at org.apache.catalina.core.ApplicationFilterChain.doFilter(ApplicationFilterChain.java:144)
		at org.apache.tomcat.websocket.server.WsFilter.doFilter(WsFilter.java:51)
		at org.apache.catalina.core.ApplicationFilterChain.internalDoFilter(ApplicationFilterChain.java:168)
		at org.apache.catalina.core.ApplicationFilterChain.doFilter(ApplicationFilterChain.java:144)
		at org.apache.catalina.core.StandardWrapperValve.invoke(StandardWrapperValve.java:168)
		at org.apache.catalina.core.StandardContextValve.invoke(StandardContextValve.java:90)
		at org.apache.catalina.authenticator.AuthenticatorBase.invoke(AuthenticatorBase.java:482)
		at org.apache.catalina.core.StandardHostValve.invoke(StandardHostValve.java:130)
		at org.apache.catalina.valves.ErrorReportValve.invoke(ErrorReportValve.java:93)
		at org.apache.catalina.valves.AbstractAccessLogValve.invoke(AbstractAccessLogValve.java:660)
		at org.apache.catalina.core.StandardEngineValve.invoke(StandardEngineValve.java:74)
		at org.apache.catalina.connector.CoyoteAdapter.service(CoyoteAdapter.java:346)
		at org.apache.coyote.http11.Http11Processor.service(Http11Processor.java:383)
		at org.apache.coyote.AbstractProcessorLight.process(AbstractProcessorLight.java:63)
		at org.apache.coyote.AbstractProtocol$ConnectionHandler.process(AbstractProtocol.java:936)
		at org.apache.tomcat.util.net.NioEndpoint$SocketProcessor.doRun(NioEndpoint.java:1791)
		at org.apache.tomcat.util.net.SocketProcessorBase.run(SocketProcessorBase.java:52)
		at org.apache.tomcat.util.threads.ThreadPoolExecutor.runWorker(ThreadPoolExecutor.java:1190)
		at org.apache.tomcat.util.threads.ThreadPoolExecutor$Worker.run(ThreadPoolExecutor.java:659)
		at org.apache.tomcat.util.threads.TaskThread$WrappingRunnable.run(TaskThread.java:63)
		at java.base/java.lang.Thread.run(Thread.java:842)
25-Oct-2024 22:00:52.047 SEVERE [http-nio-8080-exec-9] org.apache.catalina.core.ApplicationDispatcher.invoke El Servlet.service() para servlet [jsp] lanzó una excepción
	javax.el.ELException: No puedo convertir [A] desde tipo [class java.lang.String] a [class java.lang.Long]
		at org.apache.el.lang.ELSupport.coerceToNumber(ELSupport.java:396)
		at org.apache.el.lang.ELSupport.coerceToNumber(ELSupport.java:375)
		at org.apache.el.lang.ELSupport.equals(ELSupport.java:169)
		at org.apache.el.parser.AstEqual.getValue(AstEqual.java:38)
		at org.apache.el.parser.AstChoice.getValue(AstChoice.java:43)
		at org.apache.el.ValueExpressionImpl.getValue(ValueExpressionImpl.java:169)
		at org.apache.jasper.runtime.PageContextImpl.proprietaryEvaluate(PageContextImpl.java:690)
		at org.apache.jsp.productos_jsp._jspx_meth_c_005fforEach_005f0(productos_jsp.java:352)
		at org.apache.jsp.productos_jsp._jspService(productos_jsp.java:229)
		at org.apache.jasper.runtime.HttpJspBase.service(HttpJspBase.java:67)
		at javax.servlet.http.HttpServlet.service(HttpServlet.java:623)
		at org.apache.jasper.servlet.JspServletWrapper.service(JspServletWrapper.java:466)
		at org.apache.jasper.servlet.JspServlet.serviceJspFile(JspServlet.java:376)
		at org.apache.jasper.servlet.JspServlet.service(JspServlet.java:324)
		at javax.servlet.http.HttpServlet.service(HttpServlet.java:623)
		at org.apache.catalina.core.ApplicationFilterChain.internalDoFilter(ApplicationFilterChain.java:199)
		at org.apache.catalina.core.ApplicationFilterChain.doFilter(ApplicationFilterChain.java:144)
		at org.apache.tomcat.websocket.server.WsFilter.doFilter(WsFilter.java:51)
		at org.apache.catalina.core.ApplicationFilterChain.internalDoFilter(ApplicationFilterChain.java:168)
		at org.apache.catalina.core.ApplicationFilterChain.doFilter(ApplicationFilterChain.java:144)
		at org.apache.catalina.core.ApplicationDispatcher.invoke(ApplicationDispatcher.java:641)
		at org.apache.catalina.core.ApplicationDispatcher.processRequest(ApplicationDispatcher.java:415)
		at org.apache.catalina.core.ApplicationDispatcher.doForward(ApplicationDispatcher.java:347)
		at org.apache.catalina.core.ApplicationDispatcher.forward(ApplicationDispatcher.java:284)
		at pe.edu.vallegrande.controller.ProductController.listarProductos(ProductController.java:222)
		at pe.edu.vallegrande.controller.ProductController.service(ProductController.java:42)
		at javax.servlet.http.HttpServlet.service(HttpServlet.java:623)
		at org.apache.catalina.core.ApplicationFilterChain.internalDoFilter(ApplicationFilterChain.java:199)
		at org.apache.catalina.core.ApplicationFilterChain.doFilter(ApplicationFilterChain.java:144)
		at org.apache.tomcat.websocket.server.WsFilter.doFilter(WsFilter.java:51)
		at org.apache.catalina.core.ApplicationFilterChain.internalDoFilter(ApplicationFilterChain.java:168)
		at org.apache.catalina.core.ApplicationFilterChain.doFilter(ApplicationFilterChain.java:144)
		at org.apache.catalina.core.StandardWrapperValve.invoke(StandardWrapperValve.java:168)
		at org.apache.catalina.core.StandardContextValve.invoke(StandardContextValve.java:90)
		at org.apache.catalina.authenticator.AuthenticatorBase.invoke(AuthenticatorBase.java:482)
		at org.apache.catalina.core.StandardHostValve.invoke(StandardHostValve.java:130)
		at org.apache.catalina.valves.ErrorReportValve.invoke(ErrorReportValve.java:93)
		at org.apache.catalina.valves.AbstractAccessLogValve.invoke(AbstractAccessLogValve.java:660)
		at org.apache.catalina.core.StandardEngineValve.invoke(StandardEngineValve.java:74)
		at org.apache.catalina.connector.CoyoteAdapter.service(CoyoteAdapter.java:346)
		at org.apache.coyote.http11.Http11Processor.service(Http11Processor.java:383)
		at org.apache.coyote.AbstractProcessorLight.process(AbstractProcessorLight.java:63)
		at org.apache.coyote.AbstractProtocol$ConnectionHandler.process(AbstractProtocol.java:936)
		at org.apache.tomcat.util.net.NioEndpoint$SocketProcessor.doRun(NioEndpoint.java:1791)
		at org.apache.tomcat.util.net.SocketProcessorBase.run(SocketProcessorBase.java:52)
		at org.apache.tomcat.util.threads.ThreadPoolExecutor.runWorker(ThreadPoolExecutor.java:1190)
		at org.apache.tomcat.util.threads.ThreadPoolExecutor$Worker.run(ThreadPoolExecutor.java:659)
		at org.apache.tomcat.util.threads.TaskThread$WrappingRunnable.run(TaskThread.java:63)
		at java.base/java.lang.Thread.run(Thread.java:842)
25-Oct-2024 22:00:52.048 SEVERE [http-nio-8080-exec-9] org.apache.catalina.core.StandardWrapperValve.invoke El Servlet.service() para el servlet [pe.edu.vallegrande.controller.ProductController] en el contexto con ruta [/T03_BodegaLaEsquinita_P] lanzó la excepción [Ha sucedido una excepción al procesar la página JSP [/productos.jsp] en línea [113]

110:                         <td>${producto.stock}</td>
111:                         <td>${producto.price}</td>
112:                         <td>${producto.expirationDate}</td>
113:                         <td>${producto.status == 'A' ? 'Activo' : 'Inactivo'}</td>
114:                         <td>${producto.codeProduct}</td>
115:                         <td>
116:                             <a href="editarProduct?id=${producto.id}" class="btn btn-primary">Editar</a>


Stacktrace:] con causa raíz
	javax.el.ELException: No puedo convertir [A] desde tipo [class java.lang.String] a [class java.lang.Long]
		at org.apache.el.lang.ELSupport.coerceToNumber(ELSupport.java:396)
		at org.apache.el.lang.ELSupport.coerceToNumber(ELSupport.java:375)
		at org.apache.el.lang.ELSupport.equals(ELSupport.java:169)
		at org.apache.el.parser.AstEqual.getValue(AstEqual.java:38)
		at org.apache.el.parser.AstChoice.getValue(AstChoice.java:43)
		at org.apache.el.ValueExpressionImpl.getValue(ValueExpressionImpl.java:169)
		at org.apache.jasper.runtime.PageContextImpl.proprietaryEvaluate(PageContextImpl.java:690)
		at org.apache.jsp.productos_jsp._jspx_meth_c_005fforEach_005f0(productos_jsp.java:352)
		at org.apache.jsp.productos_jsp._jspService(productos_jsp.java:229)
		at org.apache.jasper.runtime.HttpJspBase.service(HttpJspBase.java:67)
		at javax.servlet.http.HttpServlet.service(HttpServlet.java:623)
		at org.apache.jasper.servlet.JspServletWrapper.service(JspServletWrapper.java:466)
		at org.apache.jasper.servlet.JspServlet.serviceJspFile(JspServlet.java:376)
		at org.apache.jasper.servlet.JspServlet.service(JspServlet.java:324)
		at javax.servlet.http.HttpServlet.service(HttpServlet.java:623)
		at org.apache.catalina.core.ApplicationFilterChain.internalDoFilter(ApplicationFilterChain.java:199)
		at org.apache.catalina.core.ApplicationFilterChain.doFilter(ApplicationFilterChain.java:144)
		at org.apache.tomcat.websocket.server.WsFilter.doFilter(WsFilter.java:51)
		at org.apache.catalina.core.ApplicationFilterChain.internalDoFilter(ApplicationFilterChain.java:168)
		at org.apache.catalina.core.ApplicationFilterChain.doFilter(ApplicationFilterChain.java:144)
		at org.apache.catalina.core.ApplicationDispatcher.invoke(ApplicationDispatcher.java:641)
		at org.apache.catalina.core.ApplicationDispatcher.processRequest(ApplicationDispatcher.java:415)
		at org.apache.catalina.core.ApplicationDispatcher.doForward(ApplicationDispatcher.java:347)
		at org.apache.catalina.core.ApplicationDispatcher.forward(ApplicationDispatcher.java:284)
		at pe.edu.vallegrande.controller.ProductController.listarProductos(ProductController.java:222)
		at pe.edu.vallegrande.controller.ProductController.service(ProductController.java:42)
		at javax.servlet.http.HttpServlet.service(HttpServlet.java:623)
		at org.apache.catalina.core.ApplicationFilterChain.internalDoFilter(ApplicationFilterChain.java:199)
		at org.apache.catalina.core.ApplicationFilterChain.doFilter(ApplicationFilterChain.java:144)
		at org.apache.tomcat.websocket.server.WsFilter.doFilter(WsFilter.java:51)
		at org.apache.catalina.core.ApplicationFilterChain.internalDoFilter(ApplicationFilterChain.java:168)
		at org.apache.catalina.core.ApplicationFilterChain.doFilter(ApplicationFilterChain.java:144)
		at org.apache.catalina.core.StandardWrapperValve.invoke(StandardWrapperValve.java:168)
		at org.apache.catalina.core.StandardContextValve.invoke(StandardContextValve.java:90)
		at org.apache.catalina.authenticator.AuthenticatorBase.invoke(AuthenticatorBase.java:482)
		at org.apache.catalina.core.StandardHostValve.invoke(StandardHostValve.java:130)
		at org.apache.catalina.valves.ErrorReportValve.invoke(ErrorReportValve.java:93)
		at org.apache.catalina.valves.AbstractAccessLogValve.invoke(AbstractAccessLogValve.java:660)
		at org.apache.catalina.core.StandardEngineValve.invoke(StandardEngineValve.java:74)
		at org.apache.catalina.connector.CoyoteAdapter.service(CoyoteAdapter.java:346)
		at org.apache.coyote.http11.Http11Processor.service(Http11Processor.java:383)
		at org.apache.coyote.AbstractProcessorLight.process(AbstractProcessorLight.java:63)
		at org.apache.coyote.AbstractProtocol$ConnectionHandler.process(AbstractProtocol.java:936)
		at org.apache.tomcat.util.net.NioEndpoint$SocketProcessor.doRun(NioEndpoint.java:1791)
		at org.apache.tomcat.util.net.SocketProcessorBase.run(SocketProcessorBase.java:52)
		at org.apache.tomcat.util.threads.ThreadPoolExecutor.runWorker(ThreadPoolExecutor.java:1190)
		at org.apache.tomcat.util.threads.ThreadPoolExecutor$Worker.run(ThreadPoolExecutor.java:659)
		at org.apache.tomcat.util.threads.TaskThread$WrappingRunnable.run(TaskThread.java:63)
		at java.base/java.lang.Thread.run(Thread.java:842)
25-Oct-2024 22:03:58.633 SEVERE [http-nio-8080-exec-1] org.apache.catalina.core.ApplicationDispatcher.invoke El Servlet.service() para servlet [jsp] lanzó una excepción
	javax.el.ELException: No puedo convertir [A] desde tipo [class java.lang.String] a [class java.lang.Long]
		at org.apache.el.lang.ELSupport.coerceToNumber(ELSupport.java:396)
		at org.apache.el.lang.ELSupport.coerceToNumber(ELSupport.java:375)
		at org.apache.el.lang.ELSupport.equals(ELSupport.java:169)
		at org.apache.el.parser.AstEqual.getValue(AstEqual.java:38)
		at org.apache.el.parser.AstChoice.getValue(AstChoice.java:43)
		at org.apache.el.ValueExpressionImpl.getValue(ValueExpressionImpl.java:169)
		at org.apache.jasper.runtime.PageContextImpl.proprietaryEvaluate(PageContextImpl.java:690)
		at org.apache.jsp.productos_jsp._jspx_meth_c_005fforEach_005f0(productos_jsp.java:352)
		at org.apache.jsp.productos_jsp._jspService(productos_jsp.java:229)
		at org.apache.jasper.runtime.HttpJspBase.service(HttpJspBase.java:67)
		at javax.servlet.http.HttpServlet.service(HttpServlet.java:623)
		at org.apache.jasper.servlet.JspServletWrapper.service(JspServletWrapper.java:466)
		at org.apache.jasper.servlet.JspServlet.serviceJspFile(JspServlet.java:376)
		at org.apache.jasper.servlet.JspServlet.service(JspServlet.java:324)
		at javax.servlet.http.HttpServlet.service(HttpServlet.java:623)
		at org.apache.catalina.core.ApplicationFilterChain.internalDoFilter(ApplicationFilterChain.java:199)
		at org.apache.catalina.core.ApplicationFilterChain.doFilter(ApplicationFilterChain.java:144)
		at org.apache.tomcat.websocket.server.WsFilter.doFilter(WsFilter.java:51)
		at org.apache.catalina.core.ApplicationFilterChain.internalDoFilter(ApplicationFilterChain.java:168)
		at org.apache.catalina.core.ApplicationFilterChain.doFilter(ApplicationFilterChain.java:144)
		at org.apache.catalina.core.ApplicationDispatcher.invoke(ApplicationDispatcher.java:641)
		at org.apache.catalina.core.ApplicationDispatcher.processRequest(ApplicationDispatcher.java:415)
		at org.apache.catalina.core.ApplicationDispatcher.doForward(ApplicationDispatcher.java:347)
		at org.apache.catalina.core.ApplicationDispatcher.forward(ApplicationDispatcher.java:284)
		at pe.edu.vallegrande.controller.ProductController.listarProductos(ProductController.java:222)
		at pe.edu.vallegrande.controller.ProductController.service(ProductController.java:42)
		at javax.servlet.http.HttpServlet.service(HttpServlet.java:623)
		at org.apache.catalina.core.ApplicationFilterChain.internalDoFilter(ApplicationFilterChain.java:199)
		at org.apache.catalina.core.ApplicationFilterChain.doFilter(ApplicationFilterChain.java:144)
		at org.apache.tomcat.websocket.server.WsFilter.doFilter(WsFilter.java:51)
		at org.apache.catalina.core.ApplicationFilterChain.internalDoFilter(ApplicationFilterChain.java:168)
		at org.apache.catalina.core.ApplicationFilterChain.doFilter(ApplicationFilterChain.java:144)
		at org.apache.catalina.core.StandardWrapperValve.invoke(StandardWrapperValve.java:168)
		at org.apache.catalina.core.StandardContextValve.invoke(StandardContextValve.java:90)
		at org.apache.catalina.authenticator.AuthenticatorBase.invoke(AuthenticatorBase.java:482)
		at org.apache.catalina.core.StandardHostValve.invoke(StandardHostValve.java:130)
		at org.apache.catalina.valves.ErrorReportValve.invoke(ErrorReportValve.java:93)
		at org.apache.catalina.valves.AbstractAccessLogValve.invoke(AbstractAccessLogValve.java:660)
		at org.apache.catalina.core.StandardEngineValve.invoke(StandardEngineValve.java:74)
		at org.apache.catalina.connector.CoyoteAdapter.service(CoyoteAdapter.java:346)
		at org.apache.coyote.http11.Http11Processor.service(Http11Processor.java:383)
		at org.apache.coyote.AbstractProcessorLight.process(AbstractProcessorLight.java:63)
		at org.apache.coyote.AbstractProtocol$ConnectionHandler.process(AbstractProtocol.java:936)
		at org.apache.tomcat.util.net.NioEndpoint$SocketProcessor.doRun(NioEndpoint.java:1791)
		at org.apache.tomcat.util.net.SocketProcessorBase.run(SocketProcessorBase.java:52)
		at org.apache.tomcat.util.threads.ThreadPoolExecutor.runWorker(ThreadPoolExecutor.java:1190)
		at org.apache.tomcat.util.threads.ThreadPoolExecutor$Worker.run(ThreadPoolExecutor.java:659)
		at org.apache.tomcat.util.threads.TaskThread$WrappingRunnable.run(TaskThread.java:63)
		at java.base/java.lang.Thread.run(Thread.java:842)
25-Oct-2024 22:03:58.634 SEVERE [http-nio-8080-exec-1] org.apache.catalina.core.StandardWrapperValve.invoke El Servlet.service() para el servlet [pe.edu.vallegrande.controller.ProductController] en el contexto con ruta [/T03_BodegaLaEsquinita_P] lanzó la excepción [Ha sucedido una excepción al procesar la página JSP [/productos.jsp] en línea [113]

110:                         <td>${producto.stock}</td>
111:                         <td>${producto.price}</td>
112:                         <td>${producto.expirationDate}</td>
113:                         <td>${producto.status == 'A' ? 'Activo' : 'Inactivo'}</td>
114:                         <td>${producto.codeProduct}</td>
115:                         <td>
116:                             <a href="editarProduct?id=${producto.id}" class="btn btn-primary">Editar</a>


Stacktrace:] con causa raíz
	javax.el.ELException: No puedo convertir [A] desde tipo [class java.lang.String] a [class java.lang.Long]
		at org.apache.el.lang.ELSupport.coerceToNumber(ELSupport.java:396)
		at org.apache.el.lang.ELSupport.coerceToNumber(ELSupport.java:375)
		at org.apache.el.lang.ELSupport.equals(ELSupport.java:169)
		at org.apache.el.parser.AstEqual.getValue(AstEqual.java:38)
		at org.apache.el.parser.AstChoice.getValue(AstChoice.java:43)
		at org.apache.el.ValueExpressionImpl.getValue(ValueExpressionImpl.java:169)
		at org.apache.jasper.runtime.PageContextImpl.proprietaryEvaluate(PageContextImpl.java:690)
		at org.apache.jsp.productos_jsp._jspx_meth_c_005fforEach_005f0(productos_jsp.java:352)
		at org.apache.jsp.productos_jsp._jspService(productos_jsp.java:229)
		at org.apache.jasper.runtime.HttpJspBase.service(HttpJspBase.java:67)
		at javax.servlet.http.HttpServlet.service(HttpServlet.java:623)
		at org.apache.jasper.servlet.JspServletWrapper.service(JspServletWrapper.java:466)
		at org.apache.jasper.servlet.JspServlet.serviceJspFile(JspServlet.java:376)
		at org.apache.jasper.servlet.JspServlet.service(JspServlet.java:324)
		at javax.servlet.http.HttpServlet.service(HttpServlet.java:623)
		at org.apache.catalina.core.ApplicationFilterChain.internalDoFilter(ApplicationFilterChain.java:199)
		at org.apache.catalina.core.ApplicationFilterChain.doFilter(ApplicationFilterChain.java:144)
		at org.apache.tomcat.websocket.server.WsFilter.doFilter(WsFilter.java:51)
		at org.apache.catalina.core.ApplicationFilterChain.internalDoFilter(ApplicationFilterChain.java:168)
		at org.apache.catalina.core.ApplicationFilterChain.doFilter(ApplicationFilterChain.java:144)
		at org.apache.catalina.core.ApplicationDispatcher.invoke(ApplicationDispatcher.java:641)
		at org.apache.catalina.core.ApplicationDispatcher.processRequest(ApplicationDispatcher.java:415)
		at org.apache.catalina.core.ApplicationDispatcher.doForward(ApplicationDispatcher.java:347)
		at org.apache.catalina.core.ApplicationDispatcher.forward(ApplicationDispatcher.java:284)
		at pe.edu.vallegrande.controller.ProductController.listarProductos(ProductController.java:222)
		at pe.edu.vallegrande.controller.ProductController.service(ProductController.java:42)
		at javax.servlet.http.HttpServlet.service(HttpServlet.java:623)
		at org.apache.catalina.core.ApplicationFilterChain.internalDoFilter(ApplicationFilterChain.java:199)
		at org.apache.catalina.core.ApplicationFilterChain.doFilter(ApplicationFilterChain.java:144)
		at org.apache.tomcat.websocket.server.WsFilter.doFilter(WsFilter.java:51)
		at org.apache.catalina.core.ApplicationFilterChain.internalDoFilter(ApplicationFilterChain.java:168)
		at org.apache.catalina.core.ApplicationFilterChain.doFilter(ApplicationFilterChain.java:144)
		at org.apache.catalina.core.StandardWrapperValve.invoke(StandardWrapperValve.java:168)
		at org.apache.catalina.core.StandardContextValve.invoke(StandardContextValve.java:90)
		at org.apache.catalina.authenticator.AuthenticatorBase.invoke(AuthenticatorBase.java:482)
		at org.apache.catalina.core.StandardHostValve.invoke(StandardHostValve.java:130)
		at org.apache.catalina.valves.ErrorReportValve.invoke(ErrorReportValve.java:93)
		at org.apache.catalina.valves.AbstractAccessLogValve.invoke(AbstractAccessLogValve.java:660)
		at org.apache.catalina.core.StandardEngineValve.invoke(StandardEngineValve.java:74)
		at org.apache.catalina.connector.CoyoteAdapter.service(CoyoteAdapter.java:346)
		at org.apache.coyote.http11.Http11Processor.service(Http11Processor.java:383)
		at org.apache.coyote.AbstractProcessorLight.process(AbstractProcessorLight.java:63)
		at org.apache.coyote.AbstractProtocol$ConnectionHandler.process(AbstractProtocol.java:936)
		at org.apache.tomcat.util.net.NioEndpoint$SocketProcessor.doRun(NioEndpoint.java:1791)
		at org.apache.tomcat.util.net.SocketProcessorBase.run(SocketProcessorBase.java:52)
		at org.apache.tomcat.util.threads.ThreadPoolExecutor.runWorker(ThreadPoolExecutor.java:1190)
		at org.apache.tomcat.util.threads.ThreadPoolExecutor$Worker.run(ThreadPoolExecutor.java:659)
		at org.apache.tomcat.util.threads.TaskThread$WrappingRunnable.run(TaskThread.java:63)
		at java.base/java.lang.Thread.run(Thread.java:842)
